run_index,seed,level,node,node_index,reqs_total,reqs_cold,reqs_warm,reqs_init_free,reqs_init_reserved,reqs_queued,reqs_reject,prob_cold,prob_reject,prob_warm,prob_queued,inst_count_avg,inst_running_count_avg,inst_idle_count_avg,inst_init_free_count_avg,inst_init_reserved_count_avg,inst_queued_jobs_count_avg,external_arrivals,internal_arrivals,graph_event_avg_cost,graph_time_avg_cost,response_time_count,response_time_avg,response_time_p50,response_time_p95,response_time_p99,response_time_max,response_time_warm_count,response_time_warm_avg,response_time_cold_count,response_time_cold_avg,response_time_queued_count,response_time_queued_avg,simulated_time,warm_service_rate,warm_service_mean_time,cold_service_rate,cold_service_mean_time,cold_start_rate,cold_start_mean_time,expiration_rate,expiration_mean_time,total_expected_warm_service_time,total_expected_cold_service_time,total_expected_cold_start_time,total_expected_expiration_time,status,error,run_dir,experiment_id,experiment_name,N,graph,config_path,dag_path,stdout_log,arrival_rate,warm_service,optimization,learn_mask,k_gamma,max_concurrency_values 
1,1,graph,ALL,,47202,848,47064,2678,138,710,0,0.0179653404516757,0.0,0.9970763950680056,0.0150417355196813,20.91210564412776,10.093539610015542,7.836144679802465,2.108679961983817,0.1541905807263427,0.7195508115995954,47202.0,0.0,135.16746,128.05207497376284,47192,2.191549179296309,1.4428512020117523,6.440947709715823,11.655549418805109,90.4646818623114,46344,2.01469823600542,138,12.82212272665496,710,11.66895899103928,9431.75987309699,0.5,2.0,100.0,0.01,0.0999999999999999,10.0,0.01,100.0,2.0,0.01,10.0,100.0,ok,,/opt/Projects/Soft2/NSGD/sanitycheck_sweep_run/logs/sanitycheck_sweep_json_N-1__arrival_rate-5__k_gamma-1-1-1__learn_mask-true-true-true__max_concurrency_values -50__optimization-adam__warm_service-0p5_arr5_20260526_101756,N-1__arrival_rate-5__k_gamma-1-1-1__learn_mask-true-true-true__max_concurrency_values -50__optimization-adam__warm_service-0p5,sanitycheck_sweep_json_N-1__arrival_rate-5__k_gamma-1-1-1__learn_mask-true-true-true__max_concurrency_values -50__optimization-adam__warm_service-0p5,1,A1,/opt/Projects/Soft2/NSGD/sanitycheck_sweep_run/configs/N-1__arrival_rate-5__k_gamma-1-1-1__learn_mask-true-true-true__max_concurrency_values -50__optimization-adam__warm_service-0p5/input_N01.json,/opt/Projects/Soft2/NSGD/sanitycheck_sweep_run/configs/N-1__arrival_rate-5__k_gamma-1-1-1__learn_mask-true-true-true__max_concurrency_values -50__optimization-adam__warm_service-0p5/DAG_N01.json,/opt/Projects/Soft2/NSGD/sanitycheck_sweep_run/logs/stdout/N-1__arrival_rate-5__k_gamma-1-1-1__learn_mask-true-true-true__max_concurrency_values -50__optimization-adam__warm_service-0p5.log,5,0.5,adam,"[true, true, true]","[1, 1, 1]",50
1,1,graph,ALL,,47202,848,47064,2678,138,710,0,0.0179653404516757,0.0,0.9970763950680056,0.0150417355196813,20.91210564412776,10.093539610015542,7.836144679802465,2.108679961983817,0.1541905807263427,0.7195508115995954,47202.0,0.0,135.16746,128.05207497376284,47192,2.191549179296309,1.4428512020117523,6.440947709715823,11.655549418805109,90.4646818623114,46344,2.01469823600542,138,12.82212272665496,710,11.66895899103928,9431.75987309699,0.5,2.0,100.0,0.01,0.0999999999999999,10.0,0.01,100.0,2.0,0.01,10.0,100.0,ok,,/opt/Projects/Soft2/NSGD/sanitycheck_sweep_run/logs/sanitycheck_sweep_json_N-1__arrival_rate-5__k_gamma-1-1-1__learn_mask-true-true-true__max_concurrency_values -5000000__optimization-adam__warm_service-0p5_arr5_20260526_101802,N-1__arrival_rate-5__k_gamma-1-1-1__learn_mask-true-true-true__max_concurrency_values -5000000__optimization-adam__warm_service-0p5,sanitycheck_sweep_json_N-1__arrival_rate-5__k_gamma-1-1-1__learn_mask-true-true-true__max_concurrency_values -5000000__optimization-adam__warm_service-0p5,1,A1,/opt/Projects/Soft2/NSGD/sanitycheck_sweep_run/configs/N-1__arrival_rate-5__k_gamma-1-1-1__learn_mask-true-true-true__max_concurrency_values -5000000__optimization-adam__warm_service-0p5/input_N01.json,/opt/Projects/Soft2/NSGD/sanitycheck_sweep_run/configs/N-1__arrival_rate-5__k_gamma-1-1-1__learn_mask-true-true-true__max_concurrency_values -5000000__optimization-adam__warm_service-0p5/DAG_N01.json,/opt/Projects/Soft2/NSGD/sanitycheck_sweep_run/logs/stdout/N-1__arrival_rate-5__k_gamma-1-1-1__learn_mask-true-true-true__max_concurrency_values -5000000__optimization-adam__warm_service-0p5.log,5,0.5,adam,"[true, true, true]","[1, 1, 1]",5000000
1,1,graph,ALL,,48073,1734,47163,1032,910,824,0,0.0360701433236952,0.0,0.9810704553491564,0.0171405986728517,18.543334582630923,10.099822128710269,6.437042373433876,0.2208073386127637,0.9006694323452955,0.8849933095287182,48073.0,0.0,224.25256,211.5725314654112,48060,2.3750533374219107,1.4816243340312667,7.080667814384808,15.287293155371346,109.52827563168194,46326,2.0167944922946672,910,11.505855556443288,824,12.432904356906404,9605.320513612502,0.5,2.0,100.0,0.01,0.1,10.0,0.01,100.0,2.0,0.01,10.0,100.0,ok,,/opt/Projects/Soft2/NSGD/sanitycheck_sweep_run/logs/sanitycheck_sweep_json_N-1__arrival_rate-5__k_gamma-1-1-1__learn_mask-false-false-false__max_concurrency_values -50__optimization-adam__warm_service-0p5_arr5_20260526_101808,N-1__arrival_rate-5__k_gamma-1-1-1__learn_mask-false-false-false__max_concurrency_values -50__optimization-adam__warm_service-0p5,sanitycheck_sweep_json_N-1__arrival_rate-5__k_gamma-1-1-1__learn_mask-false-false-false__max_concurrency_values -50__optimization-adam__warm_service-0p5,1,A1,/opt/Projects/Soft2/NSGD/sanitycheck_sweep_run/configs/N-1__arrival_rate-5__k_gamma-1-1-1__learn_mask-false-false-false__max_concurrency_values -50__optimization-adam__warm_service-0p5/input_N01.json,/opt/Projects/Soft2/NSGD/sanitycheck_sweep_run/configs/N-1__arrival_rate-5__k_gamma-1-1-1__learn_mask-false-false-false__max_concurrency_values -50__optimization-adam__warm_service-0p5/DAG_N01.json,/opt/Projects/Soft2/NSGD/sanitycheck_sweep_run/logs/stdout/N-1__arrival_rate-5__k_gamma-1-1-1__learn_mask-false-false-false__max_concurrency_values -50__optimization-adam__warm_service-0p5.log,5,0.5,adam,"[false, false, false]","[1, 1, 1]",50
1,1,graph,ALL,,48073,1734,47163,1032,910,824,0,0.0360701433236952,0.0,0.9810704553491564,0.0171405986728517,18.543334582630923,10.099822128710269,6.437042373433876,0.2208073386127637,0.9006694323452955,0.8849933095287182,48073.0,0.0,224.25256,211.5725314654112,48060,2.3750533374219107,1.4816243340312667,7.080667814384808,15.287293155371346,109.52827563168194,46326,2.0167944922946672,910,11.505855556443288,824,12.432904356906404,9605.320513612502,0.5,2.0,100.0,0.01,0.1,10.0,0.01,100.0,2.0,0.01,10.0,100.0,ok,,/opt/Projects/Soft2/NSGD/sanitycheck_sweep_run/logs/sanitycheck_sweep_json_N-1__arrival_rate-5__k_gamma-1-1-1__learn_mask-false-false-false__max_concurrency_values -5000000__optimization-adam__warm_service-0p5_arr5_20260526_101814,N-1__arrival_rate-5__k_gamma-1-1-1__learn_mask-false-false-false__max_concurrency_values -5000000__optimization-adam__warm_service-0p5,sanitycheck_sweep_json_N-1__arrival_rate-5__k_gamma-1-1-1__learn_mask-false-false-false__max_concurrency_values -5000000__optimization-adam__warm_service-0p5,1,A1,/opt/Projects/Soft2/NSGD/sanitycheck_sweep_run/configs/N-1__arrival_rate-5__k_gamma-1-1-1__learn_mask-false-false-false__max_concurrency_values -5000000__optimization-adam__warm_service-0p5/input_N01.json,/opt/Projects/Soft2/NSGD/sanitycheck_sweep_run/configs/N-1__arrival_rate-5__k_gamma-1-1-1__learn_mask-false-false-false__max_concurrency_values -5000000__optimization-adam__warm_service-0p5/DAG_N01.json,/opt/Projects/Soft2/NSGD/sanitycheck_sweep_run/logs/stdout/N-1__arrival_rate-5__k_gamma-1-1-1__learn_mask-false-false-false__max_concurrency_values -5000000__optimization-adam__warm_service-0p5.log,5,0.5,adam,"[false, false, false]","[1, 1, 1]",5000000
1,1,graph,ALL,,47333,593,47251,2604,82,511,0,0.0125282572412481,0.0,0.9982675934337566,0.0107958506750047,21.711382439570777,10.102111406083582,8.77054840586073,2.2032172057175257,0.0720120862041284,0.5634933357048114,47333.0,0.0,110.91065,105.3873635468301,47324,2.145866059078164,1.4358950727128104,6.302491409041299,10.7536662837093,78.87398822364139,46731,2.017892313922326,82,10.33421263592531,511,12.53509632439321,9458.911990257237,0.5,2.0,100.0,0.01,0.1,10.0,0.01,100.0,2.0,0.01,10.0,100.0,ok,,/opt/Projects/Soft2/NSGD/sanitycheck_sweep_run/logs/sanitycheck_sweep_json_N-1__arrival_rate-5__k_gamma-1-1-1__learn_mask-true-true-true__max_concurrency_values -50__optimization-RMSProp__warm_service-0p5_arr5_20260526_101821,N-1__arrival_rate-5__k_gamma-1-1-1__learn_mask-true-true-true__max_concurrency_values -50__optimization-RMSProp__warm_service-0p5,sanitycheck_sweep_json_N-1__arrival_rate-5__k_gamma-1-1-1__learn_mask-true-true-true__max_concurrency_values -50__optimization-RMSProp__warm_service-0p5,1,A1,/opt/Projects/Soft2/NSGD/sanitycheck_sweep_run/configs/N-1__arrival_rate-5__k_gamma-1-1-1__learn_mask-true-true-true__max_concurrency_values -50__optimization-RMSProp__warm_service-0p5/input_N01.json,/opt/Projects/Soft2/NSGD/sanitycheck_sweep_run/configs/N-1__arrival_rate-5__k_gamma-1-1-1__learn_mask-true-true-true__max_concurrency_values -50__optimization-RMSProp__warm_service-0p5/DAG_N01.json,/opt/Projects/Soft2/NSGD/sanitycheck_sweep_run/logs/stdout/N-1__arrival_rate-5__k_gamma-1-1-1__learn_mask-true-true-true__max_concurrency_values -50__optimization-RMSProp__warm_service-0p5.log,5,0.5,RMSProp,"[true, true, true]","[1, 1, 1]",50
1,1,graph,ALL,,47333,593,47251,2604,82,511,0,0.0125282572412481,0.0,0.9982675934337566,0.0107958506750047,21.711382439570777,10.102111406083582,8.77054840586073,2.2032172057175257,0.0720120862041284,0.5634933357048114,47333.0,0.0,110.91065,105.3873635468301,47324,2.145866059078164,1.4358950727128104,6.302491409041299,10.7536662837093,78.87398822364139,46731,2.017892313922326,82,10.33421263592531,511,12.53509632439321,9458.911990257237,0.5,2.0,100.0,0.01,0.1,10.0,0.01,100.0,2.0,0.01,10.0,100.0,ok,,/opt/Projects/Soft2/NSGD/sanitycheck_sweep_run/logs/sanitycheck_sweep_json_N-1__arrival_rate-5__k_gamma-1-1-1__learn_mask-true-true-true__max_concurrency_values -5000000__optimization-RMSProp__warm_service-0p5_arr5_20260526_101827,N-1__arrival_rate-5__k_gamma-1-1-1__learn_mask-true-true-true__max_concurrency_values -5000000__optimization-RMSProp__warm_service-0p5,sanitycheck_sweep_json_N-1__arrival_rate-5__k_gamma-1-1-1__learn_mask-true-true-true__max_concurrency_values -5000000__optimization-RMSProp__warm_service-0p5,1,A1,/opt/Projects/Soft2/NSGD/sanitycheck_sweep_run/configs/N-1__arrival_rate-5__k_gamma-1-1-1__learn_mask-true-true-true__max_concurrency_values -5000000__optimization-RMSProp__warm_service-0p5/input_N01.json,/opt/Projects/Soft2/NSGD/sanitycheck_sweep_run/configs/N-1__arrival_rate-5__k_gamma-1-1-1__learn_mask-true-true-true__max_concurrency_values -5000000__optimization-RMSProp__warm_service-0p5/DAG_N01.json,/opt/Projects/Soft2/NSGD/sanitycheck_sweep_run/logs/stdout/N-1__arrival_rate-5__k_gamma-1-1-1__learn_mask-true-true-true__max_concurrency_values -5000000__optimization-RMSProp__warm_service-0p5.log,5,0.5,RMSProp,"[true, true, true]","[1, 1, 1]",5000000
1,1,graph,ALL,,48073,1734,47163,1032,910,824,0,0.0360701433236952,0.0,0.9810704553491564,0.0171405986728517,18.543334582630923,10.099822128710269,6.437042373433876,0.2208073386127637,0.9006694323452955,0.8849933095287182,48073.0,0.0,224.25256,211.5725314654112,48060,2.3750533374219107,1.4816243340312667,7.080667814384808,15.287293155371346,109.52827563168194,46326,2.0167944922946672,910,11.505855556443288,824,12.432904356906404,9605.320513612502,0.5,2.0,100.0,0.01,0.1,10.0,0.01,100.0,2.0,0.01,10.0,100.0,ok,,/opt/Projects/Soft2/NSGD/sanitycheck_sweep_run/logs/sanitycheck_sweep_json_N-1__arrival_rate-5__k_gamma-1-1-1__learn_mask-false-false-false__max_concurrency_values -50__optimization-RMSProp__warm_service-0p5_arr5_20260526_101834,N-1__arrival_rate-5__k_gamma-1-1-1__learn_mask-false-false-false__max_concurrency_values -50__optimization-RMSProp__warm_service-0p5,sanitycheck_sweep_json_N-1__arrival_rate-5__k_gamma-1-1-1__learn_mask-false-false-false__max_concurrency_values -50__optimization-RMSProp__warm_service-0p5,1,A1,/opt/Projects/Soft2/NSGD/sanitycheck_sweep_run/configs/N-1__arrival_rate-5__k_gamma-1-1-1__learn_mask-false-false-false__max_concurrency_values -50__optimization-RMSProp__warm_service-0p5/input_N01.json,/opt/Projects/Soft2/NSGD/sanitycheck_sweep_run/configs/N-1__arrival_rate-5__k_gamma-1-1-1__learn_mask-false-false-false__max_concurrency_values -50__optimization-RMSProp__warm_service-0p5/DAG_N01.json,/opt/Projects/Soft2/NSGD/sanitycheck_sweep_run/logs/stdout/N-1__arrival_rate-5__k_gamma-1-1-1__learn_mask-false-false-false__max_concurrency_values -50__optimization-RMSProp__warm_service-0p5.log,5,0.5,RMSProp,"[false, false, false]","[1, 1, 1]",50
1,1,graph,ALL,,48073,1734,47163,1032,910,824,0,0.0360701433236952,0.0,0.9810704553491564,0.0171405986728517,18.543334582630923,10.099822128710269,6.437042373433876,0.2208073386127637,0.9006694323452955,0.8849933095287182,48073.0,0.0,224.25256,211.5725314654112,48060,2.3750533374219107,1.4816243340312667,7.080667814384808,15.287293155371346,109.52827563168194,46326,2.0167944922946672,910,11.505855556443288,824,12.432904356906404,9605.320513612502,0.5,2.0,100.0,0.01,0.1,10.0,0.01,100.0,2.0,0.01,10.0,100.0,ok,,/opt/Projects/Soft2/NSGD/sanitycheck_sweep_run/logs/sanitycheck_sweep_json_N-1__arrival_rate-5__k_gamma-1-1-1__learn_mask-false-false-false__max_concurrency_values -5000000__optimization-RMSProp__warm_service-0p5_arr5_20260526_101840,N-1__arrival_rate-5__k_gamma-1-1-1__learn_mask-false-false-false__max_concurrency_values -5000000__optimization-RMSProp__warm_service-0p5,sanitycheck_sweep_json_N-1__arrival_rate-5__k_gamma-1-1-1__learn_mask-false-false-false__max_concurrency_values -5000000__optimization-RMSProp__warm_service-0p5,1,A1,/opt/Projects/Soft2/NSGD/sanitycheck_sweep_run/configs/N-1__arrival_rate-5__k_gamma-1-1-1__learn_mask-false-false-false__max_concurrency_values -5000000__optimization-RMSProp__warm_service-0p5/input_N01.json,/opt/Projects/Soft2/NSGD/sanitycheck_sweep_run/configs/N-1__arrival_rate-5__k_gamma-1-1-1__learn_mask-false-false-false__max_concurrency_values -5000000__optimization-RMSProp__warm_service-0p5/DAG_N01.json,/opt/Projects/Soft2/NSGD/sanitycheck_sweep_run/logs/stdout/N-1__arrival_rate-5__k_gamma-1-1-1__learn_mask-false-false-false__max_concurrency_values -5000000__optimization-RMSProp__warm_service-0p5.log,5,0.5,RMSProp,"[false, false, false]","[1, 1, 1]",5000000
1,1,graph,ALL,,47922,1915,46450,637,1469,446,0,0.0399607695839071,0.0,0.969283418889028,0.0093067902007428,26.125462729218047,16.815162825478165,7.129724896137491,0.1990381037795159,1.522809007873372,0.458727895949506,47922.0,0.0,254.31776,240.13117803804667,47899,3.758589732591406,2.475334122693312,11.318763827497332,20.467563756715982,119.46523003659786,45987,3.358622096952853,1469,13.363047612640564,443,13.42983811705622,9581.14061751975,0.3,3.333333333333333,100.0,0.01,0.0999999999999999,10.0,0.01,100.0,3.333333333333333,0.01,10.0,100.0,ok,,/opt/Projects/Soft2/NSGD/sanitycheck_sweep_run/logs/sanitycheck_sweep_json_N-1__arrival_rate-5__k_gamma-1-1-1__learn_mask-true-true-true__max_concurrency_values -50__optimization-adam__warm_service-0p3_arr5_20260526_101846,N-1__arrival_rate-5__k_gamma-1-1-1__learn_mask-true-true-true__max_concurrency_values -50__optimization-adam__warm_service-0p3,sanitycheck_sweep_json_N-1__arrival_rate-5__k_gamma-1-1-1__learn_mask-true-true-true__max_concurrency_values -50__optimization-adam__warm_service-0p3,1,A1,/opt/Projects/Soft2/NSGD/sanitycheck_sweep_run/configs/N-1__arrival_rate-5__k_gamma-1-1-1__learn_mask-true-true-true__max_concurrency_values -50__optimization-adam__warm_service-0p3/input_N01.json,/opt/Projects/Soft2/NSGD/sanitycheck_sweep_run/configs/N-1__arrival_rate-5__k_gamma-1-1-1__learn_mask-true-true-true__max_concurrency_values -50__optimization-adam__warm_service-0p3/DAG_N01.json,/opt/Projects/Soft2/NSGD/sanitycheck_sweep_run/logs/stdout/N-1__arrival_rate-5__k_gamma-1-1-1__learn_mask-true-true-true__max_concurrency_values -50__optimization-adam__warm_service-0p3.log,5,0.3,adam,"[true, true, true]","[1, 1, 1]",50
1,1,graph,ALL,,47922,1915,46450,637,1469,446,0,0.0399607695839071,0.0,0.969283418889028,0.0093067902007428,26.125462729218047,16.815162825478165,7.129724896137491,0.1990381037795159,1.522809007873372,0.458727895949506,47922.0,0.0,254.31776,240.13117803804667,47899,3.758589732591406,2.475334122693312,11.318763827497332,20.467563756715982,119.46523003659786,45987,3.358622096952853,1469,13.363047612640564,443,13.42983811705622,9581.14061751975,0.3,3.333333333333333,100.0,0.01,0.0999999999999999,10.0,0.01,100.0,3.333333333333333,0.01,10.0,100.0,ok,,/opt/Projects/Soft2/NSGD/sanitycheck_sweep_run/logs/sanitycheck_sweep_json_N-1__arrival_rate-5__k_gamma-1-1-1__learn_mask-true-true-true__max_concurrency_values -5000000__optimization-adam__warm_service-0p3_arr5_20260526_101853,N-1__arrival_rate-5__k_gamma-1-1-1__learn_mask-true-true-true__max_concurrency_values -5000000__optimization-adam__warm_service-0p3,sanitycheck_sweep_json_N-1__arrival_rate-5__k_gamma-1-1-1__learn_mask-true-true-true__max_concurrency_values -5000000__optimization-adam__warm_service-0p3,1,A1,/opt/Projects/Soft2/NSGD/sanitycheck_sweep_run/configs/N-1__arrival_rate-5__k_gamma-1-1-1__learn_mask-true-true-true__max_concurrency_values -5000000__optimization-adam__warm_service-0p3/input_N01.json,/opt/Projects/Soft2/NSGD/sanitycheck_sweep_run/configs/N-1__arrival_rate-5__k_gamma-1-1-1__learn_mask-true-true-true__max_concurrency_values -5000000__optimization-adam__warm_service-0p3/DAG_N01.json,/opt/Projects/Soft2/NSGD/sanitycheck_sweep_run/logs/stdout/N-1__arrival_rate-5__k_gamma-1-1-1__learn_mask-true-true-true__max_concurrency_values -5000000__optimization-adam__warm_service-0p3.log,5,0.3,adam,"[true, true, true]","[1, 1, 1]",5000000
1,1,graph,ALL,,47889,1917,46881,1125,1008,909,0,0.0400300695358015,0.0,0.9789513249389212,0.0189813944747227,26.1470371101973,16.794501112899578,7.13875789456935,0.2125931745268092,1.0078283099226502,0.9933566182789104,47889.0,0.0,254.735,242.2594002358354,47872,3.758100949835637,2.4808987759799948,11.292163181581053,20.64840589711189,109.70430463956107,45956,3.3625188293431,1007,12.830607361958164,909,13.706789588281897,9576.04695986848,0.3,3.333333333333333,100.0,0.01,0.1,10.0,0.01,100.0,3.333333333333333,0.01,10.0,100.0,ok,,/opt/Projects/Soft2/NSGD/sanitycheck_sweep_run/logs/sanitycheck_sweep_json_N-1__arrival_rate-5__k_gamma-1-1-1__learn_mask-false-false-false__max_concurrency_values -50__optimization-adam__warm_service-0p3_arr5_20260526_101859,N-1__arrival_rate-5__k_gamma-1-1-1__learn_mask-false-false-false__max_concurrency_values -50__optimization-adam__warm_service-0p3,sanitycheck_sweep_json_N-1__arrival_rate-5__k_gamma-1-1-1__learn_mask-false-false-false__max_concurrency_values -50__optimization-adam__warm_service-0p3,1,A1,/opt/Projects/Soft2/NSGD/sanitycheck_sweep_run/configs/N-1__arrival_rate-5__k_gamma-1-1-1__learn_mask-false-false-false__max_concurrency_values -50__optimization-adam__warm_service-0p3/input_N01.json,/opt/Projects/Soft2/NSGD/sanitycheck_sweep_run/configs/N-1__arrival_rate-5__k_gamma-1-1-1__learn_mask-false-false-false__max_concurrency_values -50__optimization-adam__warm_service-0p3/DAG_N01.json,/opt/Projects/Soft2/NSGD/sanitycheck_sweep_run/logs/stdout/N-1__arrival_rate-5__k_gamma-1-1-1__learn_mask-false-false-false__max_concurrency_values -50__optimization-adam__warm_service-0p3.log,5,0.3,adam,"[false, false, false]","[1, 1, 1]",50
1,1,graph,ALL,,47889,1917,46881,1125,1008,909,0,0.0400300695358015,0.0,0.9789513249389212,0.0189813944747227,26.1470371101973,16.794501112899578,7.13875789456935,0.2125931745268092,1.0078283099226502,0.9933566182789104,47889.0,0.0,254.735,242.2594002358354,47872,3.758100949835637,2.4808987759799948,11.292163181581053,20.64840589711189,109.70430463956107,45956,3.3625188293431,1007,12.830607361958164,909,13.706789588281897,9576.04695986848,0.3,3.333333333333333,100.0,0.01,0.1,10.0,0.01,100.0,3.333333333333333,0.01,10.0,100.0,ok,,/opt/Projects/Soft2/NSGD/sanitycheck_sweep_run/logs/sanitycheck_sweep_json_N-1__arrival_rate-5__k_gamma-1-1-1__learn_mask-false-false-false__max_concurrency_values -5000000__optimization-adam__warm_service-0p3_arr5_20260526_101905,N-1__arrival_rate-5__k_gamma-1-1-1__learn_mask-false-false-false__max_concurrency_values -5000000__optimization-adam__warm_service-0p3,sanitycheck_sweep_json_N-1__arrival_rate-5__k_gamma-1-1-1__learn_mask-false-false-false__max_concurrency_values -5000000__optimization-adam__warm_service-0p3,1,A1,/opt/Projects/Soft2/NSGD/sanitycheck_sweep_run/configs/N-1__arrival_rate-5__k_gamma-1-1-1__learn_mask-false-false-false__max_concurrency_values -5000000__optimization-adam__warm_service-0p3/input_N01.json,/opt/Projects/Soft2/NSGD/sanitycheck_sweep_run/configs/N-1__arrival_rate-5__k_gamma-1-1-1__learn_mask-false-false-false__max_concurrency_values -5000000__optimization-adam__warm_service-0p3/DAG_N01.json,/opt/Projects/Soft2/NSGD/sanitycheck_sweep_run/logs/stdout/N-1__arrival_rate-5__k_gamma-1-1-1__learn_mask-false-false-false__max_concurrency_values -5000000__optimization-adam__warm_service-0p3.log,5,0.3,adam,"[false, false, false]","[1, 1, 1]",5000000
1,1,graph,ALL,,47594,1401,47140,1971,454,947,0,0.0294364835903685,0.0,0.9904609824767828,0.0198974660671513,27.16526786217576,16.79688046576653,7.828889683657479,1.0664502279410633,0.4638099277498968,1.0092375570607837,47594.0,0.0,202.76257,192.45689687790804,47579,3.6525932308692313,2.44066984422534,10.930385653428448,19.12911795383536,108.70356744976652,46178,3.356543142218183,454,13.216970369880864,947,13.503463106916591,9514.437114577577,0.3,3.333333333333333,100.0,0.01,0.1,10.0,0.01,100.0,3.333333333333333,0.01,10.0,100.0,ok,,/opt/Projects/Soft2/NSGD/sanitycheck_sweep_run/logs/sanitycheck_sweep_json_N-1__arrival_rate-5__k_gamma-1-1-1__learn_mask-true-true-true__max_concurrency_values -50__optimization-RMSProp__warm_service-0p3_arr5_20260526_101912,N-1__arrival_rate-5__k_gamma-1-1-1__learn_mask-true-true-true__max_concurrency_values -50__optimization-RMSProp__warm_service-0p3,sanitycheck_sweep_json_N-1__arrival_rate-5__k_gamma-1-1-1__learn_mask-true-true-true__max_concurrency_values -50__optimization-RMSProp__warm_service-0p3,1,A1,/opt/Projects/Soft2/NSGD/sanitycheck_sweep_run/configs/N-1__arrival_rate-5__k_gamma-1-1-1__learn_mask-true-true-true__max_concurrency_values -50__optimization-RMSProp__warm_service-0p3/input_N01.json,/opt/Projects/Soft2/NSGD/sanitycheck_sweep_run/configs/N-1__arrival_rate-5__k_gamma-1-1-1__learn_mask-true-true-true__max_concurrency_values -50__optimization-RMSProp__warm_service-0p3/DAG_N01.json,/opt/Projects/Soft2/NSGD/sanitycheck_sweep_run/logs/stdout/N-1__arrival_rate-5__k_gamma-1-1-1__learn_mask-true-true-true__max_concurrency_values -50__optimization-RMSProp__warm_service-0p3.log,5,0.3,RMSProp,"[true, true, true]","[1, 1, 1]",50
1,1,graph,ALL,,47594,1401,47140,1971,454,947,0,0.0294364835903685,0.0,0.9904609824767828,0.0198974660671513,27.16526786217576,16.79688046576653,7.828889683657479,1.0664502279410633,0.4638099277498968,1.0092375570607837,47594.0,0.0,202.76257,192.45689687790804,47579,3.6525932308692313,2.44066984422534,10.930385653428448,19.12911795383536,108.70356744976652,46178,3.356543142218183,454,13.216970369880864,947,13.503463106916591,9514.437114577577,0.3,3.333333333333333,100.0,0.01,0.1,10.0,0.01,100.0,3.333333333333333,0.01,10.0,100.0,ok,,/opt/Projects/Soft2/NSGD/sanitycheck_sweep_run/logs/sanitycheck_sweep_json_N-1__arrival_rate-5__k_gamma-1-1-1__learn_mask-true-true-true__max_concurrency_values -5000000__optimization-RMSProp__warm_service-0p3_arr5_20260526_101918,N-1__arrival_rate-5__k_gamma-1-1-1__learn_mask-true-true-true__max_concurrency_values -5000000__optimization-RMSProp__warm_service-0p3,sanitycheck_sweep_json_N-1__arrival_rate-5__k_gamma-1-1-1__learn_mask-true-true-true__max_concurrency_values -5000000__optimization-RMSProp__warm_service-0p3,1,A1,/opt/Projects/Soft2/NSGD/sanitycheck_sweep_run/configs/N-1__arrival_rate-5__k_gamma-1-1-1__learn_mask-true-true-true__max_concurrency_values -5000000__optimization-RMSProp__warm_service-0p3/input_N01.json,/opt/Projects/Soft2/NSGD/sanitycheck_sweep_run/configs/N-1__arrival_rate-5__k_gamma-1-1-1__learn_mask-true-true-true__max_concurrency_values -5000000__optimization-RMSProp__warm_service-0p3/DAG_N01.json,/opt/Projects/Soft2/NSGD/sanitycheck_sweep_run/logs/stdout/N-1__arrival_rate-5__k_gamma-1-1-1__learn_mask-true-true-true__max_concurrency_values -5000000__optimization-RMSProp__warm_service-0p3.log,5,0.3,RMSProp,"[true, true, true]","[1, 1, 1]",5000000
1,1,graph,ALL,,47889,1917,46881,1125,1008,909,0,0.0400300695358015,0.0,0.9789513249389212,0.0189813944747227,26.1470371101973,16.794501112899578,7.13875789456935,0.2125931745268092,1.0078283099226502,0.9933566182789104,47889.0,0.0,254.735,242.2594002358354,47872,3.758100949835637,2.4808987759799948,11.292163181581053,20.64840589711189,109.70430463956107,45956,3.3625188293431,1007,12.830607361958164,909,13.706789588281897,9576.04695986848,0.3,3.333333333333333,100.0,0.01,0.1,10.0,0.01,100.0,3.333333333333333,0.01,10.0,100.0,ok,,/opt/Projects/Soft2/NSGD/sanitycheck_sweep_run/logs/sanitycheck_sweep_json_N-1__arrival_rate-5__k_gamma-1-1-1__learn_mask-false-false-false__max_concurrency_values -50__optimization-RMSProp__warm_service-0p3_arr5_20260526_101925,N-1__arrival_rate-5__k_gamma-1-1-1__learn_mask-false-false-false__max_concurrency_values -50__optimization-RMSProp__warm_service-0p3,sanitycheck_sweep_json_N-1__arrival_rate-5__k_gamma-1-1-1__learn_mask-false-false-false__max_concurrency_values -50__optimization-RMSProp__warm_service-0p3,1,A1,/opt/Projects/Soft2/NSGD/sanitycheck_sweep_run/configs/N-1__arrival_rate-5__k_gamma-1-1-1__learn_mask-false-false-false__max_concurrency_values -50__optimization-RMSProp__warm_service-0p3/input_N01.json,/opt/Projects/Soft2/NSGD/sanitycheck_sweep_run/configs/N-1__arrival_rate-5__k_gamma-1-1-1__learn_mask-false-false-false__max_concurrency_values -50__optimization-RMSProp__warm_service-0p3/DAG_N01.json,/opt/Projects/Soft2/NSGD/sanitycheck_sweep_run/logs/stdout/N-1__arrival_rate-5__k_gamma-1-1-1__learn_mask-false-false-false__max_concurrency_values -50__optimization-RMSProp__warm_service-0p3.log,5,0.3,RMSProp,"[false, false, false]","[1, 1, 1]",50
1,1,graph,ALL,,47889,1917,46881,1125,1008,909,0,0.0400300695358015,0.0,0.9789513249389212,0.0189813944747227,26.1470371101973,16.794501112899578,7.13875789456935,0.2125931745268092,1.0078283099226502,0.9933566182789104,47889.0,0.0,254.735,242.2594002358354,47872,3.758100949835637,2.4808987759799948,11.292163181581053,20.64840589711189,109.70430463956107,45956,3.3625188293431,1007,12.830607361958164,909,13.706789588281897,9576.04695986848,0.3,3.333333333333333,100.0,0.01,0.1,10.0,0.01,100.0,3.333333333333333,0.01,10.0,100.0,ok,,/opt/Projects/Soft2/NSGD/sanitycheck_sweep_run/logs/sanitycheck_sweep_json_N-1__arrival_rate-5__k_gamma-1-1-1__learn_mask-false-false-false__max_concurrency_values -5000000__optimization-RMSProp__warm_service-0p3_arr5_20260526_101931,N-1__arrival_rate-5__k_gamma-1-1-1__learn_mask-false-false-false__max_concurrency_values -5000000__optimization-RMSProp__warm_service-0p3,sanitycheck_sweep_json_N-1__arrival_rate-5__k_gamma-1-1-1__learn_mask-false-false-false__max_concurrency_values -5000000__optimization-RMSProp__warm_service-0p3,1,A1,/opt/Projects/Soft2/NSGD/sanitycheck_sweep_run/configs/N-1__arrival_rate-5__k_gamma-1-1-1__learn_mask-false-false-false__max_concurrency_values -5000000__optimization-RMSProp__warm_service-0p3/input_N01.json,/opt/Projects/Soft2/NSGD/sanitycheck_sweep_run/configs/N-1__arrival_rate-5__k_gamma-1-1-1__learn_mask-false-false-false__max_concurrency_values -5000000__optimization-RMSProp__warm_service-0p3/DAG_N01.json,/opt/Projects/Soft2/NSGD/sanitycheck_sweep_run/logs/stdout/N-1__arrival_rate-5__k_gamma-1-1-1__learn_mask-false-false-false__max_concurrency_values -5000000__optimization-RMSProp__warm_service-0p3.log,5,0.3,RMSProp,"[false, false, false]","[1, 1, 1]",5000000
1,1,graph,ALL,,49023,996,48069,61,945,51,9,0.0203169940640107,0.0001835872957591,0.9805397466495318,0.0010403280093017,32.33290408290333,20.17311855703844,10.059879697806991,0.0237818452223453,1.971381100488096,0.1047428823474575,49023.0,0.0,269.53991,258.4048053764936,48993,2.223839220498636,1.451173261631766,6.508568279992962,12.250342718314352,85.1116780258053,47997,2.017365382475132,945,12.162729958427716,51,12.378212872874364,4898.277638219987,0.5,2.0,100.0,0.01,0.1,10.0,0.01,100.0,2.0,0.01,10.0,100.0,ok,,/opt/Projects/Soft2/NSGD/sanitycheck_sweep_run/logs/sanitycheck_sweep_json_N-1__arrival_rate-10__k_gamma-1-1-1__learn_mask-true-true-true__max_concurrency_values -50__optimization-adam__warm_service-0p5_arr10_20260526_101938,N-1__arrival_rate-10__k_gamma-1-1-1__learn_mask-true-true-true__max_concurrency_values -50__optimization-adam__warm_service-0p5,sanitycheck_sweep_json_N-1__arrival_rate-10__k_gamma-1-1-1__learn_mask-true-true-true__max_concurrency_values -50__optimization-adam__warm_service-0p5,1,A1,/opt/Projects/Soft2/NSGD/sanitycheck_sweep_run/configs/N-1__arrival_rate-10__k_gamma-1-1-1__learn_mask-true-true-true__max_concurrency_values -50__optimization-adam__warm_service-0p5/input_N01.json,/opt/Projects/Soft2/NSGD/sanitycheck_sweep_run/configs/N-1__arrival_rate-10__k_gamma-1-1-1__learn_mask-true-true-true__max_concurrency_values -50__optimization-adam__warm_service-0p5/DAG_N01.json,/opt/Projects/Soft2/NSGD/sanitycheck_sweep_run/logs/stdout/N-1__arrival_rate-10__k_gamma-1-1-1__learn_mask-true-true-true__max_concurrency_values -50__optimization-adam__warm_service-0p5.log,10,0.5,adam,"[true, true, true]","[1, 1, 1]",50
1,1,graph,ALL,,49023,996,48069,61,945,51,9,0.0203169940640107,0.0001835872957591,0.9805397466495318,0.0010403280093017,32.33290408290333,20.17311855703844,10.059879697806991,0.0237818452223453,1.971381100488096,0.1047428823474575,49023.0,0.0,269.53991,258.4048053764936,48993,2.223839220498636,1.451173261631766,6.508568279992962,12.250342718314352,85.1116780258053,47997,2.017365382475132,945,12.162729958427716,51,12.378212872874364,4898.277638219987,0.5,2.0,100.0,0.01,0.1,10.0,0.01,100.0,2.0,0.01,10.0,100.0,ok,,/opt/Projects/Soft2/NSGD/sanitycheck_sweep_run/logs/sanitycheck_sweep_json_N-1__arrival_rate-10__k_gamma-1-1-1__learn_mask-true-true-true__max_concurrency_values -5000000__optimization-adam__warm_service-0p5_arr10_20260526_101944,N-1__arrival_rate-10__k_gamma-1-1-1__learn_mask-true-true-true__max_concurrency_values -5000000__optimization-adam__warm_service-0p5,sanitycheck_sweep_json_N-1__arrival_rate-10__k_gamma-1-1-1__learn_mask-true-true-true__max_concurrency_values -5000000__optimization-adam__warm_service-0p5,1,A1,/opt/Projects/Soft2/NSGD/sanitycheck_sweep_run/configs/N-1__arrival_rate-10__k_gamma-1-1-1__learn_mask-true-true-true__max_concurrency_values -5000000__optimization-adam__warm_service-0p5/input_N01.json,/opt/Projects/Soft2/NSGD/sanitycheck_sweep_run/configs/N-1__arrival_rate-10__k_gamma-1-1-1__learn_mask-true-true-true__max_concurrency_values -5000000__optimization-adam__warm_service-0p5/DAG_N01.json,/opt/Projects/Soft2/NSGD/sanitycheck_sweep_run/logs/stdout/N-1__arrival_rate-10__k_gamma-1-1-1__learn_mask-true-true-true__max_concurrency_values -5000000__optimization-adam__warm_service-0p5.log,10,0.5,adam,"[true, true, true]","[1, 1, 1]",5000000
1,1,graph,ALL,,48687,1223,48035,702,639,584,12,0.0251196417934972,0.0002464723642861,0.9866083348737856,0.0119949883952595,31.70516033513748,20.18695412596665,8.77232660581523,0.2262272024364661,1.2769000223914833,1.242752378527655,48687.0,0.0,314.0234,303.426245446283,48660,2.26717840901864,1.4560496370059752,6.676309533810681,12.955844126627223,82.11109854286633,47438,2.012631744187415,639,11.9891178574359,583,12.323551271325636,4860.679744305661,0.5,2.0,100.0,0.01,0.0999999999999999,10.0,0.01,100.0,2.0,0.01,10.0,100.0,ok,,/opt/Projects/Soft2/NSGD/sanitycheck_sweep_run/logs/sanitycheck_sweep_json_N-1__arrival_rate-10__k_gamma-1-1-1__learn_mask-false-false-false__max_concurrency_values -50__optimization-adam__warm_service-0p5_arr10_20260526_101951,N-1__arrival_rate-10__k_gamma-1-1-1__learn_mask-false-false-false__max_concurrency_values -50__optimization-adam__warm_service-0p5,sanitycheck_sweep_json_N-1__arrival_rate-10__k_gamma-1-1-1__learn_mask-false-false-false__max_concurrency_values -50__optimization-adam__warm_service-0p5,1,A1,/opt/Projects/Soft2/NSGD/sanitycheck_sweep_run/configs/N-1__arrival_rate-10__k_gamma-1-1-1__learn_mask-false-false-false__max_concurrency_values -50__optimization-adam__warm_service-0p5/input_N01.json,/opt/Projects/Soft2/NSGD/sanitycheck_sweep_run/configs/N-1__arrival_rate-10__k_gamma-1-1-1__learn_mask-false-false-false__max_concurrency_values -50__optimization-adam__warm_service-0p5/DAG_N01.json,/opt/Projects/Soft2/NSGD/sanitycheck_sweep_run/logs/stdout/N-1__arrival_rate-10__k_gamma-1-1-1__learn_mask-false-false-false__max_concurrency_values -50__optimization-adam__warm_service-0p5.log,10,0.5,adam,"[false, false, false]","[1, 1, 1]",50
1,1,graph,ALL,,48687,1223,48035,702,639,584,12,0.0251196417934972,0.0002464723642861,0.9866083348737856,0.0119949883952595,31.70516033513748,20.18695412596665,8.77232660581523,0.2262272024364661,1.2769000223914833,1.242752378527655,48687.0,0.0,314.0234,303.426245446283,48660,2.26717840901864,1.4560496370059752,6.676309533810681,12.955844126627223,82.11109854286633,47438,2.012631744187415,639,11.9891178574359,583,12.323551271325636,4860.679744305661,0.5,2.0,100.0,0.01,0.0999999999999999,10.0,0.01,100.0,2.0,0.01,10.0,100.0,ok,,/opt/Projects/Soft2/NSGD/sanitycheck_sweep_run/logs/sanitycheck_sweep_json_N-1__arrival_rate-10__k_gamma-1-1-1__learn_mask-false-false-false__max_concurrency_values -5000000__optimization-adam__warm_service-0p5_arr10_20260526_101957,N-1__arrival_rate-10__k_gamma-1-1-1__learn_mask-false-false-false__max_concurrency_values -5000000__optimization-adam__warm_service-0p5,sanitycheck_sweep_json_N-1__arrival_rate-10__k_gamma-1-1-1__learn_mask-false-false-false__max_concurrency_values -5000000__optimization-adam__warm_service-0p5,1,A1,/opt/Projects/Soft2/NSGD/sanitycheck_sweep_run/configs/N-1__arrival_rate-10__k_gamma-1-1-1__learn_mask-false-false-false__max_concurrency_values -5000000__optimization-adam__warm_service-0p5/input_N01.json,/opt/Projects/Soft2/NSGD/sanitycheck_sweep_run/configs/N-1__arrival_rate-10__k_gamma-1-1-1__learn_mask-false-false-false__max_concurrency_values -5000000__optimization-adam__warm_service-0p5/DAG_N01.json,/opt/Projects/Soft2/NSGD/sanitycheck_sweep_run/logs/stdout/N-1__arrival_rate-10__k_gamma-1-1-1__learn_mask-false-false-false__max_concurrency_values -5000000__optimization-adam__warm_service-0p5.log,10,0.5,adam,"[false, false, false]","[1, 1, 1]",5000000
1,1,graph,ALL,,49058,631,48808,731,245,386,3,0.0128623262260997,6.11521056708386e-05,0.9949039911940968,0.0078682375963145,32.992929605047955,20.174382139692423,10.785274121444322,0.7325762318876036,0.5200053753715538,0.7806917366520455,49058.0,0.0,188.41857,181.98100830449573,49032,2.145689274379462,1.4349021946927678,6.299316337160453,10.91053360283444,69.29274922320782,48404,2.015219740572774,245,12.463308060296695,383,12.034542307876125,4901.698073903543,0.5,2.0,100.0,0.01,0.1,10.0,0.01,100.0,2.0,0.01,10.0,100.0,ok,,/opt/Projects/Soft2/NSGD/sanitycheck_sweep_run/logs/sanitycheck_sweep_json_N-1__arrival_rate-10__k_gamma-1-1-1__learn_mask-true-true-true__max_concurrency_values -50__optimization-RMSProp__warm_service-0p5_arr10_20260526_102004,N-1__arrival_rate-10__k_gamma-1-1-1__learn_mask-true-true-true__max_concurrency_values -50__optimization-RMSProp__warm_service-0p5,sanitycheck_sweep_json_N-1__arrival_rate-10__k_gamma-1-1-1__learn_mask-true-true-true__max_concurrency_values -50__optimization-RMSProp__warm_service-0p5,1,A1,/opt/Projects/Soft2/NSGD/sanitycheck_sweep_run/configs/N-1__arrival_rate-10__k_gamma-1-1-1__learn_mask-true-true-true__max_concurrency_values -50__optimization-RMSProp__warm_service-0p5/input_N01.json,/opt/Projects/Soft2/NSGD/sanitycheck_sweep_run/configs/N-1__arrival_rate-10__k_gamma-1-1-1__learn_mask-true-true-true__max_concurrency_values -50__optimization-RMSProp__warm_service-0p5/DAG_N01.json,/opt/Projects/Soft2/NSGD/sanitycheck_sweep_run/logs/stdout/N-1__arrival_rate-10__k_gamma-1-1-1__learn_mask-true-true-true__max_concurrency_values -50__optimization-RMSProp__warm_service-0p5.log,10,0.5,RMSProp,"[true, true, true]","[1, 1, 1]",50
1,1,graph,ALL,,49058,631,48808,731,245,386,3,0.0128623262260997,6.11521056708386e-05,0.9949039911940968,0.0078682375963145,32.992929605047955,20.174382139692423,10.785274121444322,0.7325762318876036,0.5200053753715538,0.7806917366520455,49058.0,0.0,188.41857,181.98100830449573,49032,2.145689274379462,1.4349021946927678,6.299316337160453,10.91053360283444,69.29274922320782,48404,2.015219740572774,245,12.463308060296695,383,12.034542307876125,4901.698073903543,0.5,2.0,100.0,0.01,0.1,10.0,0.01,100.0,2.0,0.01,10.0,100.0,ok,,/opt/Projects/Soft2/NSGD/sanitycheck_sweep_run/logs/sanitycheck_sweep_json_N-1__arrival_rate-10__k_gamma-1-1-1__learn_mask-true-true-true__max_concurrency_values -5000000__optimization-RMSProp__warm_service-0p5_arr10_20260526_102011,N-1__arrival_rate-10__k_gamma-1-1-1__learn_mask-true-true-true__max_concurrency_values -5000000__optimization-RMSProp__warm_service-0p5,sanitycheck_sweep_json_N-1__arrival_rate-10__k_gamma-1-1-1__learn_mask-true-true-true__max_concurrency_values -5000000__optimization-RMSProp__warm_service-0p5,1,A1,/opt/Projects/Soft2/NSGD/sanitycheck_sweep_run/configs/N-1__arrival_rate-10__k_gamma-1-1-1__learn_mask-true-true-true__max_concurrency_values -5000000__optimization-RMSProp__warm_service-0p5/input_N01.json,/opt/Projects/Soft2/NSGD/sanitycheck_sweep_run/configs/N-1__arrival_rate-10__k_gamma-1-1-1__learn_mask-true-true-true__max_concurrency_values -5000000__optimization-RMSProp__warm_service-0p5/DAG_N01.json,/opt/Projects/Soft2/NSGD/sanitycheck_sweep_run/logs/stdout/N-1__arrival_rate-10__k_gamma-1-1-1__learn_mask-true-true-true__max_concurrency_values -5000000__optimization-RMSProp__warm_service-0p5.log,10,0.5,RMSProp,"[true, true, true]","[1, 1, 1]",5000000
1,1,graph,ALL,,48687,1223,48035,702,639,584,12,0.0251196417934972,0.0002464723642861,0.9866083348737856,0.0119949883952595,31.70516033513748,20.18695412596665,8.77232660581523,0.2262272024364661,1.2769000223914833,1.242752378527655,48687.0,0.0,314.0234,303.426245446283,48660,2.26717840901864,1.4560496370059752,6.676309533810681,12.955844126627223,82.11109854286633,47438,2.012631744187415,639,11.9891178574359,583,12.323551271325636,4860.679744305661,0.5,2.0,100.0,0.01,0.0999999999999999,10.0,0.01,100.0,2.0,0.01,10.0,100.0,ok,,/opt/Projects/Soft2/NSGD/sanitycheck_sweep_run/logs/sanitycheck_sweep_json_N-1__arrival_rate-10__k_gamma-1-1-1__learn_mask-false-false-false__max_concurrency_values -50__optimization-RMSProp__warm_service-0p5_arr10_20260526_102017,N-1__arrival_rate-10__k_gamma-1-1-1__learn_mask-false-false-false__max_concurrency_values -50__optimization-RMSProp__warm_service-0p5,sanitycheck_sweep_json_N-1__arrival_rate-10__k_gamma-1-1-1__learn_mask-false-false-false__max_concurrency_values -50__optimization-RMSProp__warm_service-0p5,1,A1,/opt/Projects/Soft2/NSGD/sanitycheck_sweep_run/configs/N-1__arrival_rate-10__k_gamma-1-1-1__learn_mask-false-false-false__max_concurrency_values -50__optimization-RMSProp__warm_service-0p5/input_N01.json,/opt/Projects/Soft2/NSGD/sanitycheck_sweep_run/configs/N-1__arrival_rate-10__k_gamma-1-1-1__learn_mask-false-false-false__max_concurrency_values -50__optimization-RMSProp__warm_service-0p5/DAG_N01.json,/opt/Projects/Soft2/NSGD/sanitycheck_sweep_run/logs/stdout/N-1__arrival_rate-10__k_gamma-1-1-1__learn_mask-false-false-false__max_concurrency_values -50__optimization-RMSProp__warm_service-0p5.log,10,0.5,RMSProp,"[false, false, false]","[1, 1, 1]",50
1,1,graph,ALL,,48687,1223,48035,702,639,584,12,0.0251196417934972,0.0002464723642861,0.9866083348737856,0.0119949883952595,31.70516033513748,20.18695412596665,8.77232660581523,0.2262272024364661,1.2769000223914833,1.242752378527655,48687.0,0.0,314.0234,303.426245446283,48660,2.26717840901864,1.4560496370059752,6.676309533810681,12.955844126627223,82.11109854286633,47438,2.012631744187415,639,11.9891178574359,583,12.323551271325636,4860.679744305661,0.5,2.0,100.0,0.01,0.0999999999999999,10.0,0.01,100.0,2.0,0.01,10.0,100.0,ok,,/opt/Projects/Soft2/NSGD/sanitycheck_sweep_run/logs/sanitycheck_sweep_json_N-1__arrival_rate-10__k_gamma-1-1-1__learn_mask-false-false-false__max_concurrency_values -5000000__optimization-RMSProp__warm_service-0p5_arr10_20260526_102024,N-1__arrival_rate-10__k_gamma-1-1-1__learn_mask-false-false-false__max_concurrency_values -5000000__optimization-RMSProp__warm_service-0p5,sanitycheck_sweep_json_N-1__arrival_rate-10__k_gamma-1-1-1__learn_mask-false-false-false__max_concurrency_values -5000000__optimization-RMSProp__warm_service-0p5,1,A1,/opt/Projects/Soft2/NSGD/sanitycheck_sweep_run/configs/N-1__arrival_rate-10__k_gamma-1-1-1__learn_mask-false-false-false__max_concurrency_values -5000000__optimization-RMSProp__warm_service-0p5/input_N01.json,/opt/Projects/Soft2/NSGD/sanitycheck_sweep_run/configs/N-1__arrival_rate-10__k_gamma-1-1-1__learn_mask-false-false-false__max_concurrency_values -5000000__optimization-RMSProp__warm_service-0p5/DAG_N01.json,/opt/Projects/Soft2/NSGD/sanitycheck_sweep_run/logs/stdout/N-1__arrival_rate-10__k_gamma-1-1-1__learn_mask-false-false-false__max_concurrency_values -5000000__optimization-RMSProp__warm_service-0p5.log,10,0.5,RMSProp,"[false, false, false]","[1, 1, 1]",5000000
1,1,graph,ALL,,49000,783,48329,885,323,460,348,0.0159795918367346,0.0071020408163265,0.9863061224489796,0.0093877551020408,46.19259360191917,33.400624053320804,10.314867874656471,0.8900149625730828,0.6285241060459151,0.9585626053228878,49000.0,0.0,230.07393,225.1245393092217,48624,3.521298907374573,2.399086341637826,10.486430701835964,17.306864505700002,83.44161351766252,47841,3.361179670078664,323,12.626632832526887,460,13.780519719655835,4896.010991932316,0.3,3.333333333333333,100.0,0.01,0.1,10.0,0.01,100.0,3.333333333333333,0.01,10.0,100.0,ok,,/opt/Projects/Soft2/NSGD/sanitycheck_sweep_run/logs/sanitycheck_sweep_json_N-1__arrival_rate-10__k_gamma-1-1-1__learn_mask-true-true-true__max_concurrency_values -50__optimization-adam__warm_service-0p3_arr10_20260526_102030,N-1__arrival_rate-10__k_gamma-1-1-1__learn_mask-true-true-true__max_concurrency_values -50__optimization-adam__warm_service-0p3,sanitycheck_sweep_json_N-1__arrival_rate-10__k_gamma-1-1-1__learn_mask-true-true-true__max_concurrency_values -50__optimization-adam__warm_service-0p3,1,A1,/opt/Projects/Soft2/NSGD/sanitycheck_sweep_run/configs/N-1__arrival_rate-10__k_gamma-1-1-1__learn_mask-true-true-true__max_concurrency_values -50__optimization-adam__warm_service-0p3/input_N01.json,/opt/Projects/Soft2/NSGD/sanitycheck_sweep_run/configs/N-1__arrival_rate-10__k_gamma-1-1-1__learn_mask-true-true-true__max_concurrency_values -50__optimization-adam__warm_service-0p3/DAG_N01.json,/opt/Projects/Soft2/NSGD/sanitycheck_sweep_run/logs/stdout/N-1__arrival_rate-10__k_gamma-1-1-1__learn_mask-true-true-true__max_concurrency_values -50__optimization-adam__warm_service-0p3.log,10,0.3,adam,"[true, true, true]","[1, 1, 1]",50
1,1,graph,ALL,,49000,783,48329,885,323,460,348,0.0159795918367346,0.0071020408163265,0.9863061224489796,0.0093877551020408,46.19259360191917,33.400624053320804,10.314867874656471,0.8900149625730828,0.6285241060459151,0.9585626053228878,49000.0,0.0,230.07393,225.1245393092217,48624,3.521298907374573,2.399086341637826,10.486430701835964,17.306864505700002,83.44161351766252,47841,3.361179670078664,323,12.626632832526887,460,13.780519719655835,4896.010991932316,0.3,3.333333333333333,100.0,0.01,0.1,10.0,0.01,100.0,3.333333333333333,0.01,10.0,100.0,ok,,/opt/Projects/Soft2/NSGD/sanitycheck_sweep_run/logs/sanitycheck_sweep_json_N-1__arrival_rate-10__k_gamma-1-1-1__learn_mask-true-true-true__max_concurrency_values -5000000__optimization-adam__warm_service-0p3_arr10_20260526_102037,N-1__arrival_rate-10__k_gamma-1-1-1__learn_mask-true-true-true__max_concurrency_values -5000000__optimization-adam__warm_service-0p3,sanitycheck_sweep_json_N-1__arrival_rate-10__k_gamma-1-1-1__learn_mask-true-true-true__max_concurrency_values -5000000__optimization-adam__warm_service-0p3,1,A1,/opt/Projects/Soft2/NSGD/sanitycheck_sweep_run/configs/N-1__arrival_rate-10__k_gamma-1-1-1__learn_mask-true-true-true__max_concurrency_values -5000000__optimization-adam__warm_service-0p3/input_N01.json,/opt/Projects/Soft2/NSGD/sanitycheck_sweep_run/configs/N-1__arrival_rate-10__k_gamma-1-1-1__learn_mask-true-true-true__max_concurrency_values -5000000__optimization-adam__warm_service-0p3/DAG_N01.json,/opt/Projects/Soft2/NSGD/sanitycheck_sweep_run/logs/stdout/N-1__arrival_rate-10__k_gamma-1-1-1__learn_mask-true-true-true__max_concurrency_values -5000000__optimization-adam__warm_service-0p3.log,10,0.3,adam,"[true, true, true]","[1, 1, 1]",5000000
1,1,graph,ALL,,48939,1265,47804,705,639,626,495,0.0258485052820858,0.0101146325016857,0.97680786284967,0.0127914342344551,44.74484375421402,33.30557649198952,8.701452524513002,0.1565926570072779,1.2892614764316208,1.2919606042726002,48939.0,0.0,329.43319,322.51976329999803,48413,3.6211742735996544,2.4289417739496457,10.811266923964286,18.70651772751572,86.85019643160331,47150,3.3630337473168934,638,13.062029273590326,625,13.458070792380685,4889.58761739228,0.3,3.333333333333333,100.0,0.01,0.1,10.0,0.01,100.0,3.333333333333333,0.01,10.0,100.0,ok,,/opt/Projects/Soft2/NSGD/sanitycheck_sweep_run/logs/sanitycheck_sweep_json_N-1__arrival_rate-10__k_gamma-1-1-1__learn_mask-false-false-false__max_concurrency_values -50__optimization-adam__warm_service-0p3_arr10_20260526_102044,N-1__arrival_rate-10__k_gamma-1-1-1__learn_mask-false-false-false__max_concurrency_values -50__optimization-adam__warm_service-0p3,sanitycheck_sweep_json_N-1__arrival_rate-10__k_gamma-1-1-1__learn_mask-false-false-false__max_concurrency_values -50__optimization-adam__warm_service-0p3,1,A1,/opt/Projects/Soft2/NSGD/sanitycheck_sweep_run/configs/N-1__arrival_rate-10__k_gamma-1-1-1__learn_mask-false-false-false__max_concurrency_values -50__optimization-adam__warm_service-0p3/input_N01.json,/opt/Projects/Soft2/NSGD/sanitycheck_sweep_run/configs/N-1__arrival_rate-10__k_gamma-1-1-1__learn_mask-false-false-false__max_concurrency_values -50__optimization-adam__warm_service-0p3/DAG_N01.json,/opt/Projects/Soft2/NSGD/sanitycheck_sweep_run/logs/stdout/N-1__arrival_rate-10__k_gamma-1-1-1__learn_mask-false-false-false__max_concurrency_values -50__optimization-adam__warm_service-0p3.log,10,0.3,adam,"[false, false, false]","[1, 1, 1]",50
1,1,graph,ALL,,48939,1265,47804,705,639,626,495,0.0258485052820858,0.0101146325016857,0.97680786284967,0.0127914342344551,44.74484375421402,33.30557649198952,8.701452524513002,0.1565926570072779,1.2892614764316208,1.2919606042726002,48939.0,0.0,329.43319,322.51976329999803,48413,3.6211742735996544,2.4289417739496457,10.811266923964286,18.70651772751572,86.85019643160331,47150,3.3630337473168934,638,13.062029273590326,625,13.458070792380685,4889.58761739228,0.3,3.333333333333333,100.0,0.01,0.1,10.0,0.01,100.0,3.333333333333333,0.01,10.0,100.0,ok,,/opt/Projects/Soft2/NSGD/sanitycheck_sweep_run/logs/sanitycheck_sweep_json_N-1__arrival_rate-10__k_gamma-1-1-1__learn_mask-false-false-false__max_concurrency_values -5000000__optimization-adam__warm_service-0p3_arr10_20260526_102051,N-1__arrival_rate-10__k_gamma-1-1-1__learn_mask-false-false-false__max_concurrency_values -5000000__optimization-adam__warm_service-0p3,sanitycheck_sweep_json_N-1__arrival_rate-10__k_gamma-1-1-1__learn_mask-false-false-false__max_concurrency_values -5000000__optimization-adam__warm_service-0p3,1,A1,/opt/Projects/Soft2/NSGD/sanitycheck_sweep_run/configs/N-1__arrival_rate-10__k_gamma-1-1-1__learn_mask-false-false-false__max_concurrency_values -5000000__optimization-adam__warm_service-0p3/input_N01.json,/opt/Projects/Soft2/NSGD/sanitycheck_sweep_run/configs/N-1__arrival_rate-10__k_gamma-1-1-1__learn_mask-false-false-false__max_concurrency_values -5000000__optimization-adam__warm_service-0p3/DAG_N01.json,/opt/Projects/Soft2/NSGD/sanitycheck_sweep_run/logs/stdout/N-1__arrival_rate-10__k_gamma-1-1-1__learn_mask-false-false-false__max_concurrency_values -5000000__optimization-adam__warm_service-0p3.log,10,0.3,adam,"[false, false, false]","[1, 1, 1]",5000000
1,1,graph,ALL,,49371,552,48910,639,174,378,287,0.0111806526098316,0.0058131291648943,0.9906625346863543,0.0076563164610803,46.67137617901061,33.41081038127472,11.62237992227266,0.5344065296256582,0.3198479630237856,0.7839313828137852,49371.0,0.0,179.78279,175.22443418689278,49051,3.469780353748922,2.383916397233861,10.305431020661672,16.59056801703241,80.45668547948026,48499,3.361313314049501,174,12.333250490327464,378,13.306550604059808,4936.188134665311,0.3,3.333333333333333,100.0,0.01,0.1,10.0,0.01,100.0,3.333333333333333,0.01,10.0,100.0,ok,,/opt/Projects/Soft2/NSGD/sanitycheck_sweep_run/logs/sanitycheck_sweep_json_N-1__arrival_rate-10__k_gamma-1-1-1__learn_mask-true-true-true__max_concurrency_values -50__optimization-RMSProp__warm_service-0p3_arr10_20260526_102057,N-1__arrival_rate-10__k_gamma-1-1-1__learn_mask-true-true-true__max_concurrency_values -50__optimization-RMSProp__warm_service-0p3,sanitycheck_sweep_json_N-1__arrival_rate-10__k_gamma-1-1-1__learn_mask-true-true-true__max_concurrency_values -50__optimization-RMSProp__warm_service-0p3,1,A1,/opt/Projects/Soft2/NSGD/sanitycheck_sweep_run/configs/N-1__arrival_rate-10__k_gamma-1-1-1__learn_mask-true-true-true__max_concurrency_values -50__optimization-RMSProp__warm_service-0p3/input_N01.json,/opt/Projects/Soft2/NSGD/sanitycheck_sweep_run/configs/N-1__arrival_rate-10__k_gamma-1-1-1__learn_mask-true-true-true__max_concurrency_values -50__optimization-RMSProp__warm_service-0p3/DAG_N01.json,/opt/Projects/Soft2/NSGD/sanitycheck_sweep_run/logs/stdout/N-1__arrival_rate-10__k_gamma-1-1-1__learn_mask-true-true-true__max_concurrency_values -50__optimization-RMSProp__warm_service-0p3.log,10,0.3,RMSProp,"[true, true, true]","[1, 1, 1]",50
1,1,graph,ALL,,49371,552,48910,639,174,378,287,0.0111806526098316,0.0058131291648943,0.9906625346863543,0.0076563164610803,46.67137617901061,33.41081038127472,11.62237992227266,0.5344065296256582,0.3198479630237856,0.7839313828137852,49371.0,0.0,179.78279,175.22443418689278,49051,3.469780353748922,2.383916397233861,10.305431020661672,16.59056801703241,80.45668547948026,48499,3.361313314049501,174,12.333250490327464,378,13.306550604059808,4936.188134665311,0.3,3.333333333333333,100.0,0.01,0.1,10.0,0.01,100.0,3.333333333333333,0.01,10.0,100.0,ok,,/opt/Projects/Soft2/NSGD/sanitycheck_sweep_run/logs/sanitycheck_sweep_json_N-1__arrival_rate-10__k_gamma-1-1-1__learn_mask-true-true-true__max_concurrency_values -5000000__optimization-RMSProp__warm_service-0p3_arr10_20260526_102104,N-1__arrival_rate-10__k_gamma-1-1-1__learn_mask-true-true-true__max_concurrency_values -5000000__optimization-RMSProp__warm_service-0p3,sanitycheck_sweep_json_N-1__arrival_rate-10__k_gamma-1-1-1__learn_mask-true-true-true__max_concurrency_values -5000000__optimization-RMSProp__warm_service-0p3,1,A1,/opt/Projects/Soft2/NSGD/sanitycheck_sweep_run/configs/N-1__arrival_rate-10__k_gamma-1-1-1__learn_mask-true-true-true__max_concurrency_values -5000000__optimization-RMSProp__warm_service-0p3/input_N01.json,/opt/Projects/Soft2/NSGD/sanitycheck_sweep_run/configs/N-1__arrival_rate-10__k_gamma-1-1-1__learn_mask-true-true-true__max_concurrency_values -5000000__optimization-RMSProp__warm_service-0p3/DAG_N01.json,/opt/Projects/Soft2/NSGD/sanitycheck_sweep_run/logs/stdout/N-1__arrival_rate-10__k_gamma-1-1-1__learn_mask-true-true-true__max_concurrency_values -5000000__optimization-RMSProp__warm_service-0p3.log,10,0.3,RMSProp,"[true, true, true]","[1, 1, 1]",5000000
1,1,graph,ALL,,48939,1265,47804,705,639,626,495,0.0258485052820858,0.0101146325016857,0.97680786284967,0.0127914342344551,44.74484375421402,33.30557649198952,8.701452524513002,0.1565926570072779,1.2892614764316208,1.2919606042726002,48939.0,0.0,329.43319,322.51976329999803,48413,3.6211742735996544,2.4289417739496457,10.811266923964286,18.70651772751572,86.85019643160331,47150,3.3630337473168934,638,13.062029273590326,625,13.458070792380685,4889.58761739228,0.3,3.333333333333333,100.0,0.01,0.1,10.0,0.01,100.0,3.333333333333333,0.01,10.0,100.0,ok,,/opt/Projects/Soft2/NSGD/sanitycheck_sweep_run/logs/sanitycheck_sweep_json_N-1__arrival_rate-10__k_gamma-1-1-1__learn_mask-false-false-false__max_concurrency_values -50__optimization-RMSProp__warm_service-0p3_arr10_20260526_102111,N-1__arrival_rate-10__k_gamma-1-1-1__learn_mask-false-false-false__max_concurrency_values -50__optimization-RMSProp__warm_service-0p3,sanitycheck_sweep_json_N-1__arrival_rate-10__k_gamma-1-1-1__learn_mask-false-false-false__max_concurrency_values -50__optimization-RMSProp__warm_service-0p3,1,A1,/opt/Projects/Soft2/NSGD/sanitycheck_sweep_run/configs/N-1__arrival_rate-10__k_gamma-1-1-1__learn_mask-false-false-false__max_concurrency_values -50__optimization-RMSProp__warm_service-0p3/input_N01.json,/opt/Projects/Soft2/NSGD/sanitycheck_sweep_run/configs/N-1__arrival_rate-10__k_gamma-1-1-1__learn_mask-false-false-false__max_concurrency_values -50__optimization-RMSProp__warm_service-0p3/DAG_N01.json,/opt/Projects/Soft2/NSGD/sanitycheck_sweep_run/logs/stdout/N-1__arrival_rate-10__k_gamma-1-1-1__learn_mask-false-false-false__max_concurrency_values -50__optimization-RMSProp__warm_service-0p3.log,10,0.3,RMSProp,"[false, false, false]","[1, 1, 1]",50
1,1,graph,ALL,,48939,1265,47804,705,639,626,495,0.0258485052820858,0.0101146325016857,0.97680786284967,0.0127914342344551,44.74484375421402,33.30557649198952,8.701452524513002,0.1565926570072779,1.2892614764316208,1.2919606042726002,48939.0,0.0,329.43319,322.51976329999803,48413,3.6211742735996544,2.4289417739496457,10.811266923964286,18.70651772751572,86.85019643160331,47150,3.3630337473168934,638,13.062029273590326,625,13.458070792380685,4889.58761739228,0.3,3.333333333333333,100.0,0.01,0.1,10.0,0.01,100.0,3.333333333333333,0.01,10.0,100.0,ok,,/opt/Projects/Soft2/NSGD/sanitycheck_sweep_run/logs/sanitycheck_sweep_json_N-1__arrival_rate-10__k_gamma-1-1-1__learn_mask-false-false-false__max_concurrency_values -5000000__optimization-RMSProp__warm_service-0p3_arr10_20260526_102118,N-1__arrival_rate-10__k_gamma-1-1-1__learn_mask-false-false-false__max_concurrency_values -5000000__optimization-RMSProp__warm_service-0p3,sanitycheck_sweep_json_N-1__arrival_rate-10__k_gamma-1-1-1__learn_mask-false-false-false__max_concurrency_values -5000000__optimization-RMSProp__warm_service-0p3,1,A1,/opt/Projects/Soft2/NSGD/sanitycheck_sweep_run/configs/N-1__arrival_rate-10__k_gamma-1-1-1__learn_mask-false-false-false__max_concurrency_values -5000000__optimization-RMSProp__warm_service-0p3/input_N01.json,/opt/Projects/Soft2/NSGD/sanitycheck_sweep_run/configs/N-1__arrival_rate-10__k_gamma-1-1-1__learn_mask-false-false-false__max_concurrency_values -5000000__optimization-RMSProp__warm_service-0p3/DAG_N01.json,/opt/Projects/Soft2/NSGD/sanitycheck_sweep_run/logs/stdout/N-1__arrival_rate-10__k_gamma-1-1-1__learn_mask-false-false-false__max_concurrency_values -5000000__optimization-RMSProp__warm_service-0p3.log,10,0.3,RMSProp,"[false, false, false]","[1, 1, 1]",5000000
1,1,graph,ALL,,50408,723,47832,572,239,484,2337,0.0143429614346929,0.0463616886208538,0.9488970004761148,0.0096016505316616,48.868099957071024,38.42840305049398,7.265386372169231,0.3569276113168134,0.9586880872847862,1.8586948358062136,50408.0,0.0,352.46282,350.5690207759697,48024,2.16192877564238,1.4382767369320533,6.327014245215483,11.13576745125867,83.52471114286004,47306,2.014458524929022,234,11.944424599976584,484,11.846068563559475,2522.446237724324,0.5,2.0,100.0,0.01,0.1,10.0,0.01,100.0,2.0,0.01,10.0,100.0,ok,,/opt/Projects/Soft2/NSGD/sanitycheck_sweep_run/logs/sanitycheck_sweep_json_N-1__arrival_rate-20__k_gamma-1-1-1__learn_mask-true-true-true__max_concurrency_values -50__optimization-adam__warm_service-0p5_arr20_20260526_102125,N-1__arrival_rate-20__k_gamma-1-1-1__learn_mask-true-true-true__max_concurrency_values -50__optimization-adam__warm_service-0p5,sanitycheck_sweep_json_N-1__arrival_rate-20__k_gamma-1-1-1__learn_mask-true-true-true__max_concurrency_values -50__optimization-adam__warm_service-0p5,1,A1,/opt/Projects/Soft2/NSGD/sanitycheck_sweep_run/configs/N-1__arrival_rate-20__k_gamma-1-1-1__learn_mask-true-true-true__max_concurrency_values -50__optimization-adam__warm_service-0p5/input_N01.json,/opt/Projects/Soft2/NSGD/sanitycheck_sweep_run/configs/N-1__arrival_rate-20__k_gamma-1-1-1__learn_mask-true-true-true__max_concurrency_values -50__optimization-adam__warm_service-0p5/DAG_N01.json,/opt/Projects/Soft2/NSGD/sanitycheck_sweep_run/logs/stdout/N-1__arrival_rate-20__k_gamma-1-1-1__learn_mask-true-true-true__max_concurrency_values -50__optimization-adam__warm_service-0p5.log,20,0.5,adam,"[true, true, true]","[1, 1, 1]",50
1,1,graph,ALL,,50408,723,47832,572,239,484,2337,0.0143429614346929,0.0463616886208538,0.9488970004761148,0.0096016505316616,48.868099957071024,38.42840305049398,7.265386372169231,0.3569276113168134,0.9586880872847862,1.8586948358062136,50408.0,0.0,352.46282,350.5690207759697,48024,2.16192877564238,1.4382767369320533,6.327014245215483,11.13576745125867,83.52471114286004,47306,2.014458524929022,234,11.944424599976584,484,11.846068563559475,2522.446237724324,0.5,2.0,100.0,0.01,0.1,10.0,0.01,100.0,2.0,0.01,10.0,100.0,ok,,/opt/Projects/Soft2/NSGD/sanitycheck_sweep_run/logs/sanitycheck_sweep_json_N-1__arrival_rate-20__k_gamma-1-1-1__learn_mask-true-true-true__max_concurrency_values -5000000__optimization-adam__warm_service-0p5_arr20_20260526_102132,N-1__arrival_rate-20__k_gamma-1-1-1__learn_mask-true-true-true__max_concurrency_values -5000000__optimization-adam__warm_service-0p5,sanitycheck_sweep_json_N-1__arrival_rate-20__k_gamma-1-1-1__learn_mask-true-true-true__max_concurrency_values -5000000__optimization-adam__warm_service-0p5,1,A1,/opt/Projects/Soft2/NSGD/sanitycheck_sweep_run/configs/N-1__arrival_rate-20__k_gamma-1-1-1__learn_mask-true-true-true__max_concurrency_values -5000000__optimization-adam__warm_service-0p5/input_N01.json,/opt/Projects/Soft2/NSGD/sanitycheck_sweep_run/configs/N-1__arrival_rate-20__k_gamma-1-1-1__learn_mask-true-true-true__max_concurrency_values -5000000__optimization-adam__warm_service-0p5/DAG_N01.json,/opt/Projects/Soft2/NSGD/sanitycheck_sweep_run/logs/stdout/N-1__arrival_rate-20__k_gamma-1-1-1__learn_mask-true-true-true__max_concurrency_values -5000000__optimization-adam__warm_service-0p5.log,20,0.5,adam,"[true, true, true]","[1, 1, 1]",5000000
1,1,graph,ALL,,50457,620,48025,308,330,290,2101,0.01228769050875,0.0416394157401351,0.9518005430366452,0.0057474681411895,48.81337788540531,38.62372774880281,7.685123447609497,0.0537938564548051,1.2948404315683468,1.1558924009698504,50457.0,0.0,314.15433,311.5898913428044,48320,2.1449594453038774,1.43676652880211,6.292151388265526,10.810971673327924,79.74808864290162,47704,2.0180203815369806,327,11.967414147341678,289,11.984261903330491,2525.130768330306,0.5,2.0,100.0,0.01,0.1,9.999999999999998,0.01,100.0,2.0,0.01,10.0,100.0,ok,,/opt/Projects/Soft2/NSGD/sanitycheck_sweep_run/logs/sanitycheck_sweep_json_N-1__arrival_rate-20__k_gamma-1-1-1__learn_mask-false-false-false__max_concurrency_values -50__optimization-adam__warm_service-0p5_arr20_20260526_102138,N-1__arrival_rate-20__k_gamma-1-1-1__learn_mask-false-false-false__max_concurrency_values -50__optimization-adam__warm_service-0p5,sanitycheck_sweep_json_N-1__arrival_rate-20__k_gamma-1-1-1__learn_mask-false-false-false__max_concurrency_values -50__optimization-adam__warm_service-0p5,1,A1,/opt/Projects/Soft2/NSGD/sanitycheck_sweep_run/configs/N-1__arrival_rate-20__k_gamma-1-1-1__learn_mask-false-false-false__max_concurrency_values -50__optimization-adam__warm_service-0p5/input_N01.json,/opt/Projects/Soft2/NSGD/sanitycheck_sweep_run/configs/N-1__arrival_rate-20__k_gamma-1-1-1__learn_mask-false-false-false__max_concurrency_values -50__optimization-adam__warm_service-0p5/DAG_N01.json,/opt/Projects/Soft2/NSGD/sanitycheck_sweep_run/logs/stdout/N-1__arrival_rate-20__k_gamma-1-1-1__learn_mask-false-false-false__max_concurrency_values -50__optimization-adam__warm_service-0p5.log,20,0.5,adam,"[false, false, false]","[1, 1, 1]",50
1,1,graph,ALL,,50457,620,48025,308,330,290,2101,0.01228769050875,0.0416394157401351,0.9518005430366452,0.0057474681411895,48.81337788540531,38.62372774880281,7.685123447609497,0.0537938564548051,1.2948404315683468,1.1558924009698504,50457.0,0.0,314.15433,311.5898913428044,48320,2.1449594453038774,1.43676652880211,6.292151388265526,10.810971673327924,79.74808864290162,47704,2.0180203815369806,327,11.967414147341678,289,11.984261903330491,2525.130768330306,0.5,2.0,100.0,0.01,0.1,9.999999999999998,0.01,100.0,2.0,0.01,10.0,100.0,ok,,/opt/Projects/Soft2/NSGD/sanitycheck_sweep_run/logs/sanitycheck_sweep_json_N-1__arrival_rate-20__k_gamma-1-1-1__learn_mask-false-false-false__max_concurrency_values -5000000__optimization-adam__warm_service-0p5_arr20_20260526_102145,N-1__arrival_rate-20__k_gamma-1-1-1__learn_mask-false-false-false__max_concurrency_values -5000000__optimization-adam__warm_service-0p5,sanitycheck_sweep_json_N-1__arrival_rate-20__k_gamma-1-1-1__learn_mask-false-false-false__max_concurrency_values -5000000__optimization-adam__warm_service-0p5,1,A1,/opt/Projects/Soft2/NSGD/sanitycheck_sweep_run/configs/N-1__arrival_rate-20__k_gamma-1-1-1__learn_mask-false-false-false__max_concurrency_values -5000000__optimization-adam__warm_service-0p5/input_N01.json,/opt/Projects/Soft2/NSGD/sanitycheck_sweep_run/configs/N-1__arrival_rate-20__k_gamma-1-1-1__learn_mask-false-false-false__max_concurrency_values -5000000__optimization-adam__warm_service-0p5/DAG_N01.json,/opt/Projects/Soft2/NSGD/sanitycheck_sweep_run/logs/stdout/N-1__arrival_rate-20__k_gamma-1-1-1__learn_mask-false-false-false__max_concurrency_values -5000000__optimization-adam__warm_service-0p5.log,20,0.5,adam,"[false, false, false]","[1, 1, 1]",5000000
1,1,graph,ALL,,50474,539,48239,344,229,310,2004,0.0106787653049094,0.0397036097792923,0.9557197765186036,0.0061417759638625,48.927851031671885,38.686258921393296,8.009060748487016,0.1558763719927588,0.917381602594628,1.1592733872041865,50474.0,0.0,276.33226,273.5325362072086,48431,2.123647101876329,1.429794673538936,6.236614387283851,10.512502380426357,69.46685000403913,47894,2.0159526924829296,229,12.22242234154614,308,11.361622795392837,2525.67381509655,0.5,2.0,100.0,0.01,0.1,10.0,0.01,100.0,2.0,0.01,10.0,100.0,ok,,/opt/Projects/Soft2/NSGD/sanitycheck_sweep_run/logs/sanitycheck_sweep_json_N-1__arrival_rate-20__k_gamma-1-1-1__learn_mask-true-true-true__max_concurrency_values -50__optimization-RMSProp__warm_service-0p5_arr20_20260526_102153,N-1__arrival_rate-20__k_gamma-1-1-1__learn_mask-true-true-true__max_concurrency_values -50__optimization-RMSProp__warm_service-0p5,sanitycheck_sweep_json_N-1__arrival_rate-20__k_gamma-1-1-1__learn_mask-true-true-true__max_concurrency_values -50__optimization-RMSProp__warm_service-0p5,1,A1,/opt/Projects/Soft2/NSGD/sanitycheck_sweep_run/configs/N-1__arrival_rate-20__k_gamma-1-1-1__learn_mask-true-true-true__max_concurrency_values -50__optimization-RMSProp__warm_service-0p5/input_N01.json,/opt/Projects/Soft2/NSGD/sanitycheck_sweep_run/configs/N-1__arrival_rate-20__k_gamma-1-1-1__learn_mask-true-true-true__max_concurrency_values -50__optimization-RMSProp__warm_service-0p5/DAG_N01.json,/opt/Projects/Soft2/NSGD/sanitycheck_sweep_run/logs/stdout/N-1__arrival_rate-20__k_gamma-1-1-1__learn_mask-true-true-true__max_concurrency_values -50__optimization-RMSProp__warm_service-0p5.log,20,0.5,RMSProp,"[true, true, true]","[1, 1, 1]",50
1,1,graph,ALL,,50474,539,48239,344,229,310,2004,0.0106787653049094,0.0397036097792923,0.9557197765186036,0.0061417759638625,48.927851031671885,38.686258921393296,8.009060748487016,0.1558763719927588,0.917381602594628,1.1592733872041865,50474.0,0.0,276.33226,273.5325362072086,48431,2.123647101876329,1.429794673538936,6.236614387283851,10.512502380426357,69.46685000403913,47894,2.0159526924829296,229,12.22242234154614,308,11.361622795392837,2525.67381509655,0.5,2.0,100.0,0.01,0.1,10.0,0.01,100.0,2.0,0.01,10.0,100.0,ok,,/opt/Projects/Soft2/NSGD/sanitycheck_sweep_run/logs/sanitycheck_sweep_json_N-1__arrival_rate-20__k_gamma-1-1-1__learn_mask-true-true-true__max_concurrency_values -5000000__optimization-RMSProp__warm_service-0p5_arr20_20260526_102200,N-1__arrival_rate-20__k_gamma-1-1-1__learn_mask-true-true-true__max_concurrency_values -5000000__optimization-RMSProp__warm_service-0p5,sanitycheck_sweep_json_N-1__arrival_rate-20__k_gamma-1-1-1__learn_mask-true-true-true__max_concurrency_values -5000000__optimization-RMSProp__warm_service-0p5,1,A1,/opt/Projects/Soft2/NSGD/sanitycheck_sweep_run/configs/N-1__arrival_rate-20__k_gamma-1-1-1__learn_mask-true-true-true__max_concurrency_values -5000000__optimization-RMSProp__warm_service-0p5/input_N01.json,/opt/Projects/Soft2/NSGD/sanitycheck_sweep_run/configs/N-1__arrival_rate-20__k_gamma-1-1-1__learn_mask-true-true-true__max_concurrency_values -5000000__optimization-RMSProp__warm_service-0p5/DAG_N01.json,/opt/Projects/Soft2/NSGD/sanitycheck_sweep_run/logs/stdout/N-1__arrival_rate-20__k_gamma-1-1-1__learn_mask-true-true-true__max_concurrency_values -5000000__optimization-RMSProp__warm_service-0p5.log,20,0.5,RMSProp,"[true, true, true]","[1, 1, 1]",5000000
1,1,graph,ALL,,50457,620,48025,308,330,290,2101,0.01228769050875,0.0416394157401351,0.9518005430366452,0.0057474681411895,48.81337788540531,38.62372774880281,7.685123447609497,0.0537938564548051,1.2948404315683468,1.1558924009698504,50457.0,0.0,314.15433,311.5898913428044,48320,2.1449594453038774,1.43676652880211,6.292151388265526,10.810971673327924,79.74808864290162,47704,2.0180203815369806,327,11.967414147341678,289,11.984261903330491,2525.130768330306,0.5,2.0,100.0,0.01,0.1,9.999999999999998,0.01,100.0,2.0,0.01,10.0,100.0,ok,,/opt/Projects/Soft2/NSGD/sanitycheck_sweep_run/logs/sanitycheck_sweep_json_N-1__arrival_rate-20__k_gamma-1-1-1__learn_mask-false-false-false__max_concurrency_values -50__optimization-RMSProp__warm_service-0p5_arr20_20260526_102208,N-1__arrival_rate-20__k_gamma-1-1-1__learn_mask-false-false-false__max_concurrency_values -50__optimization-RMSProp__warm_service-0p5,sanitycheck_sweep_json_N-1__arrival_rate-20__k_gamma-1-1-1__learn_mask-false-false-false__max_concurrency_values -50__optimization-RMSProp__warm_service-0p5,1,A1,/opt/Projects/Soft2/NSGD/sanitycheck_sweep_run/configs/N-1__arrival_rate-20__k_gamma-1-1-1__learn_mask-false-false-false__max_concurrency_values -50__optimization-RMSProp__warm_service-0p5/input_N01.json,/opt/Projects/Soft2/NSGD/sanitycheck_sweep_run/configs/N-1__arrival_rate-20__k_gamma-1-1-1__learn_mask-false-false-false__max_concurrency_values -50__optimization-RMSProp__warm_service-0p5/DAG_N01.json,/opt/Projects/Soft2/NSGD/sanitycheck_sweep_run/logs/stdout/N-1__arrival_rate-20__k_gamma-1-1-1__learn_mask-false-false-false__max_concurrency_values -50__optimization-RMSProp__warm_service-0p5.log,20,0.5,RMSProp,"[false, false, false]","[1, 1, 1]",50
1,1,graph,ALL,,50457,620,48025,308,330,290,2101,0.01228769050875,0.0416394157401351,0.9518005430366452,0.0057474681411895,48.81337788540531,38.62372774880281,7.685123447609497,0.0537938564548051,1.2948404315683468,1.1558924009698504,50457.0,0.0,314.15433,311.5898913428044,48320,2.1449594453038774,1.43676652880211,6.292151388265526,10.810971673327924,79.74808864290162,47704,2.0180203815369806,327,11.967414147341678,289,11.984261903330491,2525.130768330306,0.5,2.0,100.0,0.01,0.1,9.999999999999998,0.01,100.0,2.0,0.01,10.0,100.0,ok,,/opt/Projects/Soft2/NSGD/sanitycheck_sweep_run/logs/sanitycheck_sweep_json_N-1__arrival_rate-20__k_gamma-1-1-1__learn_mask-false-false-false__max_concurrency_values -5000000__optimization-RMSProp__warm_service-0p5_arr20_20260526_102214,N-1__arrival_rate-20__k_gamma-1-1-1__learn_mask-false-false-false__max_concurrency_values -5000000__optimization-RMSProp__warm_service-0p5,sanitycheck_sweep_json_N-1__arrival_rate-20__k_gamma-1-1-1__learn_mask-false-false-false__max_concurrency_values -5000000__optimization-RMSProp__warm_service-0p5,1,A1,/opt/Projects/Soft2/NSGD/sanitycheck_sweep_run/configs/N-1__arrival_rate-20__k_gamma-1-1-1__learn_mask-false-false-false__max_concurrency_values -5000000__optimization-RMSProp__warm_service-0p5/input_N01.json,/opt/Projects/Soft2/NSGD/sanitycheck_sweep_run/configs/N-1__arrival_rate-20__k_gamma-1-1-1__learn_mask-false-false-false__max_concurrency_values -5000000__optimization-RMSProp__warm_service-0p5/DAG_N01.json,/opt/Projects/Soft2/NSGD/sanitycheck_sweep_run/logs/stdout/N-1__arrival_rate-20__k_gamma-1-1-1__learn_mask-false-false-false__max_concurrency_values -5000000__optimization-RMSProp__warm_service-0p5.log,20,0.5,RMSProp,"[false, false, false]","[1, 1, 1]",5000000
1,1,graph,ALL,,58604,269,40788,110,162,107,17654,0.0045901303665278,0.3012422360248447,0.6959934475462426,0.0018258139376151,49.93165350301656,46.94055568334096,2.0595399184635967,0.0097325151006881,0.5922596067942607,0.3295657793170342,58604.0,0.0,180.93461,147.89996363745846,40902,3.42191136225104,2.37387468016766,10.169126585214416,16.07108720227893,70.85833569486086,40633,3.3568435002191324,162,13.986733153692676,107,12.135942275605585,2927.3321853103234,0.3,3.333333333333333,100.0,0.01,0.1,10.0,0.01,100.0,3.333333333333333,0.01,10.0,100.0,ok,,/opt/Projects/Soft2/NSGD/sanitycheck_sweep_run/logs/sanitycheck_sweep_json_N-1__arrival_rate-20__k_gamma-1-1-1__learn_mask-true-true-true__max_concurrency_values -50__optimization-adam__warm_service-0p3_arr20_20260526_102221,N-1__arrival_rate-20__k_gamma-1-1-1__learn_mask-true-true-true__max_concurrency_values -50__optimization-adam__warm_service-0p3,sanitycheck_sweep_json_N-1__arrival_rate-20__k_gamma-1-1-1__learn_mask-true-true-true__max_concurrency_values -50__optimization-adam__warm_service-0p3,1,A1,/opt/Projects/Soft2/NSGD/sanitycheck_sweep_run/configs/N-1__arrival_rate-20__k_gamma-1-1-1__learn_mask-true-true-true__max_concurrency_values -50__optimization-adam__warm_service-0p3/input_N01.json,/opt/Projects/Soft2/NSGD/sanitycheck_sweep_run/configs/N-1__arrival_rate-20__k_gamma-1-1-1__learn_mask-true-true-true__max_concurrency_values -50__optimization-adam__warm_service-0p3/DAG_N01.json,/opt/Projects/Soft2/NSGD/sanitycheck_sweep_run/logs/stdout/N-1__arrival_rate-20__k_gamma-1-1-1__learn_mask-true-true-true__max_concurrency_values -50__optimization-adam__warm_service-0p3.log,20,0.3,adam,"[true, true, true]","[1, 1, 1]",50
1,1,graph,ALL,,58604,269,40788,110,162,107,17654,0.0045901303665278,0.3012422360248447,0.6959934475462426,0.0018258139376151,49.93165350301656,46.94055568334096,2.0595399184635967,0.0097325151006881,0.5922596067942607,0.3295657793170342,58604.0,0.0,180.93461,147.89996363745846,40902,3.42191136225104,2.37387468016766,10.169126585214416,16.07108720227893,70.85833569486086,40633,3.3568435002191324,162,13.986733153692676,107,12.135942275605585,2927.3321853103234,0.3,3.333333333333333,100.0,0.01,0.1,10.0,0.01,100.0,3.333333333333333,0.01,10.0,100.0,ok,,/opt/Projects/Soft2/NSGD/sanitycheck_sweep_run/logs/sanitycheck_sweep_json_N-1__arrival_rate-20__k_gamma-1-1-1__learn_mask-true-true-true__max_concurrency_values -5000000__optimization-adam__warm_service-0p3_arr20_20260526_102228,N-1__arrival_rate-20__k_gamma-1-1-1__learn_mask-true-true-true__max_concurrency_values -5000000__optimization-adam__warm_service-0p3,sanitycheck_sweep_json_N-1__arrival_rate-20__k_gamma-1-1-1__learn_mask-true-true-true__max_concurrency_values -5000000__optimization-adam__warm_service-0p3,1,A1,/opt/Projects/Soft2/NSGD/sanitycheck_sweep_run/configs/N-1__arrival_rate-20__k_gamma-1-1-1__learn_mask-true-true-true__max_concurrency_values -5000000__optimization-adam__warm_service-0p3/input_N01.json,/opt/Projects/Soft2/NSGD/sanitycheck_sweep_run/configs/N-1__arrival_rate-20__k_gamma-1-1-1__learn_mask-true-true-true__max_concurrency_values -5000000__optimization-adam__warm_service-0p3/DAG_N01.json,/opt/Projects/Soft2/NSGD/sanitycheck_sweep_run/logs/stdout/N-1__arrival_rate-20__k_gamma-1-1-1__learn_mask-true-true-true__max_concurrency_values -5000000__optimization-adam__warm_service-0p3.log,20,0.3,adam,"[true, true, true]","[1, 1, 1]",5000000
1,1,graph,ALL,,58584,244,40900,122,124,120,17560,0.0041649597159634,0.2997405434931039,0.6981428376348491,0.0020483408439164,49.93318519171811,47.025682327820746,2.0502118347589087,0.0054273756806519,0.4432761150591874,0.4085875383986151,58584.0,0.0,172.81705,140.59892648881183,40974,3.4149828479070776,2.368728134911862,10.152576732771433,15.99813270344188,70.85833569486086,40730,3.353748457760931,124,14.020898363424326,120,13.239509403977332,2926.4437633553207,0.3,3.333333333333333,100.0,0.01,0.1,10.0,0.01,100.0,3.333333333333333,0.01,10.0,100.0,ok,,/opt/Projects/Soft2/NSGD/sanitycheck_sweep_run/logs/sanitycheck_sweep_json_N-1__arrival_rate-20__k_gamma-1-1-1__learn_mask-false-false-false__max_concurrency_values -50__optimization-adam__warm_service-0p3_arr20_20260526_102235,N-1__arrival_rate-20__k_gamma-1-1-1__learn_mask-false-false-false__max_concurrency_values -50__optimization-adam__warm_service-0p3,sanitycheck_sweep_json_N-1__arrival_rate-20__k_gamma-1-1-1__learn_mask-false-false-false__max_concurrency_values -50__optimization-adam__warm_service-0p3,1,A1,/opt/Projects/Soft2/NSGD/sanitycheck_sweep_run/configs/N-1__arrival_rate-20__k_gamma-1-1-1__learn_mask-false-false-false__max_concurrency_values -50__optimization-adam__warm_service-0p3/input_N01.json,/opt/Projects/Soft2/NSGD/sanitycheck_sweep_run/configs/N-1__arrival_rate-20__k_gamma-1-1-1__learn_mask-false-false-false__max_concurrency_values -50__optimization-adam__warm_service-0p3/DAG_N01.json,/opt/Projects/Soft2/NSGD/sanitycheck_sweep_run/logs/stdout/N-1__arrival_rate-20__k_gamma-1-1-1__learn_mask-false-false-false__max_concurrency_values -50__optimization-adam__warm_service-0p3.log,20,0.3,adam,"[false, false, false]","[1, 1, 1]",50
1,1,graph,ALL,,58584,244,40900,122,124,120,17560,0.0041649597159634,0.2997405434931039,0.6981428376348491,0.0020483408439164,49.93318519171811,47.025682327820746,2.0502118347589087,0.0054273756806519,0.4432761150591874,0.4085875383986151,58584.0,0.0,172.81705,140.59892648881183,40974,3.4149828479070776,2.368728134911862,10.152576732771433,15.99813270344188,70.85833569486086,40730,3.353748457760931,124,14.020898363424326,120,13.239509403977332,2926.4437633553207,0.3,3.333333333333333,100.0,0.01,0.1,10.0,0.01,100.0,3.333333333333333,0.01,10.0,100.0,ok,,/opt/Projects/Soft2/NSGD/sanitycheck_sweep_run/logs/sanitycheck_sweep_json_N-1__arrival_rate-20__k_gamma-1-1-1__learn_mask-false-false-false__max_concurrency_values -5000000__optimization-adam__warm_service-0p3_arr20_20260526_102242,N-1__arrival_rate-20__k_gamma-1-1-1__learn_mask-false-false-false__max_concurrency_values -5000000__optimization-adam__warm_service-0p3,sanitycheck_sweep_json_N-1__arrival_rate-20__k_gamma-1-1-1__learn_mask-false-false-false__max_concurrency_values -5000000__optimization-adam__warm_service-0p3,1,A1,/opt/Projects/Soft2/NSGD/sanitycheck_sweep_run/configs/N-1__arrival_rate-20__k_gamma-1-1-1__learn_mask-false-false-false__max_concurrency_values -5000000__optimization-adam__warm_service-0p3/input_N01.json,/opt/Projects/Soft2/NSGD/sanitycheck_sweep_run/configs/N-1__arrival_rate-20__k_gamma-1-1-1__learn_mask-false-false-false__max_concurrency_values -5000000__optimization-adam__warm_service-0p3/DAG_N01.json,/opt/Projects/Soft2/NSGD/sanitycheck_sweep_run/logs/stdout/N-1__arrival_rate-20__k_gamma-1-1-1__learn_mask-false-false-false__max_concurrency_values -5000000__optimization-adam__warm_service-0p3.log,20,0.3,adam,"[false, false, false]","[1, 1, 1]",5000000
1,1,graph,ALL,,58598,251,40851,118,137,114,17610,0.004283422642411,0.3005222021229393,0.6971398341240316,0.0019454588893818,49.94440961500327,46.98626231061356,2.062662669279826,0.0105248875741747,0.5017194640439152,0.3832402834917987,58598.0,0.0,176.7512,144.08498557829432,40942,3.4193182115386827,2.373244603270677,10.157956855289187,16.09280003350043,70.85833569486086,40691,3.35573257037254,137,14.234061888829707,114,13.11882207910623,2927.044946427194,0.3,3.333333333333333,100.0,0.01,0.1,10.0,0.01,100.0,3.333333333333333,0.01,10.0,100.0,ok,,/opt/Projects/Soft2/NSGD/sanitycheck_sweep_run/logs/sanitycheck_sweep_json_N-1__arrival_rate-20__k_gamma-1-1-1__learn_mask-true-true-true__max_concurrency_values -50__optimization-RMSProp__warm_service-0p3_arr20_20260526_102249,N-1__arrival_rate-20__k_gamma-1-1-1__learn_mask-true-true-true__max_concurrency_values -50__optimization-RMSProp__warm_service-0p3,sanitycheck_sweep_json_N-1__arrival_rate-20__k_gamma-1-1-1__learn_mask-true-true-true__max_concurrency_values -50__optimization-RMSProp__warm_service-0p3,1,A1,/opt/Projects/Soft2/NSGD/sanitycheck_sweep_run/configs/N-1__arrival_rate-20__k_gamma-1-1-1__learn_mask-true-true-true__max_concurrency_values -50__optimization-RMSProp__warm_service-0p3/input_N01.json,/opt/Projects/Soft2/NSGD/sanitycheck_sweep_run/configs/N-1__arrival_rate-20__k_gamma-1-1-1__learn_mask-true-true-true__max_concurrency_values -50__optimization-RMSProp__warm_service-0p3/DAG_N01.json,/opt/Projects/Soft2/NSGD/sanitycheck_sweep_run/logs/stdout/N-1__arrival_rate-20__k_gamma-1-1-1__learn_mask-true-true-true__max_concurrency_values -50__optimization-RMSProp__warm_service-0p3.log,20,0.3,RMSProp,"[true, true, true]","[1, 1, 1]",50
1,1,graph,ALL,,58598,251,40851,118,137,114,17610,0.004283422642411,0.3005222021229393,0.6971398341240316,0.0019454588893818,49.94440961500327,46.98626231061356,2.062662669279826,0.0105248875741747,0.5017194640439152,0.3832402834917987,58598.0,0.0,176.7512,144.08498557829432,40942,3.4193182115386827,2.373244603270677,10.157956855289187,16.09280003350043,70.85833569486086,40691,3.35573257037254,137,14.234061888829707,114,13.11882207910623,2927.044946427194,0.3,3.333333333333333,100.0,0.01,0.1,10.0,0.01,100.0,3.333333333333333,0.01,10.0,100.0,ok,,/opt/Projects/Soft2/NSGD/sanitycheck_sweep_run/logs/sanitycheck_sweep_json_N-1__arrival_rate-20__k_gamma-1-1-1__learn_mask-true-true-true__max_concurrency_values -5000000__optimization-RMSProp__warm_service-0p3_arr20_20260526_102256,N-1__arrival_rate-20__k_gamma-1-1-1__learn_mask-true-true-true__max_concurrency_values -5000000__optimization-RMSProp__warm_service-0p3,sanitycheck_sweep_json_N-1__arrival_rate-20__k_gamma-1-1-1__learn_mask-true-true-true__max_concurrency_values -5000000__optimization-RMSProp__warm_service-0p3,1,A1,/opt/Projects/Soft2/NSGD/sanitycheck_sweep_run/configs/N-1__arrival_rate-20__k_gamma-1-1-1__learn_mask-true-true-true__max_concurrency_values -5000000__optimization-RMSProp__warm_service-0p3/input_N01.json,/opt/Projects/Soft2/NSGD/sanitycheck_sweep_run/configs/N-1__arrival_rate-20__k_gamma-1-1-1__learn_mask-true-true-true__max_concurrency_values -5000000__optimization-RMSProp__warm_service-0p3/DAG_N01.json,/opt/Projects/Soft2/NSGD/sanitycheck_sweep_run/logs/stdout/N-1__arrival_rate-20__k_gamma-1-1-1__learn_mask-true-true-true__max_concurrency_values -5000000__optimization-RMSProp__warm_service-0p3.log,20,0.3,RMSProp,"[true, true, true]","[1, 1, 1]",5000000
1,1,graph,ALL,,58584,244,40900,122,124,120,17560,0.0041649597159634,0.2997405434931039,0.6981428376348491,0.0020483408439164,49.93318519171811,47.025682327820746,2.0502118347589087,0.0054273756806519,0.4432761150591874,0.4085875383986151,58584.0,0.0,172.81705,140.59892648881183,40974,3.4149828479070776,2.368728134911862,10.152576732771433,15.99813270344188,70.85833569486086,40730,3.353748457760931,124,14.020898363424326,120,13.239509403977332,2926.4437633553207,0.3,3.333333333333333,100.0,0.01,0.1,10.0,0.01,100.0,3.333333333333333,0.01,10.0,100.0,ok,,/opt/Projects/Soft2/NSGD/sanitycheck_sweep_run/logs/sanitycheck_sweep_json_N-1__arrival_rate-20__k_gamma-1-1-1__learn_mask-false-false-false__max_concurrency_values -50__optimization-RMSProp__warm_service-0p3_arr20_20260526_102302,N-1__arrival_rate-20__k_gamma-1-1-1__learn_mask-false-false-false__max_concurrency_values -50__optimization-RMSProp__warm_service-0p3,sanitycheck_sweep_json_N-1__arrival_rate-20__k_gamma-1-1-1__learn_mask-false-false-false__max_concurrency_values -50__optimization-RMSProp__warm_service-0p3,1,A1,/opt/Projects/Soft2/NSGD/sanitycheck_sweep_run/configs/N-1__arrival_rate-20__k_gamma-1-1-1__learn_mask-false-false-false__max_concurrency_values -50__optimization-RMSProp__warm_service-0p3/input_N01.json,/opt/Projects/Soft2/NSGD/sanitycheck_sweep_run/configs/N-1__arrival_rate-20__k_gamma-1-1-1__learn_mask-false-false-false__max_concurrency_values -50__optimization-RMSProp__warm_service-0p3/DAG_N01.json,/opt/Projects/Soft2/NSGD/sanitycheck_sweep_run/logs/stdout/N-1__arrival_rate-20__k_gamma-1-1-1__learn_mask-false-false-false__max_concurrency_values -50__optimization-RMSProp__warm_service-0p3.log,20,0.3,RMSProp,"[false, false, false]","[1, 1, 1]",50
1,1,graph,ALL,,58584,244,40900,122,124,120,17560,0.0041649597159634,0.2997405434931039,0.6981428376348491,0.0020483408439164,49.93318519171811,47.025682327820746,2.0502118347589087,0.0054273756806519,0.4432761150591874,0.4085875383986151,58584.0,0.0,172.81705,140.59892648881183,40974,3.4149828479070776,2.368728134911862,10.152576732771433,15.99813270344188,70.85833569486086,40730,3.353748457760931,124,14.020898363424326,120,13.239509403977332,2926.4437633553207,0.3,3.333333333333333,100.0,0.01,0.1,10.0,0.01,100.0,3.333333333333333,0.01,10.0,100.0,ok,,/opt/Projects/Soft2/NSGD/sanitycheck_sweep_run/logs/sanitycheck_sweep_json_N-1__arrival_rate-20__k_gamma-1-1-1__learn_mask-false-false-false__max_concurrency_values -5000000__optimization-RMSProp__warm_service-0p3_arr20_20260526_102310,N-1__arrival_rate-20__k_gamma-1-1-1__learn_mask-false-false-false__max_concurrency_values -5000000__optimization-RMSProp__warm_service-0p3,sanitycheck_sweep_json_N-1__arrival_rate-20__k_gamma-1-1-1__learn_mask-false-false-false__max_concurrency_values -5000000__optimization-RMSProp__warm_service-0p3,1,A1,/opt/Projects/Soft2/NSGD/sanitycheck_sweep_run/configs/N-1__arrival_rate-20__k_gamma-1-1-1__learn_mask-false-false-false__max_concurrency_values -5000000__optimization-RMSProp__warm_service-0p3/input_N01.json,/opt/Projects/Soft2/NSGD/sanitycheck_sweep_run/configs/N-1__arrival_rate-20__k_gamma-1-1-1__learn_mask-false-false-false__max_concurrency_values -5000000__optimization-RMSProp__warm_service-0p3/DAG_N01.json,/opt/Projects/Soft2/NSGD/sanitycheck_sweep_run/logs/stdout/N-1__arrival_rate-20__k_gamma-1-1-1__learn_mask-false-false-false__max_concurrency_values -5000000__optimization-RMSProp__warm_service-0p3.log,20,0.3,RMSProp,"[false, false, false]","[1, 1, 1]",5000000
1,1,graph,ALL,,48248,582,47824,1424,383,199,41,0.0120626761731056,0.0008497761565246,0.9912120709666722,0.0041245232963024,42.7342033621144,10.1443228113234,30.679468644958348,1.3106143269478376,0.4051896469611245,0.1946079319236923,9673.0,38575.0,149.16254,141.03507751888466,9617,2.103421427880273,1.9065425772284923,3.954626627780453,5.8961161825116095,15.663106733494658,47611,0.3975024431017391,382,2.4091875373715523,199,2.258271790274626,1889.4072310341987,2.5,0.4,500.0,0.002,0.5,2.0,0.05,20.0,2.0,0.01,10.0,100.0,ok,,/opt/Projects/Soft2/NSGD/sanitycheck_sweep_run/logs/sanitycheck_sweep_json_N-5__arrival_rate-5__k_gamma-1-1-1__learn_mask-true-true-true__max_concurrency_values -50__optimization-adam__warm_service-0p5_arr5_20260526_102316,N-5__arrival_rate-5__k_gamma-1-1-1__learn_mask-true-true-true__max_concurrency_values -50__optimization-adam__warm_service-0p5,sanitycheck_sweep_json_N-5__arrival_rate-5__k_gamma-1-1-1__learn_mask-true-true-true__max_concurrency_values -50__optimization-adam__warm_service-0p5,5,A1->A2->A3->A4->A5,/opt/Projects/Soft2/NSGD/sanitycheck_sweep_run/configs/N-5__arrival_rate-5__k_gamma-1-1-1__learn_mask-true-true-true__max_concurrency_values -50__optimization-adam__warm_service-0p5/input_N05.json,/opt/Projects/Soft2/NSGD/sanitycheck_sweep_run/configs/N-5__arrival_rate-5__k_gamma-1-1-1__learn_mask-true-true-true__max_concurrency_values -50__optimization-adam__warm_service-0p5/DAG_N05.json,/opt/Projects/Soft2/NSGD/sanitycheck_sweep_run/logs/stdout/N-5__arrival_rate-5__k_gamma-1-1-1__learn_mask-true-true-true__max_concurrency_values -50__optimization-adam__warm_service-0p5.log,5,0.5,adam,"[true, true, true]","[1, 1, 1]",50
1,1,graph,ALL,,48248,582,47824,1424,383,199,41,0.0120626761731056,0.0008497761565246,0.9912120709666722,0.0041245232963024,42.7342033621144,10.1443228113234,30.679468644958348,1.3106143269478376,0.4051896469611245,0.1946079319236923,9673.0,38575.0,149.16254,141.03507751888466,9617,2.103421427880273,1.9065425772284923,3.954626627780453,5.8961161825116095,15.663106733494658,47611,0.3975024431017391,382,2.4091875373715523,199,2.258271790274626,1889.4072310341987,2.5,0.4,500.0,0.002,0.5,2.0,0.05,20.0,2.0,0.01,10.0,100.0,ok,,/opt/Projects/Soft2/NSGD/sanitycheck_sweep_run/logs/sanitycheck_sweep_json_N-5__arrival_rate-5__k_gamma-1-1-1__learn_mask-true-true-true__max_concurrency_values -5000000__optimization-adam__warm_service-0p5_arr5_20260526_102332,N-5__arrival_rate-5__k_gamma-1-1-1__learn_mask-true-true-true__max_concurrency_values -5000000__optimization-adam__warm_service-0p5,sanitycheck_sweep_json_N-5__arrival_rate-5__k_gamma-1-1-1__learn_mask-true-true-true__max_concurrency_values -5000000__optimization-adam__warm_service-0p5,5,A1->A2->A3->A4->A5,/opt/Projects/Soft2/NSGD/sanitycheck_sweep_run/configs/N-5__arrival_rate-5__k_gamma-1-1-1__learn_mask-true-true-true__max_concurrency_values -5000000__optimization-adam__warm_service-0p5/input_N05.json,/opt/Projects/Soft2/NSGD/sanitycheck_sweep_run/configs/N-5__arrival_rate-5__k_gamma-1-1-1__learn_mask-true-true-true__max_concurrency_values -5000000__optimization-adam__warm_service-0p5/DAG_N05.json,/opt/Projects/Soft2/NSGD/sanitycheck_sweep_run/logs/stdout/N-5__arrival_rate-5__k_gamma-1-1-1__learn_mask-true-true-true__max_concurrency_values -5000000__optimization-adam__warm_service-0p5.log,5,0.5,adam,"[true, true, true]","[1, 1, 1]",5000000
1,1,graph,ALL,,48741,861,48247,792,488,373,6,0.0176647996553209,0.0001230996491659,0.9898647955519994,0.0076526948564863,33.56565661064809,10.14652506223848,22.07927219799134,0.4394488976730766,0.5029838932035222,0.3974265595416678,9751.0,38991.0,161.71348,151.04541148483207,9734,2.1633877742472505,1.9285012679842453,4.2159071899914125,6.7320281836599305,16.757126946049993,47864,0.3969907138242972,488,2.394009016136343,373,2.450495259472115,1908.9666145320248,2.5,0.4,500.0,0.002,0.5,2.0,0.05,20.0,2.0,0.01,10.0,100.0,ok,,/opt/Projects/Soft2/NSGD/sanitycheck_sweep_run/logs/sanitycheck_sweep_json_N-5__arrival_rate-5__k_gamma-1-1-1__learn_mask-false-false-false__max_concurrency_values -50__optimization-adam__warm_service-0p5_arr5_20260526_102348,N-5__arrival_rate-5__k_gamma-1-1-1__learn_mask-false-false-false__max_concurrency_values -50__optimization-adam__warm_service-0p5,sanitycheck_sweep_json_N-5__arrival_rate-5__k_gamma-1-1-1__learn_mask-false-false-false__max_concurrency_values -50__optimization-adam__warm_service-0p5,5,A1->A2->A3->A4->A5,/opt/Projects/Soft2/NSGD/sanitycheck_sweep_run/configs/N-5__arrival_rate-5__k_gamma-1-1-1__learn_mask-false-false-false__max_concurrency_values -50__optimization-adam__warm_service-0p5/input_N05.json,/opt/Projects/Soft2/NSGD/sanitycheck_sweep_run/configs/N-5__arrival_rate-5__k_gamma-1-1-1__learn_mask-false-false-false__max_concurrency_values -50__optimization-adam__warm_service-0p5/DAG_N05.json,/opt/Projects/Soft2/NSGD/sanitycheck_sweep_run/logs/stdout/N-5__arrival_rate-5__k_gamma-1-1-1__learn_mask-false-false-false__max_concurrency_values -50__optimization-adam__warm_service-0p5.log,5,0.5,adam,"[false, false, false]","[1, 1, 1]",50
1,1,graph,ALL,,48741,861,48247,792,488,373,6,0.0176647996553209,0.0001230996491659,0.9898647955519994,0.0076526948564863,33.56565661064809,10.14652506223848,22.07927219799134,0.4394488976730766,0.5029838932035222,0.3974265595416678,9751.0,38991.0,161.71348,151.04541148483207,9734,2.1633877742472505,1.9285012679842453,4.2159071899914125,6.7320281836599305,16.757126946049993,47864,0.3969907138242972,488,2.394009016136343,373,2.450495259472115,1908.9666145320248,2.5,0.4,500.0,0.002,0.5,2.0,0.05,20.0,2.0,0.01,10.0,100.0,ok,,/opt/Projects/Soft2/NSGD/sanitycheck_sweep_run/logs/sanitycheck_sweep_json_N-5__arrival_rate-5__k_gamma-1-1-1__learn_mask-false-false-false__max_concurrency_values -5000000__optimization-adam__warm_service-0p5_arr5_20260526_102404,N-5__arrival_rate-5__k_gamma-1-1-1__learn_mask-false-false-false__max_concurrency_values -5000000__optimization-adam__warm_service-0p5,sanitycheck_sweep_json_N-5__arrival_rate-5__k_gamma-1-1-1__learn_mask-false-false-false__max_concurrency_values -5000000__optimization-adam__warm_service-0p5,5,A1->A2->A3->A4->A5,/opt/Projects/Soft2/NSGD/sanitycheck_sweep_run/configs/N-5__arrival_rate-5__k_gamma-1-1-1__learn_mask-false-false-false__max_concurrency_values -5000000__optimization-adam__warm_service-0p5/input_N05.json,/opt/Projects/Soft2/NSGD/sanitycheck_sweep_run/configs/N-5__arrival_rate-5__k_gamma-1-1-1__learn_mask-false-false-false__max_concurrency_values -5000000__optimization-adam__warm_service-0p5/DAG_N05.json,/opt/Projects/Soft2/NSGD/sanitycheck_sweep_run/logs/stdout/N-5__arrival_rate-5__k_gamma-1-1-1__learn_mask-false-false-false__max_concurrency_values -5000000__optimization-adam__warm_service-0p5.log,5,0.5,adam,"[false, false, false]","[1, 1, 1]",5000000
1,1,graph,ALL,,48090,325,47875,1799,165,160,50,0.0067581617799958,0.0010397171969224,0.9955292160532336,0.0033270950301517,44.36907369133319,10.122011605441957,32.16037668778856,1.77894396712963,0.1663659531662373,0.1413754778068084,9644.0,38447.0,120.60383,115.6503350688368,9583,2.044538843569053,1.882010754499106,3.815994600026334,5.208841416583078,14.244507448858345,47705,0.3969563125994227,165,2.351985144071556,160,2.0845008524793256,1885.250274810701,2.5,0.4,500.0,0.002,0.5,2.0,0.05,20.0,2.0,0.01,10.0,100.0,ok,,/opt/Projects/Soft2/NSGD/sanitycheck_sweep_run/logs/sanitycheck_sweep_json_N-5__arrival_rate-5__k_gamma-1-1-1__learn_mask-true-true-true__max_concurrency_values -50__optimization-RMSProp__warm_service-0p5_arr5_20260526_102419,N-5__arrival_rate-5__k_gamma-1-1-1__learn_mask-true-true-true__max_concurrency_values -50__optimization-RMSProp__warm_service-0p5,sanitycheck_sweep_json_N-5__arrival_rate-5__k_gamma-1-1-1__learn_mask-true-true-true__max_concurrency_values -50__optimization-RMSProp__warm_service-0p5,5,A1->A2->A3->A4->A5,/opt/Projects/Soft2/NSGD/sanitycheck_sweep_run/configs/N-5__arrival_rate-5__k_gamma-1-1-1__learn_mask-true-true-true__max_concurrency_values -50__optimization-RMSProp__warm_service-0p5/input_N05.json,/opt/Projects/Soft2/NSGD/sanitycheck_sweep_run/configs/N-5__arrival_rate-5__k_gamma-1-1-1__learn_mask-true-true-true__max_concurrency_values -50__optimization-RMSProp__warm_service-0p5/DAG_N05.json,/opt/Projects/Soft2/NSGD/sanitycheck_sweep_run/logs/stdout/N-5__arrival_rate-5__k_gamma-1-1-1__learn_mask-true-true-true__max_concurrency_values -50__optimization-RMSProp__warm_service-0p5.log,5,0.5,RMSProp,"[true, true, true]","[1, 1, 1]",50
1,1,graph,ALL,,48090,325,47875,1799,165,160,50,0.0067581617799958,0.0010397171969224,0.9955292160532336,0.0033270950301517,44.36907369133319,10.122011605441957,32.16037668778856,1.77894396712963,0.1663659531662373,0.1413754778068084,9644.0,38447.0,120.60383,115.6503350688368,9583,2.044538843569053,1.882010754499106,3.815994600026334,5.208841416583078,14.244507448858345,47705,0.3969563125994227,165,2.351985144071556,160,2.0845008524793256,1885.250274810701,2.5,0.4,500.0,0.002,0.5,2.0,0.05,20.0,2.0,0.01,10.0,100.0,ok,,/opt/Projects/Soft2/NSGD/sanitycheck_sweep_run/logs/sanitycheck_sweep_json_N-5__arrival_rate-5__k_gamma-1-1-1__learn_mask-true-true-true__max_concurrency_values -5000000__optimization-RMSProp__warm_service-0p5_arr5_20260526_102435,N-5__arrival_rate-5__k_gamma-1-1-1__learn_mask-true-true-true__max_concurrency_values -5000000__optimization-RMSProp__warm_service-0p5,sanitycheck_sweep_json_N-5__arrival_rate-5__k_gamma-1-1-1__learn_mask-true-true-true__max_concurrency_values -5000000__optimization-RMSProp__warm_service-0p5,5,A1->A2->A3->A4->A5,/opt/Projects/Soft2/NSGD/sanitycheck_sweep_run/configs/N-5__arrival_rate-5__k_gamma-1-1-1__learn_mask-true-true-true__max_concurrency_values -5000000__optimization-RMSProp__warm_service-0p5/input_N05.json,/opt/Projects/Soft2/NSGD/sanitycheck_sweep_run/configs/N-5__arrival_rate-5__k_gamma-1-1-1__learn_mask-true-true-true__max_concurrency_values -5000000__optimization-RMSProp__warm_service-0p5/DAG_N05.json,/opt/Projects/Soft2/NSGD/sanitycheck_sweep_run/logs/stdout/N-5__arrival_rate-5__k_gamma-1-1-1__learn_mask-true-true-true__max_concurrency_values -5000000__optimization-RMSProp__warm_service-0p5.log,5,0.5,RMSProp,"[true, true, true]","[1, 1, 1]",5000000
1,1,graph,ALL,,48741,861,48247,792,488,373,6,0.0176647996553209,0.0001230996491659,0.9898647955519994,0.0076526948564863,33.56565661064809,10.14652506223848,22.07927219799134,0.4394488976730766,0.5029838932035222,0.3974265595416678,9751.0,38991.0,161.71348,151.04541148483207,9734,2.1633877742472505,1.9285012679842453,4.2159071899914125,6.7320281836599305,16.757126946049993,47864,0.3969907138242972,488,2.394009016136343,373,2.450495259472115,1908.9666145320248,2.5,0.4,500.0,0.002,0.5,2.0,0.05,20.0,2.0,0.01,10.0,100.0,ok,,/opt/Projects/Soft2/NSGD/sanitycheck_sweep_run/logs/sanitycheck_sweep_json_N-5__arrival_rate-5__k_gamma-1-1-1__learn_mask-false-false-false__max_concurrency_values -50__optimization-RMSProp__warm_service-0p5_arr5_20260526_102450,N-5__arrival_rate-5__k_gamma-1-1-1__learn_mask-false-false-false__max_concurrency_values -50__optimization-RMSProp__warm_service-0p5,sanitycheck_sweep_json_N-5__arrival_rate-5__k_gamma-1-1-1__learn_mask-false-false-false__max_concurrency_values -50__optimization-RMSProp__warm_service-0p5,5,A1->A2->A3->A4->A5,/opt/Projects/Soft2/NSGD/sanitycheck_sweep_run/configs/N-5__arrival_rate-5__k_gamma-1-1-1__learn_mask-false-false-false__max_concurrency_values -50__optimization-RMSProp__warm_service-0p5/input_N05.json,/opt/Projects/Soft2/NSGD/sanitycheck_sweep_run/configs/N-5__arrival_rate-5__k_gamma-1-1-1__learn_mask-false-false-false__max_concurrency_values -50__optimization-RMSProp__warm_service-0p5/DAG_N05.json,/opt/Projects/Soft2/NSGD/sanitycheck_sweep_run/logs/stdout/N-5__arrival_rate-5__k_gamma-1-1-1__learn_mask-false-false-false__max_concurrency_values -50__optimization-RMSProp__warm_service-0p5.log,5,0.5,RMSProp,"[false, false, false]","[1, 1, 1]",50
1,1,graph,ALL,,48741,861,48247,792,488,373,6,0.0176647996553209,0.0001230996491659,0.9898647955519994,0.0076526948564863,33.56565661064809,10.14652506223848,22.07927219799134,0.4394488976730766,0.5029838932035222,0.3974265595416678,9751.0,38991.0,161.71348,151.04541148483207,9734,2.1633877742472505,1.9285012679842453,4.2159071899914125,6.7320281836599305,16.757126946049993,47864,0.3969907138242972,488,2.394009016136343,373,2.450495259472115,1908.9666145320248,2.5,0.4,500.0,0.002,0.5,2.0,0.05,20.0,2.0,0.01,10.0,100.0,ok,,/opt/Projects/Soft2/NSGD/sanitycheck_sweep_run/logs/sanitycheck_sweep_json_N-5__arrival_rate-5__k_gamma-1-1-1__learn_mask-false-false-false__max_concurrency_values -5000000__optimization-RMSProp__warm_service-0p5_arr5_20260526_102506,N-5__arrival_rate-5__k_gamma-1-1-1__learn_mask-false-false-false__max_concurrency_values -5000000__optimization-RMSProp__warm_service-0p5,sanitycheck_sweep_json_N-5__arrival_rate-5__k_gamma-1-1-1__learn_mask-false-false-false__max_concurrency_values -5000000__optimization-RMSProp__warm_service-0p5,5,A1->A2->A3->A4->A5,/opt/Projects/Soft2/NSGD/sanitycheck_sweep_run/configs/N-5__arrival_rate-5__k_gamma-1-1-1__learn_mask-false-false-false__max_concurrency_values -5000000__optimization-RMSProp__warm_service-0p5/input_N05.json,/opt/Projects/Soft2/NSGD/sanitycheck_sweep_run/configs/N-5__arrival_rate-5__k_gamma-1-1-1__learn_mask-false-false-false__max_concurrency_values -5000000__optimization-RMSProp__warm_service-0p5/DAG_N05.json,/opt/Projects/Soft2/NSGD/sanitycheck_sweep_run/logs/stdout/N-5__arrival_rate-5__k_gamma-1-1-1__learn_mask-false-false-false__max_concurrency_values -5000000__optimization-RMSProp__warm_service-0p5.log,5,0.5,RMSProp,"[false, false, false]","[1, 1, 1]",5000000
1,1,graph,ALL,,48315,499,47726,1650,242,257,347,0.0103280554693159,0.0071820345648349,0.987809168995136,0.0053192590292869,47.25517544043825,16.558985465611972,28.73628637446356,1.425707194456597,0.2667829015440827,0.2674135043620396,9794.0,38521.0,142.92938,137.250716806962,9434,3.408485380437419,3.132197452037701,6.364204558438964,8.342220109293532,18.90740653826037,47456,0.6620604223318415,242,2.796291550588904,257,2.654526785123609,1918.3193271049693,1.5,0.6666666666666666,500.0,0.002,0.5,2.0,0.05,20.0,3.333333333333333,0.01,10.0,100.0,ok,,/opt/Projects/Soft2/NSGD/sanitycheck_sweep_run/logs/sanitycheck_sweep_json_N-5__arrival_rate-5__k_gamma-1-1-1__learn_mask-true-true-true__max_concurrency_values -50__optimization-adam__warm_service-0p3_arr5_20260526_102522,N-5__arrival_rate-5__k_gamma-1-1-1__learn_mask-true-true-true__max_concurrency_values -50__optimization-adam__warm_service-0p3,sanitycheck_sweep_json_N-5__arrival_rate-5__k_gamma-1-1-1__learn_mask-true-true-true__max_concurrency_values -50__optimization-adam__warm_service-0p3,5,A1->A2->A3->A4->A5,/opt/Projects/Soft2/NSGD/sanitycheck_sweep_run/configs/N-5__arrival_rate-5__k_gamma-1-1-1__learn_mask-true-true-true__max_concurrency_values -50__optimization-adam__warm_service-0p3/input_N05.json,/opt/Projects/Soft2/NSGD/sanitycheck_sweep_run/configs/N-5__arrival_rate-5__k_gamma-1-1-1__learn_mask-true-true-true__max_concurrency_values -50__optimization-adam__warm_service-0p3/DAG_N05.json,/opt/Projects/Soft2/NSGD/sanitycheck_sweep_run/logs/stdout/N-5__arrival_rate-5__k_gamma-1-1-1__learn_mask-true-true-true__max_concurrency_values -50__optimization-adam__warm_service-0p3.log,5,0.3,adam,"[true, true, true]","[1, 1, 1]",50
1,1,graph,ALL,,48315,499,47726,1650,242,257,347,0.0103280554693159,0.0071820345648349,0.987809168995136,0.0053192590292869,47.25517544043825,16.558985465611972,28.73628637446356,1.425707194456597,0.2667829015440827,0.2674135043620396,9794.0,38521.0,142.92938,137.250716806962,9434,3.408485380437419,3.132197452037701,6.364204558438964,8.342220109293532,18.90740653826037,47456,0.6620604223318415,242,2.796291550588904,257,2.654526785123609,1918.3193271049693,1.5,0.6666666666666666,500.0,0.002,0.5,2.0,0.05,20.0,3.333333333333333,0.01,10.0,100.0,ok,,/opt/Projects/Soft2/NSGD/sanitycheck_sweep_run/logs/sanitycheck_sweep_json_N-5__arrival_rate-5__k_gamma-1-1-1__learn_mask-true-true-true__max_concurrency_values -5000000__optimization-adam__warm_service-0p3_arr5_20260526_102538,N-5__arrival_rate-5__k_gamma-1-1-1__learn_mask-true-true-true__max_concurrency_values -5000000__optimization-adam__warm_service-0p3,sanitycheck_sweep_json_N-5__arrival_rate-5__k_gamma-1-1-1__learn_mask-true-true-true__max_concurrency_values -5000000__optimization-adam__warm_service-0p3,5,A1->A2->A3->A4->A5,/opt/Projects/Soft2/NSGD/sanitycheck_sweep_run/configs/N-5__arrival_rate-5__k_gamma-1-1-1__learn_mask-true-true-true__max_concurrency_values -5000000__optimization-adam__warm_service-0p3/input_N05.json,/opt/Projects/Soft2/NSGD/sanitycheck_sweep_run/configs/N-5__arrival_rate-5__k_gamma-1-1-1__learn_mask-true-true-true__max_concurrency_values -5000000__optimization-adam__warm_service-0p3/DAG_N05.json,/opt/Projects/Soft2/NSGD/sanitycheck_sweep_run/logs/stdout/N-5__arrival_rate-5__k_gamma-1-1-1__learn_mask-true-true-true__max_concurrency_values -5000000__optimization-adam__warm_service-0p3.log,5,0.3,adam,"[true, true, true]","[1, 1, 1]",5000000
1,1,graph,ALL,,48623,1046,47959,906,552,494,112,0.0215124529543631,0.002303436645209,0.9863439113176892,0.0101598009172613,42.62140454850096,16.840247543236018,24.237972791067016,0.4110606300917379,0.5773934180859295,0.5547301660202565,9745.0,38878.0,197.87966,186.2444726069766,9625,3.530843553237478,3.2345737832002897,6.676620679567303,9.397040404766472,18.90844349723457,47457,0.6621157299974979,552,2.687505758768272,494,2.7932405137420555,1907.772261148212,1.5,0.6666666666666666,500.0,0.002,0.5,2.0,0.05,20.0,3.333333333333333,0.01,10.0,100.0,ok,,/opt/Projects/Soft2/NSGD/sanitycheck_sweep_run/logs/sanitycheck_sweep_json_N-5__arrival_rate-5__k_gamma-1-1-1__learn_mask-false-false-false__max_concurrency_values -50__optimization-adam__warm_service-0p3_arr5_20260526_102553,N-5__arrival_rate-5__k_gamma-1-1-1__learn_mask-false-false-false__max_concurrency_values -50__optimization-adam__warm_service-0p3,sanitycheck_sweep_json_N-5__arrival_rate-5__k_gamma-1-1-1__learn_mask-false-false-false__max_concurrency_values -50__optimization-adam__warm_service-0p3,5,A1->A2->A3->A4->A5,/opt/Projects/Soft2/NSGD/sanitycheck_sweep_run/configs/N-5__arrival_rate-5__k_gamma-1-1-1__learn_mask-false-false-false__max_concurrency_values -50__optimization-adam__warm_service-0p3/input_N05.json,/opt/Projects/Soft2/NSGD/sanitycheck_sweep_run/configs/N-5__arrival_rate-5__k_gamma-1-1-1__learn_mask-false-false-false__max_concurrency_values -50__optimization-adam__warm_service-0p3/DAG_N05.json,/opt/Projects/Soft2/NSGD/sanitycheck_sweep_run/logs/stdout/N-5__arrival_rate-5__k_gamma-1-1-1__learn_mask-false-false-false__max_concurrency_values -50__optimization-adam__warm_service-0p3.log,5,0.3,adam,"[false, false, false]","[1, 1, 1]",50
1,1,graph,ALL,,48623,1046,47959,906,552,494,112,0.0215124529543631,0.002303436645209,0.9863439113176892,0.0101598009172613,42.62140454850096,16.840247543236018,24.237972791067016,0.4110606300917379,0.5773934180859295,0.5547301660202565,9745.0,38878.0,197.87966,186.2444726069766,9625,3.530843553237478,3.2345737832002897,6.676620679567303,9.397040404766472,18.90844349723457,47457,0.6621157299974979,552,2.687505758768272,494,2.7932405137420555,1907.772261148212,1.5,0.6666666666666666,500.0,0.002,0.5,2.0,0.05,20.0,3.333333333333333,0.01,10.0,100.0,ok,,/opt/Projects/Soft2/NSGD/sanitycheck_sweep_run/logs/sanitycheck_sweep_json_N-5__arrival_rate-5__k_gamma-1-1-1__learn_mask-false-false-false__max_concurrency_values -5000000__optimization-adam__warm_service-0p3_arr5_20260526_102609,N-5__arrival_rate-5__k_gamma-1-1-1__learn_mask-false-false-false__max_concurrency_values -5000000__optimization-adam__warm_service-0p3,sanitycheck_sweep_json_N-5__arrival_rate-5__k_gamma-1-1-1__learn_mask-false-false-false__max_concurrency_values -5000000__optimization-adam__warm_service-0p3,5,A1->A2->A3->A4->A5,/opt/Projects/Soft2/NSGD/sanitycheck_sweep_run/configs/N-5__arrival_rate-5__k_gamma-1-1-1__learn_mask-false-false-false__max_concurrency_values -5000000__optimization-adam__warm_service-0p3/input_N05.json,/opt/Projects/Soft2/NSGD/sanitycheck_sweep_run/configs/N-5__arrival_rate-5__k_gamma-1-1-1__learn_mask-false-false-false__max_concurrency_values -5000000__optimization-adam__warm_service-0p3/DAG_N05.json,/opt/Projects/Soft2/NSGD/sanitycheck_sweep_run/logs/stdout/N-5__arrival_rate-5__k_gamma-1-1-1__learn_mask-false-false-false__max_concurrency_values -5000000__optimization-adam__warm_service-0p3.log,5,0.3,adam,"[false, false, false]","[1, 1, 1]",5000000
1,1,graph,ALL,,48494,370,47480,1803,162,208,852,0.0076298098733863,0.0175691838165546,0.979090196725368,0.0042891904153091,49.21795355781065,16.04264773633488,31.17828789643259,1.6289252631618782,0.151035030798616,0.2170576310826804,10052.0,38443.0,128.39881,125.19357934254695,9188,3.384492205737352,3.136959219540614,6.244051402999899,8.231088296774434,17.302888318722466,47261,0.6630274102778472,162,2.625592042283598,208,2.734831845076932,1970.4166913829413,1.5,0.6666666666666666,500.0,0.002,0.5,2.0,0.05,20.0,3.333333333333333,0.01,10.0,100.0,ok,,/opt/Projects/Soft2/NSGD/sanitycheck_sweep_run/logs/sanitycheck_sweep_json_N-5__arrival_rate-5__k_gamma-1-1-1__learn_mask-true-true-true__max_concurrency_values -50__optimization-RMSProp__warm_service-0p3_arr5_20260526_102625,N-5__arrival_rate-5__k_gamma-1-1-1__learn_mask-true-true-true__max_concurrency_values -50__optimization-RMSProp__warm_service-0p3,sanitycheck_sweep_json_N-5__arrival_rate-5__k_gamma-1-1-1__learn_mask-true-true-true__max_concurrency_values -50__optimization-RMSProp__warm_service-0p3,5,A1->A2->A3->A4->A5,/opt/Projects/Soft2/NSGD/sanitycheck_sweep_run/configs/N-5__arrival_rate-5__k_gamma-1-1-1__learn_mask-true-true-true__max_concurrency_values -50__optimization-RMSProp__warm_service-0p3/input_N05.json,/opt/Projects/Soft2/NSGD/sanitycheck_sweep_run/configs/N-5__arrival_rate-5__k_gamma-1-1-1__learn_mask-true-true-true__max_concurrency_values -50__optimization-RMSProp__warm_service-0p3/DAG_N05.json,/opt/Projects/Soft2/NSGD/sanitycheck_sweep_run/logs/stdout/N-5__arrival_rate-5__k_gamma-1-1-1__learn_mask-true-true-true__max_concurrency_values -50__optimization-RMSProp__warm_service-0p3.log,5,0.3,RMSProp,"[true, true, true]","[1, 1, 1]",50
1,1,graph,ALL,,48494,370,47480,1803,162,208,852,0.0076298098733863,0.0175691838165546,0.979090196725368,0.0042891904153091,49.21795355781065,16.04264773633488,31.17828789643259,1.6289252631618782,0.151035030798616,0.2170576310826804,10052.0,38443.0,128.39881,125.19357934254695,9188,3.384492205737352,3.136959219540614,6.244051402999899,8.231088296774434,17.302888318722466,47261,0.6630274102778472,162,2.625592042283598,208,2.734831845076932,1970.4166913829413,1.5,0.6666666666666666,500.0,0.002,0.5,2.0,0.05,20.0,3.333333333333333,0.01,10.0,100.0,ok,,/opt/Projects/Soft2/NSGD/sanitycheck_sweep_run/logs/sanitycheck_sweep_json_N-5__arrival_rate-5__k_gamma-1-1-1__learn_mask-true-true-true__max_concurrency_values -5000000__optimization-RMSProp__warm_service-0p3_arr5_20260526_102641,N-5__arrival_rate-5__k_gamma-1-1-1__learn_mask-true-true-true__max_concurrency_values -5000000__optimization-RMSProp__warm_service-0p3,sanitycheck_sweep_json_N-5__arrival_rate-5__k_gamma-1-1-1__learn_mask-true-true-true__max_concurrency_values -5000000__optimization-RMSProp__warm_service-0p3,5,A1->A2->A3->A4->A5,/opt/Projects/Soft2/NSGD/sanitycheck_sweep_run/configs/N-5__arrival_rate-5__k_gamma-1-1-1__learn_mask-true-true-true__max_concurrency_values -5000000__optimization-RMSProp__warm_service-0p3/input_N05.json,/opt/Projects/Soft2/NSGD/sanitycheck_sweep_run/configs/N-5__arrival_rate-5__k_gamma-1-1-1__learn_mask-true-true-true__max_concurrency_values -5000000__optimization-RMSProp__warm_service-0p3/DAG_N05.json,/opt/Projects/Soft2/NSGD/sanitycheck_sweep_run/logs/stdout/N-5__arrival_rate-5__k_gamma-1-1-1__learn_mask-true-true-true__max_concurrency_values -5000000__optimization-RMSProp__warm_service-0p3.log,5,0.3,RMSProp,"[true, true, true]","[1, 1, 1]",5000000
1,1,graph,ALL,,48623,1046,47959,906,552,494,112,0.0215124529543631,0.002303436645209,0.9863439113176892,0.0101598009172613,42.62140454850096,16.840247543236018,24.237972791067016,0.4110606300917379,0.5773934180859295,0.5547301660202565,9745.0,38878.0,197.87966,186.2444726069766,9625,3.530843553237478,3.2345737832002897,6.676620679567303,9.397040404766472,18.90844349723457,47457,0.6621157299974979,552,2.687505758768272,494,2.7932405137420555,1907.772261148212,1.5,0.6666666666666666,500.0,0.002,0.5,2.0,0.05,20.0,3.333333333333333,0.01,10.0,100.0,ok,,/opt/Projects/Soft2/NSGD/sanitycheck_sweep_run/logs/sanitycheck_sweep_json_N-5__arrival_rate-5__k_gamma-1-1-1__learn_mask-false-false-false__max_concurrency_values -50__optimization-RMSProp__warm_service-0p3_arr5_20260526_102657,N-5__arrival_rate-5__k_gamma-1-1-1__learn_mask-false-false-false__max_concurrency_values -50__optimization-RMSProp__warm_service-0p3,sanitycheck_sweep_json_N-5__arrival_rate-5__k_gamma-1-1-1__learn_mask-false-false-false__max_concurrency_values -50__optimization-RMSProp__warm_service-0p3,5,A1->A2->A3->A4->A5,/opt/Projects/Soft2/NSGD/sanitycheck_sweep_run/configs/N-5__arrival_rate-5__k_gamma-1-1-1__learn_mask-false-false-false__max_concurrency_values -50__optimization-RMSProp__warm_service-0p3/input_N05.json,/opt/Projects/Soft2/NSGD/sanitycheck_sweep_run/configs/N-5__arrival_rate-5__k_gamma-1-1-1__learn_mask-false-false-false__max_concurrency_values -50__optimization-RMSProp__warm_service-0p3/DAG_N05.json,/opt/Projects/Soft2/NSGD/sanitycheck_sweep_run/logs/stdout/N-5__arrival_rate-5__k_gamma-1-1-1__learn_mask-false-false-false__max_concurrency_values -50__optimization-RMSProp__warm_service-0p3.log,5,0.3,RMSProp,"[false, false, false]","[1, 1, 1]",50
1,1,graph,ALL,,48623,1046,47959,906,552,494,112,0.0215124529543631,0.002303436645209,0.9863439113176892,0.0101598009172613,42.62140454850096,16.840247543236018,24.237972791067016,0.4110606300917379,0.5773934180859295,0.5547301660202565,9745.0,38878.0,197.87966,186.2444726069766,9625,3.530843553237478,3.2345737832002897,6.676620679567303,9.397040404766472,18.90844349723457,47457,0.6621157299974979,552,2.687505758768272,494,2.7932405137420555,1907.772261148212,1.5,0.6666666666666666,500.0,0.002,0.5,2.0,0.05,20.0,3.333333333333333,0.01,10.0,100.0,ok,,/opt/Projects/Soft2/NSGD/sanitycheck_sweep_run/logs/sanitycheck_sweep_json_N-5__arrival_rate-5__k_gamma-1-1-1__learn_mask-false-false-false__max_concurrency_values -5000000__optimization-RMSProp__warm_service-0p3_arr5_20260526_102713,N-5__arrival_rate-5__k_gamma-1-1-1__learn_mask-false-false-false__max_concurrency_values -5000000__optimization-RMSProp__warm_service-0p3,sanitycheck_sweep_json_N-5__arrival_rate-5__k_gamma-1-1-1__learn_mask-false-false-false__max_concurrency_values -5000000__optimization-RMSProp__warm_service-0p3,5,A1->A2->A3->A4->A5,/opt/Projects/Soft2/NSGD/sanitycheck_sweep_run/configs/N-5__arrival_rate-5__k_gamma-1-1-1__learn_mask-false-false-false__max_concurrency_values -5000000__optimization-RMSProp__warm_service-0p3/input_N05.json,/opt/Projects/Soft2/NSGD/sanitycheck_sweep_run/configs/N-5__arrival_rate-5__k_gamma-1-1-1__learn_mask-false-false-false__max_concurrency_values -5000000__optimization-RMSProp__warm_service-0p3/DAG_N05.json,/opt/Projects/Soft2/NSGD/sanitycheck_sweep_run/logs/stdout/N-5__arrival_rate-5__k_gamma-1-1-1__learn_mask-false-false-false__max_concurrency_values -5000000__optimization-RMSProp__warm_service-0p3.log,5,0.3,RMSProp,"[false, false, false]","[1, 1, 1]",5000000
1,1,graph,ALL,,49424,503,48653,584,274,229,497,0.0101772418258336,0.0100558433149886,0.984400291356426,0.0046333764972483,48.1699812649016,19.76576900379929,26.620820357001183,0.7282224571005163,0.5800776741945303,0.4750917728060654,10043.0,39382.0,190.40203,187.4413139383663,9526,2.088626360604638,1.902630615859266,3.864124874633994,5.754175400761156,19.22777135394051,48405,0.3971137386381125,274,2.5029384432224355,229,2.4888310818511883,983.7694697974184,2.5,0.4,500.0,0.002,0.5,2.0,0.05,20.0,2.0,0.01,10.0,100.0,ok,,/opt/Projects/Soft2/NSGD/sanitycheck_sweep_run/logs/sanitycheck_sweep_json_N-5__arrival_rate-10__k_gamma-1-1-1__learn_mask-true-true-true__max_concurrency_values -50__optimization-adam__warm_service-0p5_arr10_20260526_102729,N-5__arrival_rate-10__k_gamma-1-1-1__learn_mask-true-true-true__max_concurrency_values -50__optimization-adam__warm_service-0p5,sanitycheck_sweep_json_N-5__arrival_rate-10__k_gamma-1-1-1__learn_mask-true-true-true__max_concurrency_values -50__optimization-adam__warm_service-0p5,5,A1->A2->A3->A4->A5,/opt/Projects/Soft2/NSGD/sanitycheck_sweep_run/configs/N-5__arrival_rate-10__k_gamma-1-1-1__learn_mask-true-true-true__max_concurrency_values -50__optimization-adam__warm_service-0p5/input_N05.json,/opt/Projects/Soft2/NSGD/sanitycheck_sweep_run/configs/N-5__arrival_rate-10__k_gamma-1-1-1__learn_mask-true-true-true__max_concurrency_values -50__optimization-adam__warm_service-0p5/DAG_N05.json,/opt/Projects/Soft2/NSGD/sanitycheck_sweep_run/logs/stdout/N-5__arrival_rate-10__k_gamma-1-1-1__learn_mask-true-true-true__max_concurrency_values -50__optimization-adam__warm_service-0p5.log,10,0.5,adam,"[true, true, true]","[1, 1, 1]",50
1,1,graph,ALL,,49424,503,48653,584,274,229,497,0.0101772418258336,0.0100558433149886,0.984400291356426,0.0046333764972483,48.1699812649016,19.76576900379929,26.620820357001183,0.7282224571005163,0.5800776741945303,0.4750917728060654,10043.0,39382.0,190.40203,187.4413139383663,9526,2.088626360604638,1.902630615859266,3.864124874633994,5.754175400761156,19.22777135394051,48405,0.3971137386381125,274,2.5029384432224355,229,2.4888310818511883,983.7694697974184,2.5,0.4,500.0,0.002,0.5,2.0,0.05,20.0,2.0,0.01,10.0,100.0,ok,,/opt/Projects/Soft2/NSGD/sanitycheck_sweep_run/logs/sanitycheck_sweep_json_N-5__arrival_rate-10__k_gamma-1-1-1__learn_mask-true-true-true__max_concurrency_values -5000000__optimization-adam__warm_service-0p5_arr10_20260526_102745,N-5__arrival_rate-10__k_gamma-1-1-1__learn_mask-true-true-true__max_concurrency_values -5000000__optimization-adam__warm_service-0p5,sanitycheck_sweep_json_N-5__arrival_rate-10__k_gamma-1-1-1__learn_mask-true-true-true__max_concurrency_values -5000000__optimization-adam__warm_service-0p5,5,A1->A2->A3->A4->A5,/opt/Projects/Soft2/NSGD/sanitycheck_sweep_run/configs/N-5__arrival_rate-10__k_gamma-1-1-1__learn_mask-true-true-true__max_concurrency_values -5000000__optimization-adam__warm_service-0p5/input_N05.json,/opt/Projects/Soft2/NSGD/sanitycheck_sweep_run/configs/N-5__arrival_rate-10__k_gamma-1-1-1__learn_mask-true-true-true__max_concurrency_values -5000000__optimization-adam__warm_service-0p5/DAG_N05.json,/opt/Projects/Soft2/NSGD/sanitycheck_sweep_run/logs/stdout/N-5__arrival_rate-10__k_gamma-1-1-1__learn_mask-true-true-true__max_concurrency_values -5000000__optimization-adam__warm_service-0p5.log,10,0.5,adam,"[true, true, true]","[1, 1, 1]",5000000
1,1,graph,ALL,,49475,603,48667,480,323,280,484,0.012187973724103,0.0097827185447195,0.9836685194542698,0.0056594239514906,47.4449531448695,19.85870093192011,25.9080356577814,0.4628933287668456,0.677199300654145,0.5381239257470123,10009.0,39466.0,206.33525,201.59817766343664,9501,2.102348009093189,1.901119928889856,3.979805700381576,6.056039577065576,14.86928373934336,48366,0.3971587974936825,322,2.4767983276834054,279,2.2934358959784613,980.0770445989044,2.5,0.4,500.0,0.002,0.5,2.0,0.05,20.0,2.0,0.01,10.0,100.0,ok,,/opt/Projects/Soft2/NSGD/sanitycheck_sweep_run/logs/sanitycheck_sweep_json_N-5__arrival_rate-10__k_gamma-1-1-1__learn_mask-false-false-false__max_concurrency_values -50__optimization-adam__warm_service-0p5_arr10_20260526_102801,N-5__arrival_rate-10__k_gamma-1-1-1__learn_mask-false-false-false__max_concurrency_values -50__optimization-adam__warm_service-0p5,sanitycheck_sweep_json_N-5__arrival_rate-10__k_gamma-1-1-1__learn_mask-false-false-false__max_concurrency_values -50__optimization-adam__warm_service-0p5,5,A1->A2->A3->A4->A5,/opt/Projects/Soft2/NSGD/sanitycheck_sweep_run/configs/N-5__arrival_rate-10__k_gamma-1-1-1__learn_mask-false-false-false__max_concurrency_values -50__optimization-adam__warm_service-0p5/input_N05.json,/opt/Projects/Soft2/NSGD/sanitycheck_sweep_run/configs/N-5__arrival_rate-10__k_gamma-1-1-1__learn_mask-false-false-false__max_concurrency_values -50__optimization-adam__warm_service-0p5/DAG_N05.json,/opt/Projects/Soft2/NSGD/sanitycheck_sweep_run/logs/stdout/N-5__arrival_rate-10__k_gamma-1-1-1__learn_mask-false-false-false__max_concurrency_values -50__optimization-adam__warm_service-0p5.log,10,0.5,adam,"[false, false, false]","[1, 1, 1]",50
1,1,graph,ALL,,49475,603,48667,480,323,280,484,0.012187973724103,0.0097827185447195,0.9836685194542698,0.0056594239514906,47.4449531448695,19.85870093192011,25.9080356577814,0.4628933287668456,0.677199300654145,0.5381239257470123,10009.0,39466.0,206.33525,201.59817766343664,9501,2.102348009093189,1.901119928889856,3.979805700381576,6.056039577065576,14.86928373934336,48366,0.3971587974936825,322,2.4767983276834054,279,2.2934358959784613,980.0770445989044,2.5,0.4,500.0,0.002,0.5,2.0,0.05,20.0,2.0,0.01,10.0,100.0,ok,,/opt/Projects/Soft2/NSGD/sanitycheck_sweep_run/logs/sanitycheck_sweep_json_N-5__arrival_rate-10__k_gamma-1-1-1__learn_mask-false-false-false__max_concurrency_values -5000000__optimization-adam__warm_service-0p5_arr10_20260526_102817,N-5__arrival_rate-10__k_gamma-1-1-1__learn_mask-false-false-false__max_concurrency_values -5000000__optimization-adam__warm_service-0p5,sanitycheck_sweep_json_N-5__arrival_rate-10__k_gamma-1-1-1__learn_mask-false-false-false__max_concurrency_values -5000000__optimization-adam__warm_service-0p5,5,A1->A2->A3->A4->A5,/opt/Projects/Soft2/NSGD/sanitycheck_sweep_run/configs/N-5__arrival_rate-10__k_gamma-1-1-1__learn_mask-false-false-false__max_concurrency_values -5000000__optimization-adam__warm_service-0p5/input_N05.json,/opt/Projects/Soft2/NSGD/sanitycheck_sweep_run/configs/N-5__arrival_rate-10__k_gamma-1-1-1__learn_mask-false-false-false__max_concurrency_values -5000000__optimization-adam__warm_service-0p5/DAG_N05.json,/opt/Projects/Soft2/NSGD/sanitycheck_sweep_run/logs/stdout/N-5__arrival_rate-10__k_gamma-1-1-1__learn_mask-false-false-false__max_concurrency_values -5000000__optimization-adam__warm_service-0p5.log,10,0.5,adam,"[false, false, false]","[1, 1, 1]",5000000
1,1,graph,ALL,,49725,326,48050,922,151,175,1524,0.0065560583207642,0.0306485671191553,0.9663147310206134,0.0035193564605329,49.58087779929352,18.682363326472533,28.83643216908382,1.4203780204757706,0.3101116450846385,0.3315926381767586,10459.0,39266.0,153.10527,150.83606750946788,8914,2.047107861631777,1.8838548543966027,3.832657248642568,5.274318009833222,14.991012062375248,47854,0.3970811635110198,151,2.5047510917141182,175,2.407396065613204,1025.1871699790302,2.5,0.4,500.0,0.002,0.5,2.0,0.05,20.0,2.0,0.01,10.0,100.0,ok,,/opt/Projects/Soft2/NSGD/sanitycheck_sweep_run/logs/sanitycheck_sweep_json_N-5__arrival_rate-10__k_gamma-1-1-1__learn_mask-true-true-true__max_concurrency_values -50__optimization-RMSProp__warm_service-0p5_arr10_20260526_102833,N-5__arrival_rate-10__k_gamma-1-1-1__learn_mask-true-true-true__max_concurrency_values -50__optimization-RMSProp__warm_service-0p5,sanitycheck_sweep_json_N-5__arrival_rate-10__k_gamma-1-1-1__learn_mask-true-true-true__max_concurrency_values -50__optimization-RMSProp__warm_service-0p5,5,A1->A2->A3->A4->A5,/opt/Projects/Soft2/NSGD/sanitycheck_sweep_run/configs/N-5__arrival_rate-10__k_gamma-1-1-1__learn_mask-true-true-true__max_concurrency_values -50__optimization-RMSProp__warm_service-0p5/input_N05.json,/opt/Projects/Soft2/NSGD/sanitycheck_sweep_run/configs/N-5__arrival_rate-10__k_gamma-1-1-1__learn_mask-true-true-true__max_concurrency_values -50__optimization-RMSProp__warm_service-0p5/DAG_N05.json,/opt/Projects/Soft2/NSGD/sanitycheck_sweep_run/logs/stdout/N-5__arrival_rate-10__k_gamma-1-1-1__learn_mask-true-true-true__max_concurrency_values -50__optimization-RMSProp__warm_service-0p5.log,10,0.5,RMSProp,"[true, true, true]","[1, 1, 1]",50
1,1,graph,ALL,,49725,326,48050,922,151,175,1524,0.0065560583207642,0.0306485671191553,0.9663147310206134,0.0035193564605329,49.58087779929352,18.682363326472533,28.83643216908382,1.4203780204757706,0.3101116450846385,0.3315926381767586,10459.0,39266.0,153.10527,150.83606750946788,8914,2.047107861631777,1.8838548543966027,3.832657248642568,5.274318009833222,14.991012062375248,47854,0.3970811635110198,151,2.5047510917141182,175,2.407396065613204,1025.1871699790302,2.5,0.4,500.0,0.002,0.5,2.0,0.05,20.0,2.0,0.01,10.0,100.0,ok,,/opt/Projects/Soft2/NSGD/sanitycheck_sweep_run/logs/sanitycheck_sweep_json_N-5__arrival_rate-10__k_gamma-1-1-1__learn_mask-true-true-true__max_concurrency_values -5000000__optimization-RMSProp__warm_service-0p5_arr10_20260526_102849,N-5__arrival_rate-10__k_gamma-1-1-1__learn_mask-true-true-true__max_concurrency_values -5000000__optimization-RMSProp__warm_service-0p5,sanitycheck_sweep_json_N-5__arrival_rate-10__k_gamma-1-1-1__learn_mask-true-true-true__max_concurrency_values -5000000__optimization-RMSProp__warm_service-0p5,5,A1->A2->A3->A4->A5,/opt/Projects/Soft2/NSGD/sanitycheck_sweep_run/configs/N-5__arrival_rate-10__k_gamma-1-1-1__learn_mask-true-true-true__max_concurrency_values -5000000__optimization-RMSProp__warm_service-0p5/input_N05.json,/opt/Projects/Soft2/NSGD/sanitycheck_sweep_run/configs/N-5__arrival_rate-10__k_gamma-1-1-1__learn_mask-true-true-true__max_concurrency_values -5000000__optimization-RMSProp__warm_service-0p5/DAG_N05.json,/opt/Projects/Soft2/NSGD/sanitycheck_sweep_run/logs/stdout/N-5__arrival_rate-10__k_gamma-1-1-1__learn_mask-true-true-true__max_concurrency_values -5000000__optimization-RMSProp__warm_service-0p5.log,10,0.5,RMSProp,"[true, true, true]","[1, 1, 1]",5000000
1,1,graph,ALL,,49475,603,48667,480,323,280,484,0.012187973724103,0.0097827185447195,0.9836685194542698,0.0056594239514906,47.4449531448695,19.85870093192011,25.9080356577814,0.4628933287668456,0.677199300654145,0.5381239257470123,10009.0,39466.0,206.33525,201.59817766343664,9501,2.102348009093189,1.901119928889856,3.979805700381576,6.056039577065576,14.86928373934336,48366,0.3971587974936825,322,2.4767983276834054,279,2.2934358959784613,980.0770445989044,2.5,0.4,500.0,0.002,0.5,2.0,0.05,20.0,2.0,0.01,10.0,100.0,ok,,/opt/Projects/Soft2/NSGD/sanitycheck_sweep_run/logs/sanitycheck_sweep_json_N-5__arrival_rate-10__k_gamma-1-1-1__learn_mask-false-false-false__max_concurrency_values -50__optimization-RMSProp__warm_service-0p5_arr10_20260526_102905,N-5__arrival_rate-10__k_gamma-1-1-1__learn_mask-false-false-false__max_concurrency_values -50__optimization-RMSProp__warm_service-0p5,sanitycheck_sweep_json_N-5__arrival_rate-10__k_gamma-1-1-1__learn_mask-false-false-false__max_concurrency_values -50__optimization-RMSProp__warm_service-0p5,5,A1->A2->A3->A4->A5,/opt/Projects/Soft2/NSGD/sanitycheck_sweep_run/configs/N-5__arrival_rate-10__k_gamma-1-1-1__learn_mask-false-false-false__max_concurrency_values -50__optimization-RMSProp__warm_service-0p5/input_N05.json,/opt/Projects/Soft2/NSGD/sanitycheck_sweep_run/configs/N-5__arrival_rate-10__k_gamma-1-1-1__learn_mask-false-false-false__max_concurrency_values -50__optimization-RMSProp__warm_service-0p5/DAG_N05.json,/opt/Projects/Soft2/NSGD/sanitycheck_sweep_run/logs/stdout/N-5__arrival_rate-10__k_gamma-1-1-1__learn_mask-false-false-false__max_concurrency_values -50__optimization-RMSProp__warm_service-0p5.log,10,0.5,RMSProp,"[false, false, false]","[1, 1, 1]",50
1,1,graph,ALL,,49475,603,48667,480,323,280,484,0.012187973724103,0.0097827185447195,0.9836685194542698,0.0056594239514906,47.4449531448695,19.85870093192011,25.9080356577814,0.4628933287668456,0.677199300654145,0.5381239257470123,10009.0,39466.0,206.33525,201.59817766343664,9501,2.102348009093189,1.901119928889856,3.979805700381576,6.056039577065576,14.86928373934336,48366,0.3971587974936825,322,2.4767983276834054,279,2.2934358959784613,980.0770445989044,2.5,0.4,500.0,0.002,0.5,2.0,0.05,20.0,2.0,0.01,10.0,100.0,ok,,/opt/Projects/Soft2/NSGD/sanitycheck_sweep_run/logs/sanitycheck_sweep_json_N-5__arrival_rate-10__k_gamma-1-1-1__learn_mask-false-false-false__max_concurrency_values -5000000__optimization-RMSProp__warm_service-0p5_arr10_20260526_102921,N-5__arrival_rate-10__k_gamma-1-1-1__learn_mask-false-false-false__max_concurrency_values -5000000__optimization-RMSProp__warm_service-0p5,sanitycheck_sweep_json_N-5__arrival_rate-10__k_gamma-1-1-1__learn_mask-false-false-false__max_concurrency_values -5000000__optimization-RMSProp__warm_service-0p5,5,A1->A2->A3->A4->A5,/opt/Projects/Soft2/NSGD/sanitycheck_sweep_run/configs/N-5__arrival_rate-10__k_gamma-1-1-1__learn_mask-false-false-false__max_concurrency_values -5000000__optimization-RMSProp__warm_service-0p5/input_N05.json,/opt/Projects/Soft2/NSGD/sanitycheck_sweep_run/configs/N-5__arrival_rate-10__k_gamma-1-1-1__learn_mask-false-false-false__max_concurrency_values -5000000__optimization-RMSProp__warm_service-0p5/DAG_N05.json,/opt/Projects/Soft2/NSGD/sanitycheck_sweep_run/logs/stdout/N-5__arrival_rate-10__k_gamma-1-1-1__learn_mask-false-false-false__max_concurrency_values -5000000__optimization-RMSProp__warm_service-0p5.log,10,0.5,RMSProp,"[false, false, false]","[1, 1, 1]",5000000
1,1,graph,ALL,,51440,429,46771,563,246,183,4423,0.0083398133748056,0.0859836702954899,0.9092340590979784,0.0035575427682737,49.78710794442367,26.55949981322048,21.84638423588457,0.6775463086248424,0.4180123465217891,0.2856652401719911,11958.0,39483.0,155.5422,147.52614643096103,7509,3.395675702631774,3.161461174187707,6.2150867113345365,8.18320421967288,16.96934597156894,46564,0.664486631149392,246,2.671580406073641,182,2.3874382073948235,1175.6000277679154,1.5,0.6666666666666666,500.0,0.002,0.5,2.0,0.05,20.0,3.333333333333333,0.01,10.0,100.0,ok,,/opt/Projects/Soft2/NSGD/sanitycheck_sweep_run/logs/sanitycheck_sweep_json_N-5__arrival_rate-10__k_gamma-1-1-1__learn_mask-true-true-true__max_concurrency_values -50__optimization-adam__warm_service-0p3_arr10_20260526_102936,N-5__arrival_rate-10__k_gamma-1-1-1__learn_mask-true-true-true__max_concurrency_values -50__optimization-adam__warm_service-0p3,sanitycheck_sweep_json_N-5__arrival_rate-10__k_gamma-1-1-1__learn_mask-true-true-true__max_concurrency_values -50__optimization-adam__warm_service-0p3,5,A1->A2->A3->A4->A5,/opt/Projects/Soft2/NSGD/sanitycheck_sweep_run/configs/N-5__arrival_rate-10__k_gamma-1-1-1__learn_mask-true-true-true__max_concurrency_values -50__optimization-adam__warm_service-0p3/input_N05.json,/opt/Projects/Soft2/NSGD/sanitycheck_sweep_run/configs/N-5__arrival_rate-10__k_gamma-1-1-1__learn_mask-true-true-true__max_concurrency_values -50__optimization-adam__warm_service-0p3/DAG_N05.json,/opt/Projects/Soft2/NSGD/sanitycheck_sweep_run/logs/stdout/N-5__arrival_rate-10__k_gamma-1-1-1__learn_mask-true-true-true__max_concurrency_values -50__optimization-adam__warm_service-0p3.log,10,0.3,adam,"[true, true, true]","[1, 1, 1]",50
1,1,graph,ALL,,51440,429,46771,563,246,183,4423,0.0083398133748056,0.0859836702954899,0.9092340590979784,0.0035575427682737,49.78710794442367,26.55949981322048,21.84638423588457,0.6775463086248424,0.4180123465217891,0.2856652401719911,11958.0,39483.0,155.5422,147.52614643096103,7509,3.395675702631774,3.161461174187707,6.2150867113345365,8.18320421967288,16.96934597156894,46564,0.664486631149392,246,2.671580406073641,182,2.3874382073948235,1175.6000277679154,1.5,0.6666666666666666,500.0,0.002,0.5,2.0,0.05,20.0,3.333333333333333,0.01,10.0,100.0,ok,,/opt/Projects/Soft2/NSGD/sanitycheck_sweep_run/logs/sanitycheck_sweep_json_N-5__arrival_rate-10__k_gamma-1-1-1__learn_mask-true-true-true__max_concurrency_values -5000000__optimization-adam__warm_service-0p3_arr10_20260526_102953,N-5__arrival_rate-10__k_gamma-1-1-1__learn_mask-true-true-true__max_concurrency_values -5000000__optimization-adam__warm_service-0p3,sanitycheck_sweep_json_N-5__arrival_rate-10__k_gamma-1-1-1__learn_mask-true-true-true__max_concurrency_values -5000000__optimization-adam__warm_service-0p3,5,A1->A2->A3->A4->A5,/opt/Projects/Soft2/NSGD/sanitycheck_sweep_run/configs/N-5__arrival_rate-10__k_gamma-1-1-1__learn_mask-true-true-true__max_concurrency_values -5000000__optimization-adam__warm_service-0p3/input_N05.json,/opt/Projects/Soft2/NSGD/sanitycheck_sweep_run/configs/N-5__arrival_rate-10__k_gamma-1-1-1__learn_mask-true-true-true__max_concurrency_values -5000000__optimization-adam__warm_service-0p3/DAG_N05.json,/opt/Projects/Soft2/NSGD/sanitycheck_sweep_run/logs/stdout/N-5__arrival_rate-10__k_gamma-1-1-1__learn_mask-true-true-true__max_concurrency_values -5000000__optimization-adam__warm_service-0p3.log,10,0.3,adam,"[true, true, true]","[1, 1, 1]",5000000
1,1,graph,ALL,,50808,586,47568,327,349,237,2890,0.0115336167532672,0.0568808061722563,0.9362305148795466,0.004664619744922,49.61498310543377,28.74891137661229,19.62481265952844,0.1982175247008437,0.6338973199339618,0.4091442246582388,11229.0,39579.0,183.04889,178.50898650135616,8314,3.437497237774448,3.1620853748081004,6.416268644125287,8.619018912171214,16.07951230484511,47310,0.663458713424401,347,2.692820348122658,236,2.529628621415566,1105.909771630753,1.5,0.6666666666666666,500.0,0.002,0.5,2.0,0.05,20.0,3.333333333333333,0.01,10.0,100.0,ok,,/opt/Projects/Soft2/NSGD/sanitycheck_sweep_run/logs/sanitycheck_sweep_json_N-5__arrival_rate-10__k_gamma-1-1-1__learn_mask-false-false-false__max_concurrency_values -50__optimization-adam__warm_service-0p3_arr10_20260526_103009,N-5__arrival_rate-10__k_gamma-1-1-1__learn_mask-false-false-false__max_concurrency_values -50__optimization-adam__warm_service-0p3,sanitycheck_sweep_json_N-5__arrival_rate-10__k_gamma-1-1-1__learn_mask-false-false-false__max_concurrency_values -50__optimization-adam__warm_service-0p3,5,A1->A2->A3->A4->A5,/opt/Projects/Soft2/NSGD/sanitycheck_sweep_run/configs/N-5__arrival_rate-10__k_gamma-1-1-1__learn_mask-false-false-false__max_concurrency_values -50__optimization-adam__warm_service-0p3/input_N05.json,/opt/Projects/Soft2/NSGD/sanitycheck_sweep_run/configs/N-5__arrival_rate-10__k_gamma-1-1-1__learn_mask-false-false-false__max_concurrency_values -50__optimization-adam__warm_service-0p3/DAG_N05.json,/opt/Projects/Soft2/NSGD/sanitycheck_sweep_run/logs/stdout/N-5__arrival_rate-10__k_gamma-1-1-1__learn_mask-false-false-false__max_concurrency_values -50__optimization-adam__warm_service-0p3.log,10,0.3,adam,"[false, false, false]","[1, 1, 1]",50
1,1,graph,ALL,,50808,586,47568,327,349,237,2890,0.0115336167532672,0.0568808061722563,0.9362305148795466,0.004664619744922,49.61498310543377,28.74891137661229,19.62481265952844,0.1982175247008437,0.6338973199339618,0.4091442246582388,11229.0,39579.0,183.04889,178.50898650135616,8314,3.437497237774448,3.1620853748081004,6.416268644125287,8.619018912171214,16.07951230484511,47310,0.663458713424401,347,2.692820348122658,236,2.529628621415566,1105.909771630753,1.5,0.6666666666666666,500.0,0.002,0.5,2.0,0.05,20.0,3.333333333333333,0.01,10.0,100.0,ok,,/opt/Projects/Soft2/NSGD/sanitycheck_sweep_run/logs/sanitycheck_sweep_json_N-5__arrival_rate-10__k_gamma-1-1-1__learn_mask-false-false-false__max_concurrency_values -5000000__optimization-adam__warm_service-0p3_arr10_20260526_103025,N-5__arrival_rate-10__k_gamma-1-1-1__learn_mask-false-false-false__max_concurrency_values -5000000__optimization-adam__warm_service-0p3,sanitycheck_sweep_json_N-5__arrival_rate-10__k_gamma-1-1-1__learn_mask-false-false-false__max_concurrency_values -5000000__optimization-adam__warm_service-0p3,5,A1->A2->A3->A4->A5,/opt/Projects/Soft2/NSGD/sanitycheck_sweep_run/configs/N-5__arrival_rate-10__k_gamma-1-1-1__learn_mask-false-false-false__max_concurrency_values -5000000__optimization-adam__warm_service-0p3/input_N05.json,/opt/Projects/Soft2/NSGD/sanitycheck_sweep_run/configs/N-5__arrival_rate-10__k_gamma-1-1-1__learn_mask-false-false-false__max_concurrency_values -5000000__optimization-adam__warm_service-0p3/DAG_N05.json,/opt/Projects/Soft2/NSGD/sanitycheck_sweep_run/logs/stdout/N-5__arrival_rate-10__k_gamma-1-1-1__learn_mask-false-false-false__max_concurrency_values -5000000__optimization-adam__warm_service-0p3.log,10,0.3,adam,"[false, false, false]","[1, 1, 1]",5000000
1,1,graph,ALL,,51378,306,47052,640,119,187,4207,0.0059558565923157,0.0818832963525244,0.9158005371949084,0.0036396901397485,49.86865715936755,27.054585142177565,21.51865176522207,0.8033807686384403,0.180806884755504,0.311232598573976,11759.0,39620.0,133.35035,125.77293826540894,7534,3.3841234456344966,3.1574095283920265,6.234069852790162,8.023647887898939,15.059223177579469,46848,0.663697023730902,119,2.507731204041473,187,2.604064727280846,1157.7038631504745,1.5,0.6666666666666666,500.0,0.002,0.5,2.0,0.05,20.0,3.333333333333333,0.01,10.0,100.0,ok,,/opt/Projects/Soft2/NSGD/sanitycheck_sweep_run/logs/sanitycheck_sweep_json_N-5__arrival_rate-10__k_gamma-1-1-1__learn_mask-true-true-true__max_concurrency_values -50__optimization-RMSProp__warm_service-0p3_arr10_20260526_103041,N-5__arrival_rate-10__k_gamma-1-1-1__learn_mask-true-true-true__max_concurrency_values -50__optimization-RMSProp__warm_service-0p3,sanitycheck_sweep_json_N-5__arrival_rate-10__k_gamma-1-1-1__learn_mask-true-true-true__max_concurrency_values -50__optimization-RMSProp__warm_service-0p3,5,A1->A2->A3->A4->A5,/opt/Projects/Soft2/NSGD/sanitycheck_sweep_run/configs/N-5__arrival_rate-10__k_gamma-1-1-1__learn_mask-true-true-true__max_concurrency_values -50__optimization-RMSProp__warm_service-0p3/input_N05.json,/opt/Projects/Soft2/NSGD/sanitycheck_sweep_run/configs/N-5__arrival_rate-10__k_gamma-1-1-1__learn_mask-true-true-true__max_concurrency_values -50__optimization-RMSProp__warm_service-0p3/DAG_N05.json,/opt/Projects/Soft2/NSGD/sanitycheck_sweep_run/logs/stdout/N-5__arrival_rate-10__k_gamma-1-1-1__learn_mask-true-true-true__max_concurrency_values -50__optimization-RMSProp__warm_service-0p3.log,10,0.3,RMSProp,"[true, true, true]","[1, 1, 1]",50
1,1,graph,ALL,,51378,306,47052,640,119,187,4207,0.0059558565923157,0.0818832963525244,0.9158005371949084,0.0036396901397485,49.86865715936755,27.054585142177565,21.51865176522207,0.8033807686384403,0.180806884755504,0.311232598573976,11759.0,39620.0,133.35035,125.77293826540894,7534,3.3841234456344966,3.1574095283920265,6.234069852790162,8.023647887898939,15.059223177579469,46848,0.663697023730902,119,2.507731204041473,187,2.604064727280846,1157.7038631504745,1.5,0.6666666666666666,500.0,0.002,0.5,2.0,0.05,20.0,3.333333333333333,0.01,10.0,100.0,ok,,/opt/Projects/Soft2/NSGD/sanitycheck_sweep_run/logs/sanitycheck_sweep_json_N-5__arrival_rate-10__k_gamma-1-1-1__learn_mask-true-true-true__max_concurrency_values -5000000__optimization-RMSProp__warm_service-0p3_arr10_20260526_103057,N-5__arrival_rate-10__k_gamma-1-1-1__learn_mask-true-true-true__max_concurrency_values -5000000__optimization-RMSProp__warm_service-0p3,sanitycheck_sweep_json_N-5__arrival_rate-10__k_gamma-1-1-1__learn_mask-true-true-true__max_concurrency_values -5000000__optimization-RMSProp__warm_service-0p3,5,A1->A2->A3->A4->A5,/opt/Projects/Soft2/NSGD/sanitycheck_sweep_run/configs/N-5__arrival_rate-10__k_gamma-1-1-1__learn_mask-true-true-true__max_concurrency_values -5000000__optimization-RMSProp__warm_service-0p3/input_N05.json,/opt/Projects/Soft2/NSGD/sanitycheck_sweep_run/configs/N-5__arrival_rate-10__k_gamma-1-1-1__learn_mask-true-true-true__max_concurrency_values -5000000__optimization-RMSProp__warm_service-0p3/DAG_N05.json,/opt/Projects/Soft2/NSGD/sanitycheck_sweep_run/logs/stdout/N-5__arrival_rate-10__k_gamma-1-1-1__learn_mask-true-true-true__max_concurrency_values -5000000__optimization-RMSProp__warm_service-0p3.log,10,0.3,RMSProp,"[true, true, true]","[1, 1, 1]",5000000
1,1,graph,ALL,,50808,586,47568,327,349,237,2890,0.0115336167532672,0.0568808061722563,0.9362305148795466,0.004664619744922,49.61498310543377,28.74891137661229,19.62481265952844,0.1982175247008437,0.6338973199339618,0.4091442246582388,11229.0,39579.0,183.04889,178.50898650135616,8314,3.437497237774448,3.1620853748081004,6.416268644125287,8.619018912171214,16.07951230484511,47310,0.663458713424401,347,2.692820348122658,236,2.529628621415566,1105.909771630753,1.5,0.6666666666666666,500.0,0.002,0.5,2.0,0.05,20.0,3.333333333333333,0.01,10.0,100.0,ok,,/opt/Projects/Soft2/NSGD/sanitycheck_sweep_run/logs/sanitycheck_sweep_json_N-5__arrival_rate-10__k_gamma-1-1-1__learn_mask-false-false-false__max_concurrency_values -50__optimization-RMSProp__warm_service-0p3_arr10_20260526_103112,N-5__arrival_rate-10__k_gamma-1-1-1__learn_mask-false-false-false__max_concurrency_values -50__optimization-RMSProp__warm_service-0p3,sanitycheck_sweep_json_N-5__arrival_rate-10__k_gamma-1-1-1__learn_mask-false-false-false__max_concurrency_values -50__optimization-RMSProp__warm_service-0p3,5,A1->A2->A3->A4->A5,/opt/Projects/Soft2/NSGD/sanitycheck_sweep_run/configs/N-5__arrival_rate-10__k_gamma-1-1-1__learn_mask-false-false-false__max_concurrency_values -50__optimization-RMSProp__warm_service-0p3/input_N05.json,/opt/Projects/Soft2/NSGD/sanitycheck_sweep_run/configs/N-5__arrival_rate-10__k_gamma-1-1-1__learn_mask-false-false-false__max_concurrency_values -50__optimization-RMSProp__warm_service-0p3/DAG_N05.json,/opt/Projects/Soft2/NSGD/sanitycheck_sweep_run/logs/stdout/N-5__arrival_rate-10__k_gamma-1-1-1__learn_mask-false-false-false__max_concurrency_values -50__optimization-RMSProp__warm_service-0p3.log,10,0.3,RMSProp,"[false, false, false]","[1, 1, 1]",50
1,1,graph,ALL,,50808,586,47568,327,349,237,2890,0.0115336167532672,0.0568808061722563,0.9362305148795466,0.004664619744922,49.61498310543377,28.74891137661229,19.62481265952844,0.1982175247008437,0.6338973199339618,0.4091442246582388,11229.0,39579.0,183.04889,178.50898650135616,8314,3.437497237774448,3.1620853748081004,6.416268644125287,8.619018912171214,16.07951230484511,47310,0.663458713424401,347,2.692820348122658,236,2.529628621415566,1105.909771630753,1.5,0.6666666666666666,500.0,0.002,0.5,2.0,0.05,20.0,3.333333333333333,0.01,10.0,100.0,ok,,/opt/Projects/Soft2/NSGD/sanitycheck_sweep_run/logs/sanitycheck_sweep_json_N-5__arrival_rate-10__k_gamma-1-1-1__learn_mask-false-false-false__max_concurrency_values -5000000__optimization-RMSProp__warm_service-0p3_arr10_20260526_103128,N-5__arrival_rate-10__k_gamma-1-1-1__learn_mask-false-false-false__max_concurrency_values -5000000__optimization-RMSProp__warm_service-0p3,sanitycheck_sweep_json_N-5__arrival_rate-10__k_gamma-1-1-1__learn_mask-false-false-false__max_concurrency_values -5000000__optimization-RMSProp__warm_service-0p3,5,A1->A2->A3->A4->A5,/opt/Projects/Soft2/NSGD/sanitycheck_sweep_run/configs/N-5__arrival_rate-10__k_gamma-1-1-1__learn_mask-false-false-false__max_concurrency_values -5000000__optimization-RMSProp__warm_service-0p3/input_N05.json,/opt/Projects/Soft2/NSGD/sanitycheck_sweep_run/configs/N-5__arrival_rate-10__k_gamma-1-1-1__learn_mask-false-false-false__max_concurrency_values -5000000__optimization-RMSProp__warm_service-0p3/DAG_N05.json,/opt/Projects/Soft2/NSGD/sanitycheck_sweep_run/logs/stdout/N-5__arrival_rate-10__k_gamma-1-1-1__learn_mask-false-false-false__max_concurrency_values -5000000__optimization-RMSProp__warm_service-0p3.log,10,0.3,RMSProp,"[false, false, false]","[1, 1, 1]",5000000
1,1,graph,ALL,,52142,288,47006,203,177,111,4959,0.0055233784664953,0.0951056729699666,0.9014997506808332,0.002128802117295,49.84979880480847,30.28368594660525,18.344609419648062,0.301759850776528,0.5516798895722568,0.3680636982063697,12571.0,39571.0,171.92986,165.05478075654045,7577,2.0561476567927497,1.8870158412216256,3.791586337750042,5.227652245744126,15.248060972609522,46860,0.397925711721367,177,2.313239600985342,111,2.4562933670779423,619.9519177116752,2.5,0.4,500.0,0.002,0.5,2.0,0.05,20.0,2.0,0.01,10.0,100.0,ok,,/opt/Projects/Soft2/NSGD/sanitycheck_sweep_run/logs/sanitycheck_sweep_json_N-5__arrival_rate-20__k_gamma-1-1-1__learn_mask-true-true-true__max_concurrency_values -50__optimization-adam__warm_service-0p5_arr20_20260526_103144,N-5__arrival_rate-20__k_gamma-1-1-1__learn_mask-true-true-true__max_concurrency_values -50__optimization-adam__warm_service-0p5,sanitycheck_sweep_json_N-5__arrival_rate-20__k_gamma-1-1-1__learn_mask-true-true-true__max_concurrency_values -50__optimization-adam__warm_service-0p5,5,A1->A2->A3->A4->A5,/opt/Projects/Soft2/NSGD/sanitycheck_sweep_run/configs/N-5__arrival_rate-20__k_gamma-1-1-1__learn_mask-true-true-true__max_concurrency_values -50__optimization-adam__warm_service-0p5/input_N05.json,/opt/Projects/Soft2/NSGD/sanitycheck_sweep_run/configs/N-5__arrival_rate-20__k_gamma-1-1-1__learn_mask-true-true-true__max_concurrency_values -50__optimization-adam__warm_service-0p5/DAG_N05.json,/opt/Projects/Soft2/NSGD/sanitycheck_sweep_run/logs/stdout/N-5__arrival_rate-20__k_gamma-1-1-1__learn_mask-true-true-true__max_concurrency_values -50__optimization-adam__warm_service-0p5.log,20,0.5,adam,"[true, true, true]","[1, 1, 1]",50
1,1,graph,ALL,,52142,288,47006,203,177,111,4959,0.0055233784664953,0.0951056729699666,0.9014997506808332,0.002128802117295,49.84979880480847,30.28368594660525,18.344609419648062,0.301759850776528,0.5516798895722568,0.3680636982063697,12571.0,39571.0,171.92986,165.05478075654045,7577,2.0561476567927497,1.8870158412216256,3.791586337750042,5.227652245744126,15.248060972609522,46860,0.397925711721367,177,2.313239600985342,111,2.4562933670779423,619.9519177116752,2.5,0.4,500.0,0.002,0.5,2.0,0.05,20.0,2.0,0.01,10.0,100.0,ok,,/opt/Projects/Soft2/NSGD/sanitycheck_sweep_run/logs/sanitycheck_sweep_json_N-5__arrival_rate-20__k_gamma-1-1-1__learn_mask-true-true-true__max_concurrency_values -5000000__optimization-adam__warm_service-0p5_arr20_20260526_103159,N-5__arrival_rate-20__k_gamma-1-1-1__learn_mask-true-true-true__max_concurrency_values -5000000__optimization-adam__warm_service-0p5,sanitycheck_sweep_json_N-5__arrival_rate-20__k_gamma-1-1-1__learn_mask-true-true-true__max_concurrency_values -5000000__optimization-adam__warm_service-0p5,5,A1->A2->A3->A4->A5,/opt/Projects/Soft2/NSGD/sanitycheck_sweep_run/configs/N-5__arrival_rate-20__k_gamma-1-1-1__learn_mask-true-true-true__max_concurrency_values -5000000__optimization-adam__warm_service-0p5/input_N05.json,/opt/Projects/Soft2/NSGD/sanitycheck_sweep_run/configs/N-5__arrival_rate-20__k_gamma-1-1-1__learn_mask-true-true-true__max_concurrency_values -5000000__optimization-adam__warm_service-0p5/DAG_N05.json,/opt/Projects/Soft2/NSGD/sanitycheck_sweep_run/logs/stdout/N-5__arrival_rate-20__k_gamma-1-1-1__learn_mask-true-true-true__max_concurrency_values -5000000__optimization-adam__warm_service-0p5.log,20,0.5,adam,"[true, true, true]","[1, 1, 1]",5000000
1,1,graph,ALL,,51990,366,47076,169,226,140,4688,0.0070398153491055,0.0901711867666859,0.9054818234275822,0.0026928255433737,49.80815892076339,30.946745534795284,17.56124416841696,0.1063699770050237,0.6879005479223624,0.5058986926237654,12360.0,39631.0,197.15175,191.95000401399776,7642,2.0652965638396155,1.898435772384716,3.8538745702117536,5.4250575399372325,14.345506284612496,46910,0.3982545990026441,223,2.2736862561840074,140,2.5993519663752966,608.8963787991823,2.5,0.4,500.0,0.002,0.5,2.0,0.05,20.0,2.0,0.01,10.0,100.0,ok,,/opt/Projects/Soft2/NSGD/sanitycheck_sweep_run/logs/sanitycheck_sweep_json_N-5__arrival_rate-20__k_gamma-1-1-1__learn_mask-false-false-false__max_concurrency_values -50__optimization-adam__warm_service-0p5_arr20_20260526_103215,N-5__arrival_rate-20__k_gamma-1-1-1__learn_mask-false-false-false__max_concurrency_values -50__optimization-adam__warm_service-0p5,sanitycheck_sweep_json_N-5__arrival_rate-20__k_gamma-1-1-1__learn_mask-false-false-false__max_concurrency_values -50__optimization-adam__warm_service-0p5,5,A1->A2->A3->A4->A5,/opt/Projects/Soft2/NSGD/sanitycheck_sweep_run/configs/N-5__arrival_rate-20__k_gamma-1-1-1__learn_mask-false-false-false__max_concurrency_values -50__optimization-adam__warm_service-0p5/input_N05.json,/opt/Projects/Soft2/NSGD/sanitycheck_sweep_run/configs/N-5__arrival_rate-20__k_gamma-1-1-1__learn_mask-false-false-false__max_concurrency_values -50__optimization-adam__warm_service-0p5/DAG_N05.json,/opt/Projects/Soft2/NSGD/sanitycheck_sweep_run/logs/stdout/N-5__arrival_rate-20__k_gamma-1-1-1__learn_mask-false-false-false__max_concurrency_values -50__optimization-adam__warm_service-0p5.log,20,0.5,adam,"[false, false, false]","[1, 1, 1]",50
1,1,graph,ALL,,51990,366,47076,169,226,140,4688,0.0070398153491055,0.0901711867666859,0.9054818234275822,0.0026928255433737,49.80815892076339,30.946745534795284,17.56124416841696,0.1063699770050237,0.6879005479223624,0.5058986926237654,12360.0,39631.0,197.15175,191.95000401399776,7642,2.0652965638396155,1.898435772384716,3.8538745702117536,5.4250575399372325,14.345506284612496,46910,0.3982545990026441,223,2.2736862561840074,140,2.5993519663752966,608.8963787991823,2.5,0.4,500.0,0.002,0.5,2.0,0.05,20.0,2.0,0.01,10.0,100.0,ok,,/opt/Projects/Soft2/NSGD/sanitycheck_sweep_run/logs/sanitycheck_sweep_json_N-5__arrival_rate-20__k_gamma-1-1-1__learn_mask-false-false-false__max_concurrency_values -5000000__optimization-adam__warm_service-0p5_arr20_20260526_103231,N-5__arrival_rate-20__k_gamma-1-1-1__learn_mask-false-false-false__max_concurrency_values -5000000__optimization-adam__warm_service-0p5,sanitycheck_sweep_json_N-5__arrival_rate-20__k_gamma-1-1-1__learn_mask-false-false-false__max_concurrency_values -5000000__optimization-adam__warm_service-0p5,5,A1->A2->A3->A4->A5,/opt/Projects/Soft2/NSGD/sanitycheck_sweep_run/configs/N-5__arrival_rate-20__k_gamma-1-1-1__learn_mask-false-false-false__max_concurrency_values -5000000__optimization-adam__warm_service-0p5/input_N05.json,/opt/Projects/Soft2/NSGD/sanitycheck_sweep_run/configs/N-5__arrival_rate-20__k_gamma-1-1-1__learn_mask-false-false-false__max_concurrency_values -5000000__optimization-adam__warm_service-0p5/DAG_N05.json,/opt/Projects/Soft2/NSGD/sanitycheck_sweep_run/logs/stdout/N-5__arrival_rate-20__k_gamma-1-1-1__learn_mask-false-false-false__max_concurrency_values -5000000__optimization-adam__warm_service-0p5.log,20,0.5,adam,"[false, false, false]","[1, 1, 1]",5000000
1,1,graph,ALL,,52025,269,47118,307,106,163,4801,0.0051705910619894,0.0922825564632388,0.9056799615569436,0.003133109082172,49.883704730334514,30.22416477356225,18.300364692815386,0.4597532794243726,0.332749586217105,0.5666723983154117,12606.0,39419.0,170.75103,163.56296893223157,7781,2.052009873917102,1.8824688672506933,3.788098204713464,5.05267303315125,17.0007927963309,46932,0.3983521061578443,106,2.354337933503252,162,2.5377904744005635,622.2723862996936,2.5,0.4,500.0,0.002,0.5,2.0,0.05,20.0,2.0,0.01,10.0,100.0,ok,,/opt/Projects/Soft2/NSGD/sanitycheck_sweep_run/logs/sanitycheck_sweep_json_N-5__arrival_rate-20__k_gamma-1-1-1__learn_mask-true-true-true__max_concurrency_values -50__optimization-RMSProp__warm_service-0p5_arr20_20260526_103246,N-5__arrival_rate-20__k_gamma-1-1-1__learn_mask-true-true-true__max_concurrency_values -50__optimization-RMSProp__warm_service-0p5,sanitycheck_sweep_json_N-5__arrival_rate-20__k_gamma-1-1-1__learn_mask-true-true-true__max_concurrency_values -50__optimization-RMSProp__warm_service-0p5,5,A1->A2->A3->A4->A5,/opt/Projects/Soft2/NSGD/sanitycheck_sweep_run/configs/N-5__arrival_rate-20__k_gamma-1-1-1__learn_mask-true-true-true__max_concurrency_values -50__optimization-RMSProp__warm_service-0p5/input_N05.json,/opt/Projects/Soft2/NSGD/sanitycheck_sweep_run/configs/N-5__arrival_rate-20__k_gamma-1-1-1__learn_mask-true-true-true__max_concurrency_values -50__optimization-RMSProp__warm_service-0p5/DAG_N05.json,/opt/Projects/Soft2/NSGD/sanitycheck_sweep_run/logs/stdout/N-5__arrival_rate-20__k_gamma-1-1-1__learn_mask-true-true-true__max_concurrency_values -50__optimization-RMSProp__warm_service-0p5.log,20,0.5,RMSProp,"[true, true, true]","[1, 1, 1]",50
1,1,graph,ALL,,52025,269,47118,307,106,163,4801,0.0051705910619894,0.0922825564632388,0.9056799615569436,0.003133109082172,49.883704730334514,30.22416477356225,18.300364692815386,0.4597532794243726,0.332749586217105,0.5666723983154117,12606.0,39419.0,170.75103,163.56296893223157,7781,2.052009873917102,1.8824688672506933,3.788098204713464,5.05267303315125,17.0007927963309,46932,0.3983521061578443,106,2.354337933503252,162,2.5377904744005635,622.2723862996936,2.5,0.4,500.0,0.002,0.5,2.0,0.05,20.0,2.0,0.01,10.0,100.0,ok,,/opt/Projects/Soft2/NSGD/sanitycheck_sweep_run/logs/sanitycheck_sweep_json_N-5__arrival_rate-20__k_gamma-1-1-1__learn_mask-true-true-true__max_concurrency_values -5000000__optimization-RMSProp__warm_service-0p5_arr20_20260526_103302,N-5__arrival_rate-20__k_gamma-1-1-1__learn_mask-true-true-true__max_concurrency_values -5000000__optimization-RMSProp__warm_service-0p5,sanitycheck_sweep_json_N-5__arrival_rate-20__k_gamma-1-1-1__learn_mask-true-true-true__max_concurrency_values -5000000__optimization-RMSProp__warm_service-0p5,5,A1->A2->A3->A4->A5,/opt/Projects/Soft2/NSGD/sanitycheck_sweep_run/configs/N-5__arrival_rate-20__k_gamma-1-1-1__learn_mask-true-true-true__max_concurrency_values -5000000__optimization-RMSProp__warm_service-0p5/input_N05.json,/opt/Projects/Soft2/NSGD/sanitycheck_sweep_run/configs/N-5__arrival_rate-20__k_gamma-1-1-1__learn_mask-true-true-true__max_concurrency_values -5000000__optimization-RMSProp__warm_service-0p5/DAG_N05.json,/opt/Projects/Soft2/NSGD/sanitycheck_sweep_run/logs/stdout/N-5__arrival_rate-20__k_gamma-1-1-1__learn_mask-true-true-true__max_concurrency_values -5000000__optimization-RMSProp__warm_service-0p5.log,20,0.5,RMSProp,"[true, true, true]","[1, 1, 1]",5000000
1,1,graph,ALL,,51990,366,47076,169,226,140,4688,0.0070398153491055,0.0901711867666859,0.9054818234275822,0.0026928255433737,49.80815892076339,30.946745534795284,17.56124416841696,0.1063699770050237,0.6879005479223624,0.5058986926237654,12360.0,39631.0,197.15175,191.95000401399776,7642,2.0652965638396155,1.898435772384716,3.8538745702117536,5.4250575399372325,14.345506284612496,46910,0.3982545990026441,223,2.2736862561840074,140,2.5993519663752966,608.8963787991823,2.5,0.4,500.0,0.002,0.5,2.0,0.05,20.0,2.0,0.01,10.0,100.0,ok,,/opt/Projects/Soft2/NSGD/sanitycheck_sweep_run/logs/sanitycheck_sweep_json_N-5__arrival_rate-20__k_gamma-1-1-1__learn_mask-false-false-false__max_concurrency_values -50__optimization-RMSProp__warm_service-0p5_arr20_20260526_103317,N-5__arrival_rate-20__k_gamma-1-1-1__learn_mask-false-false-false__max_concurrency_values -50__optimization-RMSProp__warm_service-0p5,sanitycheck_sweep_json_N-5__arrival_rate-20__k_gamma-1-1-1__learn_mask-false-false-false__max_concurrency_values -50__optimization-RMSProp__warm_service-0p5,5,A1->A2->A3->A4->A5,/opt/Projects/Soft2/NSGD/sanitycheck_sweep_run/configs/N-5__arrival_rate-20__k_gamma-1-1-1__learn_mask-false-false-false__max_concurrency_values -50__optimization-RMSProp__warm_service-0p5/input_N05.json,/opt/Projects/Soft2/NSGD/sanitycheck_sweep_run/configs/N-5__arrival_rate-20__k_gamma-1-1-1__learn_mask-false-false-false__max_concurrency_values -50__optimization-RMSProp__warm_service-0p5/DAG_N05.json,/opt/Projects/Soft2/NSGD/sanitycheck_sweep_run/logs/stdout/N-5__arrival_rate-20__k_gamma-1-1-1__learn_mask-false-false-false__max_concurrency_values -50__optimization-RMSProp__warm_service-0p5.log,20,0.5,RMSProp,"[false, false, false]","[1, 1, 1]",50
1,1,graph,ALL,,51990,366,47076,169,226,140,4688,0.0070398153491055,0.0901711867666859,0.9054818234275822,0.0026928255433737,49.80815892076339,30.946745534795284,17.56124416841696,0.1063699770050237,0.6879005479223624,0.5058986926237654,12360.0,39631.0,197.15175,191.95000401399776,7642,2.0652965638396155,1.898435772384716,3.8538745702117536,5.4250575399372325,14.345506284612496,46910,0.3982545990026441,223,2.2736862561840074,140,2.5993519663752966,608.8963787991823,2.5,0.4,500.0,0.002,0.5,2.0,0.05,20.0,2.0,0.01,10.0,100.0,ok,,/opt/Projects/Soft2/NSGD/sanitycheck_sweep_run/logs/sanitycheck_sweep_json_N-5__arrival_rate-20__k_gamma-1-1-1__learn_mask-false-false-false__max_concurrency_values -5000000__optimization-RMSProp__warm_service-0p5_arr20_20260526_103333,N-5__arrival_rate-20__k_gamma-1-1-1__learn_mask-false-false-false__max_concurrency_values -5000000__optimization-RMSProp__warm_service-0p5,sanitycheck_sweep_json_N-5__arrival_rate-20__k_gamma-1-1-1__learn_mask-false-false-false__max_concurrency_values -5000000__optimization-RMSProp__warm_service-0p5,5,A1->A2->A3->A4->A5,/opt/Projects/Soft2/NSGD/sanitycheck_sweep_run/configs/N-5__arrival_rate-20__k_gamma-1-1-1__learn_mask-false-false-false__max_concurrency_values -5000000__optimization-RMSProp__warm_service-0p5/input_N05.json,/opt/Projects/Soft2/NSGD/sanitycheck_sweep_run/configs/N-5__arrival_rate-20__k_gamma-1-1-1__learn_mask-false-false-false__max_concurrency_values -5000000__optimization-RMSProp__warm_service-0p5/DAG_N05.json,/opt/Projects/Soft2/NSGD/sanitycheck_sweep_run/logs/stdout/N-5__arrival_rate-20__k_gamma-1-1-1__learn_mask-false-false-false__max_concurrency_values -5000000__optimization-RMSProp__warm_service-0p5.log,20,0.5,RMSProp,"[false, false, false]","[1, 1, 1]",5000000
1,1,graph,ALL,,55161,309,43964,203,185,124,11012,0.0056017838690379,0.1996337992422182,0.7970123819365131,0.0022479650477692,49.90700879617872,35.91778649014184,13.018048844365955,0.1912497507588168,0.4486170025294983,0.3313067083825914,16427.0,38735.0,163.72572,144.8021225784364,5378,3.4152592298803746,3.170234589529884,6.306737620830799,7.983763365562752,17.829504624023457,43804,0.6636336871977613,185,2.64711922526806,124,2.7795542802928046,815.4759753160001,1.5,0.6666666666666666,500.0,0.002,0.5,2.0,0.05,20.0,3.333333333333333,0.01,10.0,100.0,ok,,/opt/Projects/Soft2/NSGD/sanitycheck_sweep_run/logs/sanitycheck_sweep_json_N-5__arrival_rate-20__k_gamma-1-1-1__learn_mask-true-true-true__max_concurrency_values -50__optimization-adam__warm_service-0p3_arr20_20260526_103349,N-5__arrival_rate-20__k_gamma-1-1-1__learn_mask-true-true-true__max_concurrency_values -50__optimization-adam__warm_service-0p3,sanitycheck_sweep_json_N-5__arrival_rate-20__k_gamma-1-1-1__learn_mask-true-true-true__max_concurrency_values -50__optimization-adam__warm_service-0p3,5,A1->A2->A3->A4->A5,/opt/Projects/Soft2/NSGD/sanitycheck_sweep_run/configs/N-5__arrival_rate-20__k_gamma-1-1-1__learn_mask-true-true-true__max_concurrency_values -50__optimization-adam__warm_service-0p3/input_N05.json,/opt/Projects/Soft2/NSGD/sanitycheck_sweep_run/configs/N-5__arrival_rate-20__k_gamma-1-1-1__learn_mask-true-true-true__max_concurrency_values -50__optimization-adam__warm_service-0p3/DAG_N05.json,/opt/Projects/Soft2/NSGD/sanitycheck_sweep_run/logs/stdout/N-5__arrival_rate-20__k_gamma-1-1-1__learn_mask-true-true-true__max_concurrency_values -50__optimization-adam__warm_service-0p3.log,20,0.3,adam,"[true, true, true]","[1, 1, 1]",50
1,1,graph,ALL,,55161,309,43964,203,185,124,11012,0.0056017838690379,0.1996337992422182,0.7970123819365131,0.0022479650477692,49.90700879617872,35.91778649014184,13.018048844365955,0.1912497507588168,0.4486170025294983,0.3313067083825914,16427.0,38735.0,163.72572,144.8021225784364,5378,3.4152592298803746,3.170234589529884,6.306737620830799,7.983763365562752,17.829504624023457,43804,0.6636336871977613,185,2.64711922526806,124,2.7795542802928046,815.4759753160001,1.5,0.6666666666666666,500.0,0.002,0.5,2.0,0.05,20.0,3.333333333333333,0.01,10.0,100.0,ok,,/opt/Projects/Soft2/NSGD/sanitycheck_sweep_run/logs/sanitycheck_sweep_json_N-5__arrival_rate-20__k_gamma-1-1-1__learn_mask-true-true-true__max_concurrency_values -5000000__optimization-adam__warm_service-0p3_arr20_20260526_103405,N-5__arrival_rate-20__k_gamma-1-1-1__learn_mask-true-true-true__max_concurrency_values -5000000__optimization-adam__warm_service-0p3,sanitycheck_sweep_json_N-5__arrival_rate-20__k_gamma-1-1-1__learn_mask-true-true-true__max_concurrency_values -5000000__optimization-adam__warm_service-0p3,5,A1->A2->A3->A4->A5,/opt/Projects/Soft2/NSGD/sanitycheck_sweep_run/configs/N-5__arrival_rate-20__k_gamma-1-1-1__learn_mask-true-true-true__max_concurrency_values -5000000__optimization-adam__warm_service-0p3/input_N05.json,/opt/Projects/Soft2/NSGD/sanitycheck_sweep_run/configs/N-5__arrival_rate-20__k_gamma-1-1-1__learn_mask-true-true-true__max_concurrency_values -5000000__optimization-adam__warm_service-0p3/DAG_N05.json,/opt/Projects/Soft2/NSGD/sanitycheck_sweep_run/logs/stdout/N-5__arrival_rate-20__k_gamma-1-1-1__learn_mask-true-true-true__max_concurrency_values -5000000__optimization-adam__warm_service-0p3.log,20,0.3,adam,"[true, true, true]","[1, 1, 1]",5000000
1,1,graph,ALL,,55060,311,44157,123,209,102,10694,0.0056483835815474,0.194224482382855,0.8019796585543044,0.0018525245187068,49.89235251697968,37.18287012424948,11.858123469777484,0.0434526359821547,0.5147449817362231,0.2931613052343355,15956.0,39105.0,163.87466,145.9465403756232,5223,3.417561457516044,3.1678921441324803,6.364627561180866,8.213726652938997,17.254484774377374,44020,0.6642347306760262,206,2.5411152071841863,102,2.8746846232306784,792.2700647690508,1.5,0.6666666666666666,500.0,0.002,0.5,2.0,0.05,20.0,3.333333333333333,0.01,10.0,100.0,ok,,/opt/Projects/Soft2/NSGD/sanitycheck_sweep_run/logs/sanitycheck_sweep_json_N-5__arrival_rate-20__k_gamma-1-1-1__learn_mask-false-false-false__max_concurrency_values -50__optimization-adam__warm_service-0p3_arr20_20260526_103421,N-5__arrival_rate-20__k_gamma-1-1-1__learn_mask-false-false-false__max_concurrency_values -50__optimization-adam__warm_service-0p3,sanitycheck_sweep_json_N-5__arrival_rate-20__k_gamma-1-1-1__learn_mask-false-false-false__max_concurrency_values -50__optimization-adam__warm_service-0p3,5,A1->A2->A3->A4->A5,/opt/Projects/Soft2/NSGD/sanitycheck_sweep_run/configs/N-5__arrival_rate-20__k_gamma-1-1-1__learn_mask-false-false-false__max_concurrency_values -50__optimization-adam__warm_service-0p3/input_N05.json,/opt/Projects/Soft2/NSGD/sanitycheck_sweep_run/configs/N-5__arrival_rate-20__k_gamma-1-1-1__learn_mask-false-false-false__max_concurrency_values -50__optimization-adam__warm_service-0p3/DAG_N05.json,/opt/Projects/Soft2/NSGD/sanitycheck_sweep_run/logs/stdout/N-5__arrival_rate-20__k_gamma-1-1-1__learn_mask-false-false-false__max_concurrency_values -50__optimization-adam__warm_service-0p3.log,20,0.3,adam,"[false, false, false]","[1, 1, 1]",50
1,1,graph,ALL,,55060,311,44157,123,209,102,10694,0.0056483835815474,0.194224482382855,0.8019796585543044,0.0018525245187068,49.89235251697968,37.18287012424948,11.858123469777484,0.0434526359821547,0.5147449817362231,0.2931613052343355,15956.0,39105.0,163.87466,145.9465403756232,5223,3.417561457516044,3.1678921441324803,6.364627561180866,8.213726652938997,17.254484774377374,44020,0.6642347306760262,206,2.5411152071841863,102,2.8746846232306784,792.2700647690508,1.5,0.6666666666666666,500.0,0.002,0.5,2.0,0.05,20.0,3.333333333333333,0.01,10.0,100.0,ok,,/opt/Projects/Soft2/NSGD/sanitycheck_sweep_run/logs/sanitycheck_sweep_json_N-5__arrival_rate-20__k_gamma-1-1-1__learn_mask-false-false-false__max_concurrency_values -5000000__optimization-adam__warm_service-0p3_arr20_20260526_103437,N-5__arrival_rate-20__k_gamma-1-1-1__learn_mask-false-false-false__max_concurrency_values -5000000__optimization-adam__warm_service-0p3,sanitycheck_sweep_json_N-5__arrival_rate-20__k_gamma-1-1-1__learn_mask-false-false-false__max_concurrency_values -5000000__optimization-adam__warm_service-0p3,5,A1->A2->A3->A4->A5,/opt/Projects/Soft2/NSGD/sanitycheck_sweep_run/configs/N-5__arrival_rate-20__k_gamma-1-1-1__learn_mask-false-false-false__max_concurrency_values -5000000__optimization-adam__warm_service-0p3/input_N05.json,/opt/Projects/Soft2/NSGD/sanitycheck_sweep_run/configs/N-5__arrival_rate-20__k_gamma-1-1-1__learn_mask-false-false-false__max_concurrency_values -5000000__optimization-adam__warm_service-0p3/DAG_N05.json,/opt/Projects/Soft2/NSGD/sanitycheck_sweep_run/logs/stdout/N-5__arrival_rate-20__k_gamma-1-1-1__learn_mask-false-false-false__max_concurrency_values -5000000__optimization-adam__warm_service-0p3.log,20,0.3,adam,"[false, false, false]","[1, 1, 1]",5000000
1,1,graph,ALL,,55224,291,43995,212,148,143,11081,0.0052694480660582,0.20065551209619,0.796664493698392,0.0025894538606403,49.909556927646896,36.65436351391502,12.344942149119683,0.147298096795285,0.3893676003581592,0.3735855674587534,16094.0,39131.0,160.81152,142.19082091690535,4975,3.413217291743289,3.17667751735587,6.188769227750584,8.229666269756454,15.14186480219746,43815,0.6638754837282251,148,2.754738114940164,143,2.7611033440581747,799.5730059124814,1.5,0.6666666666666666,500.0,0.002,0.5,2.0,0.05,20.0,3.333333333333333,0.01,10.0,100.0,ok,,/opt/Projects/Soft2/NSGD/sanitycheck_sweep_run/logs/sanitycheck_sweep_json_N-5__arrival_rate-20__k_gamma-1-1-1__learn_mask-true-true-true__max_concurrency_values -50__optimization-RMSProp__warm_service-0p3_arr20_20260526_103453,N-5__arrival_rate-20__k_gamma-1-1-1__learn_mask-true-true-true__max_concurrency_values -50__optimization-RMSProp__warm_service-0p3,sanitycheck_sweep_json_N-5__arrival_rate-20__k_gamma-1-1-1__learn_mask-true-true-true__max_concurrency_values -50__optimization-RMSProp__warm_service-0p3,5,A1->A2->A3->A4->A5,/opt/Projects/Soft2/NSGD/sanitycheck_sweep_run/configs/N-5__arrival_rate-20__k_gamma-1-1-1__learn_mask-true-true-true__max_concurrency_values -50__optimization-RMSProp__warm_service-0p3/input_N05.json,/opt/Projects/Soft2/NSGD/sanitycheck_sweep_run/configs/N-5__arrival_rate-20__k_gamma-1-1-1__learn_mask-true-true-true__max_concurrency_values -50__optimization-RMSProp__warm_service-0p3/DAG_N05.json,/opt/Projects/Soft2/NSGD/sanitycheck_sweep_run/logs/stdout/N-5__arrival_rate-20__k_gamma-1-1-1__learn_mask-true-true-true__max_concurrency_values -50__optimization-RMSProp__warm_service-0p3.log,20,0.3,RMSProp,"[true, true, true]","[1, 1, 1]",50
1,1,graph,ALL,,55224,291,43995,212,148,143,11081,0.0052694480660582,0.20065551209619,0.796664493698392,0.0025894538606403,49.909556927646896,36.65436351391502,12.344942149119683,0.147298096795285,0.3893676003581592,0.3735855674587534,16094.0,39131.0,160.81152,142.19082091690535,4975,3.413217291743289,3.17667751735587,6.188769227750584,8.229666269756454,15.14186480219746,43815,0.6638754837282251,148,2.754738114940164,143,2.7611033440581747,799.5730059124814,1.5,0.6666666666666666,500.0,0.002,0.5,2.0,0.05,20.0,3.333333333333333,0.01,10.0,100.0,ok,,/opt/Projects/Soft2/NSGD/sanitycheck_sweep_run/logs/sanitycheck_sweep_json_N-5__arrival_rate-20__k_gamma-1-1-1__learn_mask-true-true-true__max_concurrency_values -5000000__optimization-RMSProp__warm_service-0p3_arr20_20260526_103509,N-5__arrival_rate-20__k_gamma-1-1-1__learn_mask-true-true-true__max_concurrency_values -5000000__optimization-RMSProp__warm_service-0p3,sanitycheck_sweep_json_N-5__arrival_rate-20__k_gamma-1-1-1__learn_mask-true-true-true__max_concurrency_values -5000000__optimization-RMSProp__warm_service-0p3,5,A1->A2->A3->A4->A5,/opt/Projects/Soft2/NSGD/sanitycheck_sweep_run/configs/N-5__arrival_rate-20__k_gamma-1-1-1__learn_mask-true-true-true__max_concurrency_values -5000000__optimization-RMSProp__warm_service-0p3/input_N05.json,/opt/Projects/Soft2/NSGD/sanitycheck_sweep_run/configs/N-5__arrival_rate-20__k_gamma-1-1-1__learn_mask-true-true-true__max_concurrency_values -5000000__optimization-RMSProp__warm_service-0p3/DAG_N05.json,/opt/Projects/Soft2/NSGD/sanitycheck_sweep_run/logs/stdout/N-5__arrival_rate-20__k_gamma-1-1-1__learn_mask-true-true-true__max_concurrency_values -5000000__optimization-RMSProp__warm_service-0p3.log,20,0.3,RMSProp,"[true, true, true]","[1, 1, 1]",5000000
1,1,graph,ALL,,55060,311,44157,123,209,102,10694,0.0056483835815474,0.194224482382855,0.8019796585543044,0.0018525245187068,49.89235251697968,37.18287012424948,11.858123469777484,0.0434526359821547,0.5147449817362231,0.2931613052343355,15956.0,39105.0,163.87466,145.9465403756232,5223,3.417561457516044,3.1678921441324803,6.364627561180866,8.213726652938997,17.254484774377374,44020,0.6642347306760262,206,2.5411152071841863,102,2.8746846232306784,792.2700647690508,1.5,0.6666666666666666,500.0,0.002,0.5,2.0,0.05,20.0,3.333333333333333,0.01,10.0,100.0,ok,,/opt/Projects/Soft2/NSGD/sanitycheck_sweep_run/logs/sanitycheck_sweep_json_N-5__arrival_rate-20__k_gamma-1-1-1__learn_mask-false-false-false__max_concurrency_values -50__optimization-RMSProp__warm_service-0p3_arr20_20260526_103525,N-5__arrival_rate-20__k_gamma-1-1-1__learn_mask-false-false-false__max_concurrency_values -50__optimization-RMSProp__warm_service-0p3,sanitycheck_sweep_json_N-5__arrival_rate-20__k_gamma-1-1-1__learn_mask-false-false-false__max_concurrency_values -50__optimization-RMSProp__warm_service-0p3,5,A1->A2->A3->A4->A5,/opt/Projects/Soft2/NSGD/sanitycheck_sweep_run/configs/N-5__arrival_rate-20__k_gamma-1-1-1__learn_mask-false-false-false__max_concurrency_values -50__optimization-RMSProp__warm_service-0p3/input_N05.json,/opt/Projects/Soft2/NSGD/sanitycheck_sweep_run/configs/N-5__arrival_rate-20__k_gamma-1-1-1__learn_mask-false-false-false__max_concurrency_values -50__optimization-RMSProp__warm_service-0p3/DAG_N05.json,/opt/Projects/Soft2/NSGD/sanitycheck_sweep_run/logs/stdout/N-5__arrival_rate-20__k_gamma-1-1-1__learn_mask-false-false-false__max_concurrency_values -50__optimization-RMSProp__warm_service-0p3.log,20,0.3,RMSProp,"[false, false, false]","[1, 1, 1]",50
1,1,graph,ALL,,55060,311,44157,123,209,102,10694,0.0056483835815474,0.194224482382855,0.8019796585543044,0.0018525245187068,49.89235251697968,37.18287012424948,11.858123469777484,0.0434526359821547,0.5147449817362231,0.2931613052343355,15956.0,39105.0,163.87466,145.9465403756232,5223,3.417561457516044,3.1678921441324803,6.364627561180866,8.213726652938997,17.254484774377374,44020,0.6642347306760262,206,2.5411152071841863,102,2.8746846232306784,792.2700647690508,1.5,0.6666666666666666,500.0,0.002,0.5,2.0,0.05,20.0,3.333333333333333,0.01,10.0,100.0,ok,,/opt/Projects/Soft2/NSGD/sanitycheck_sweep_run/logs/sanitycheck_sweep_json_N-5__arrival_rate-20__k_gamma-1-1-1__learn_mask-false-false-false__max_concurrency_values -5000000__optimization-RMSProp__warm_service-0p3_arr20_20260526_103541,N-5__arrival_rate-20__k_gamma-1-1-1__learn_mask-false-false-false__max_concurrency_values -5000000__optimization-RMSProp__warm_service-0p3,sanitycheck_sweep_json_N-5__arrival_rate-20__k_gamma-1-1-1__learn_mask-false-false-false__max_concurrency_values -5000000__optimization-RMSProp__warm_service-0p3,5,A1->A2->A3->A4->A5,/opt/Projects/Soft2/NSGD/sanitycheck_sweep_run/configs/N-5__arrival_rate-20__k_gamma-1-1-1__learn_mask-false-false-false__max_concurrency_values -5000000__optimization-RMSProp__warm_service-0p3/input_N05.json,/opt/Projects/Soft2/NSGD/sanitycheck_sweep_run/configs/N-5__arrival_rate-20__k_gamma-1-1-1__learn_mask-false-false-false__max_concurrency_values -5000000__optimization-RMSProp__warm_service-0p3/DAG_N05.json,/opt/Projects/Soft2/NSGD/sanitycheck_sweep_run/logs/stdout/N-5__arrival_rate-20__k_gamma-1-1-1__learn_mask-false-false-false__max_concurrency_values -5000000__optimization-RMSProp__warm_service-0p3.log,20,0.3,RMSProp,"[false, false, false]","[1, 1, 1]",5000000
