scenario,chain_length,graph,run_dir,stdout_log,run_index,seed,level,node,node_index,reqs_total,reqs_cold,reqs_warm,reqs_init_free,reqs_init_reserved,reqs_queued,reqs_reject,prob_cold,prob_reject,prob_warm,prob_queued,inst_count_avg,inst_running_count_avg,inst_idle_count_avg,inst_init_free_count_avg,inst_init_reserved_count_avg,inst_queued_jobs_count_avg,external_arrivals,internal_arrivals,graph_event_avg_cost,graph_time_avg_cost,simulated_time,warm_service_rate,warm_service_mean_time,cold_service_rate,cold_service_mean_time,cold_start_rate,cold_start_mean_time,expiration_rate,expiration_mean_time,total_expected_warm_service_time,total_expected_cold_service_time,total_expected_cold_start_time,total_expected_expiration_time
event_budget,1,A1,/opt/Projects/Soft2/NSGD/logs/sanitycheck_event_budget_L01_arr10.0_20260427_115006,/opt/Projects/Soft2/NSGD/results_figures/run_logs/event_budget_L01.log,1,1,graph,ALL,,24759,194,24758,256,1,193,0,0.0078355345530918,0.0,0.9999596106466336,0.0077951451997253,21.040186684105464,10.17505117218463,9.79402804253612,0.236729004151836,0.0111635575107454,0.8232149077221356,24759.0,0.0,122.50616,118.55649112746887,2456.525365421357,1.0,1.0,100.0,0.01,0.1,10.0,0.01,100.0,1.0,0.01,10.0,100.0
event_budget,1,A1,/opt/Projects/Soft2/NSGD/logs/sanitycheck_event_budget_L01_arr10.0_20260427_115006,/opt/Projects/Soft2/NSGD/results_figures/run_logs/event_budget_L01.log,1,1,node,A1,1.0,24759,194,24758,256,1,193,0,0.0078355345530918,0.0,0.9999596106466336,0.0077951451997253,21.040186684105464,10.17505117218463,9.79402804253612,0.236729004151836,0.0111635575107454,0.8232149077221356,,,,,2456.525365421357,1.0,1.0,100.0,0.01,0.1,10.0,0.01,100.0,,,,
event_budget,2,A1->A2,/opt/Projects/Soft2/NSGD/logs/sanitycheck_event_budget_L02_arr10.0_20260427_115009,/opt/Projects/Soft2/NSGD/results_figures/run_logs/event_budget_L02.log,1,1,graph,ALL,,24675,259,24578,243,97,162,0,0.0104964539007092,0.0,0.9960688956433638,0.0065653495440729,25.385185855126267,10.181512279375603,13.834491480714869,0.3997068622704152,0.3120225177709441,0.6574527149944356,12340.0,12336.0,146.45704,141.64392899252104,1215.257951847652,2.0,0.5,200.0,0.005,0.2,5.0,0.02,50.0,1.0,0.01,10.0,100.0
event_budget,2,A1->A2,/opt/Projects/Soft2/NSGD/logs/sanitycheck_event_budget_L02_arr10.0_20260427_115009,/opt/Projects/Soft2/NSGD/results_figures/run_logs/event_budget_L02.log,1,1,node,A1,1.0,12340,128,12292,121,48,80,0,0.0103727714748784,0.0,0.9961102106969206,0.006482982171799,12.62041123074383,5.133845328257946,6.781425194135222,0.2026390730017217,0.1775769778537437,0.3249246574951964,,,,,1215.257951847652,2.0,0.5,200.0,0.005,0.2,5.0,0.02,50.0,,,,
event_budget,2,A1->A2,/opt/Projects/Soft2/NSGD/logs/sanitycheck_event_budget_L02_arr10.0_20260427_115009,/opt/Projects/Soft2/NSGD/results_figures/run_logs/event_budget_L02.log,1,1,node,A2,2.0,12335,131,12286,122,49,82,0,0.010620186461289,0.0,0.996027563842724,0.0066477503040129,12.764774624382436,5.047666951117656,7.053066286579645,0.1970677892686934,0.1344455399172004,0.3325280574992392,,,,,1215.257951847652,2.0,0.5,200.0,0.005,0.2,5.0,0.02,50.0,,,,
event_budget,3,A1->A2->A3,/opt/Projects/Soft2/NSGD/logs/sanitycheck_event_budget_L03_arr10.0_20260427_115014,/opt/Projects/Soft2/NSGD/results_figures/run_logs/event_budget_L03.log,1,1,graph,ALL,,24575,342,24395,268,179,163,0,0.0139165818921668,0.0,0.992675483214649,0.0066327568667344,29.5413472986977,10.19088423408726,17.491098194950567,0.4715891514261787,0.7032166433452667,0.6845590748884322,8195.0,16381.0,201.89194,193.24747679565672,804.6404517266568,3.0,0.3333333333333333,300.0,0.0033333333333333,0.3000000000000001,3.333333333333332,0.03,33.333333333333336,1.0,0.01,10.0,100.0
event_budget,3,A1->A2->A3,/opt/Projects/Soft2/NSGD/logs/sanitycheck_event_budget_L03_arr10.0_20260427_115014,/opt/Projects/Soft2/NSGD/results_figures/run_logs/event_budget_L03.log,1,1,node,A1,1.0,8195,124,8126,89,69,55,0,0.0151311775472849,0.0,0.9915802318486884,0.0067114093959731,9.803373311156742,3.4325677111303774,5.684589089946463,0.1561631046094785,0.2894170040835305,0.2406364013868936,,,,,804.6404517266568,3.0,0.3333333333333333,300.0,0.0033333333333333,0.3,3.333333333333333,0.03,33.333333333333336,,,,
event_budget,3,A1->A2->A3,/opt/Projects/Soft2/NSGD/logs/sanitycheck_event_budget_L03_arr10.0_20260427_115014,/opt/Projects/Soft2/NSGD/results_figures/run_logs/event_budget_L03.log,1,1,node,A2,2.0,8193,96,8147,87,46,50,0,0.011717319663127,0.0,0.9943854509947516,0.0061027706578786,9.743929439998324,3.3882718342504377,5.856073498313962,0.1510510214307422,0.1396354333380174,0.2088976526651643,,,,,804.6404517266568,3.0,0.3333333333333333,300.0,0.0033333333333333,0.3,3.333333333333333,0.03,33.333333333333336,,,,
event_budget,3,A1->A2->A3,/opt/Projects/Soft2/NSGD/logs/sanitycheck_event_budget_L03_arr10.0_20260427_115014,/opt/Projects/Soft2/NSGD/results_figures/run_logs/event_budget_L03.log,1,1,node,A3,3.0,8187,122,8122,92,64,58,0,0.0149016733846341,0.0,0.992060583852449,0.0070844021008916,9.994044547542634,3.3700446887064435,5.950435606690141,0.1643750253859579,0.2741642059237188,0.2350250208363742,,,,,804.6404517266568,3.0,0.3333333333333333,300.0,0.0033333333333333,0.3,3.333333333333333,0.03,33.333333333333336,,,,
event_budget,4,A1->A2->A3->A4,/opt/Projects/Soft2/NSGD/logs/sanitycheck_event_budget_L04_arr10.0_20260427_115021,/opt/Projects/Soft2/NSGD/results_figures/run_logs/event_budget_L04.log,1,1,graph,ALL,,24544,395,24254,249,253,142,36,0.0160935462842242,0.0014667535853976,0.9881844850065188,0.0057855280312907,31.86176636870734,10.163117522390852,19.647943520616806,0.4611053460758693,0.9890327208825976,0.600567258741215,6141.0,18404.0,228.0835,218.6725291545022,600.3612497042101,4.0,0.25,400.0,0.0025,0.4,2.5,0.04,25.0,1.0,0.01,10.0,100.0
event_budget,4,A1->A2->A3->A4,/opt/Projects/Soft2/NSGD/logs/sanitycheck_event_budget_L04_arr10.0_20260427_115021,/opt/Projects/Soft2/NSGD/results_figures/run_logs/event_budget_L04.log,1,1,node,A1,1.0,6141,99,6078,66,63,36,0,0.0161211529066927,0.0,0.9897410845139228,0.0058622374206155,7.741747595056134,2.610009488351614,4.581594314966125,0.1456207184771636,0.2277405802204616,0.1767824930407706,,,,,600.3612497042101,4.0,0.25,400.0,0.0025,0.4,2.5,0.04,25.0,,,,
event_budget,4,A1->A2->A3->A4,/opt/Projects/Soft2/NSGD/logs/sanitycheck_event_budget_L04_arr10.0_20260427_115021,/opt/Projects/Soft2/NSGD/results_figures/run_logs/event_budget_L04.log,1,1,node,A2,2.0,6138,100,6077,60,61,39,0,0.0162919517758227,0.0,0.990061909416748,0.0063538611925708,8.011819133674773,2.535044314168182,5.037612390679857,0.0891673575602513,0.2374997945777041,0.1124952766887784,,,,,600.3612497042101,4.0,0.25,400.0,0.0025,0.4,2.5,0.04,25.0,,,,
event_budget,4,A1->A2->A3->A4,/opt/Projects/Soft2/NSGD/logs/sanitycheck_event_budget_L04_arr10.0_20260427_115021,/opt/Projects/Soft2/NSGD/results_figures/run_logs/event_budget_L04.log,1,1,node,A3,3.0,6134,103,6069,68,65,38,0,0.0167916530811868,0.0,0.9894033257254646,0.0061949788066514,8.04591807220308,2.524261951382585,5.0109103990840245,0.097190161015619,0.2672509277842856,0.1463046329365668,,,,,600.3612497042101,4.0,0.25,400.0,0.0025,0.4,2.5,0.04,25.0,,,,
event_budget,4,A1->A2->A3->A4,/opt/Projects/Soft2/NSGD/logs/sanitycheck_event_budget_L04_arr10.0_20260427_115021,/opt/Projects/Soft2/NSGD/results_figures/run_logs/event_budget_L04.log,1,1,node,A4,4.0,6131,93,6030,55,64,29,36,0.0151688142228021,0.0058717990539879,0.9835263415429784,0.0047300603490458,8.06228156777335,2.493801768488471,5.017826415886799,0.1291271090228352,0.2565414183001462,0.164984856075099,,,,,600.3612497042101,4.0,0.25,400.0,0.0025,0.4,2.5,0.04,25.0,,,,
event_budget,5,A1->A2->A3->A4->A5,/opt/Projects/Soft2/NSGD/logs/sanitycheck_event_budget_L05_arr10.0_20260427_115028,/opt/Projects/Soft2/NSGD/results_figures/run_logs/event_budget_L05.log,1,1,graph,ALL,,24448,463,24105,284,311,152,30,0.0189381544502617,0.0012270942408376,0.985970222513089,0.0062172774869109,35.07970473637828,10.169678782310784,22.459266618156267,0.48195397678668,1.2668737190220258,0.7019316401025243,4897.0,19551.0,279.7043,264.2225446106322,474.7657185834597,5.0,0.2,500.0,0.002,0.5,2.0,0.05,20.0,1.0,0.01,10.0,100.0
event_budget,5,A1->A2->A3->A4->A5,/opt/Projects/Soft2/NSGD/logs/sanitycheck_event_budget_L05_arr10.0_20260427_115028,/opt/Projects/Soft2/NSGD/results_figures/run_logs/event_budget_L05.log,1,1,node,A1,1.0,4897,103,4835,71,62,41,0,0.0210332856851133,0.0,0.9873391872575046,0.0083724729426179,7.1153122659856685,2.100895099562091,4.440870571017292,0.099590281221842,0.2671873981364513,0.206768916047992,,,,,474.7657185834597,5.0,0.2,500.0,0.002,0.5,2.0,0.05,20.0,,,,
event_budget,5,A1->A2->A3->A4->A5,/opt/Projects/Soft2/NSGD/logs/sanitycheck_event_budget_L05_arr10.0_20260427_115028,/opt/Projects/Soft2/NSGD/results_figures/run_logs/event_budget_L05.log,1,1,node,A2,2.0,4894,100,4828,58,65,35,0,0.0204331834899877,0.0,0.986514098896608,0.0071516142214957,6.95611052713118,2.0319381553060816,4.478194843551854,0.0704005556377988,0.2413867132994801,0.1341902593359646,,,,,474.7657185834597,5.0,0.2,500.0,0.002,0.5,2.0,0.05,20.0,,,,
event_budget,5,A1->A2->A3->A4->A5,/opt/Projects/Soft2/NSGD/logs/sanitycheck_event_budget_L05_arr10.0_20260427_115028,/opt/Projects/Soft2/NSGD/results_figures/run_logs/event_budget_L05.log,1,1,node,A3,3.0,4892,86,4833,55,58,28,0,0.017579721995094,0.0,0.9879394930498774,0.0057236304170073,7.115970183888484,2.0257091177589777,4.665371926267292,0.0801217776644036,0.2145121192933521,0.1302552429044594,,,,,474.7657185834597,5.0,0.2,500.0,0.002,0.5,2.0,0.05,20.0,,,,
event_budget,5,A1->A2->A3->A4->A5,/opt/Projects/Soft2/NSGD/logs/sanitycheck_event_budget_L05_arr10.0_20260427_115028,/opt/Projects/Soft2/NSGD/results_figures/run_logs/event_budget_L05.log,1,1,node,A4,4.0,4888,96,4804,46,75,21,9,0.0196399345335515,0.0018412438625204,0.9828150572831424,0.0042962356792144,7.178191426524537,1.998581304766724,4.60441725854236,0.1123632224728217,0.3539717356939386,0.1088579050486935,,,,,474.7657185834597,5.0,0.2,500.0,0.002,0.5,2.0,0.05,20.0,,,,
event_budget,5,A1->A2->A3->A4->A5,/opt/Projects/Soft2/NSGD/logs/sanitycheck_event_budget_L05_arr10.0_20260427_115028,/opt/Projects/Soft2/NSGD/results_figures/run_logs/event_budget_L05.log,1,1,node,A5,5.0,4877,78,4805,54,51,27,21,0.0159934385892967,0.0043059257740414,0.9852368259175722,0.0055361902809103,6.714120332848415,2.012555104916911,4.270412018777471,0.1194781397898138,0.1898157525988034,0.1218593167654146,,,,,474.7657185834597,5.0,0.2,500.0,0.002,0.5,2.0,0.05,20.0,,,,
event_budget,6,A1->A2->A3->A4->A5->A6,/opt/Projects/Soft2/NSGD/logs/sanitycheck_event_budget_L06_arr10.0_20260427_115037,/opt/Projects/Soft2/NSGD/results_figures/run_logs/event_budget_L06.log,1,1,graph,ALL,,24434,502,23993,250,373,129,68,0.0205451420152246,0.0027830072849308,0.9819513792256692,0.0052795285258246,37.6555765213922,10.182929991705697,24.852831740074244,0.4447515853433294,1.617561702853723,0.5575015014152077,4082.0,20352.0,301.70482,290.49398784680966,395.1189275787536,6.0,0.1666666666666666,600.0,0.0016666666666666,0.6000000000000001,1.6666666666666663,0.06,16.666666666666668,1.0,0.01,10.0,100.0
event_budget,6,A1->A2->A3->A4->A5->A6,/opt/Projects/Soft2/NSGD/logs/sanitycheck_event_budget_L06_arr10.0_20260427_115037,/opt/Projects/Soft2/NSGD/results_figures/run_logs/event_budget_L06.log,1,1,node,A1,1.0,4082,96,4005,37,77,19,0,0.0235178833904948,0.0,0.9811366976972072,0.0046545810877021,6.525827143781153,1.7481461957901772,4.288990150701372,0.077558086754825,0.3097626313618811,0.1013700791728967,,,,,395.1189275787536,6.0,0.1666666666666666,600.0,0.0016666666666666,0.6000000000000001,1.6666666666666663,0.06,16.666666666666668,,,,
event_budget,6,A1->A2->A3->A4->A5->A6,/opt/Projects/Soft2/NSGD/logs/sanitycheck_event_budget_L06_arr10.0_20260427_115037,/opt/Projects/Soft2/NSGD/results_figures/run_logs/event_budget_L06.log,1,1,node,A2,2.0,4079,92,4010,46,69,23,0,0.0225545476832557,0.0,0.9830840892375582,0.0056386369208139,6.447147617392693,1.6998365153008317,4.320568379666876,0.0701091619677979,0.273464320836117,0.0831692396210713,,,,,395.1189275787536,6.0,0.1666666666666666,600.0,0.0016666666666666,0.6000000000000001,1.6666666666666663,0.06,16.666666666666668,,,,
event_budget,6,A1->A2->A3->A4->A5->A6,/opt/Projects/Soft2/NSGD/logs/sanitycheck_event_budget_L06_arr10.0_20260427_115037,/opt/Projects/Soft2/NSGD/results_figures/run_logs/event_budget_L06.log,1,1,node,A3,3.0,4079,74,4019,38,60,14,0,0.0181417013974013,0.0,0.9852905123804854,0.0034322137778867,6.199757215494117,1.686191730304302,4.144650786794683,0.0664714320842562,0.2431533318566032,0.0592899344542713,,,,,395.1189275787536,6.0,0.1666666666666666,600.0,0.0016666666666666,0.6000000000000001,1.6666666666666663,0.06,16.666666666666668,,,,
event_budget,6,A1->A2->A3->A4->A5->A6,/opt/Projects/Soft2/NSGD/logs/sanitycheck_event_budget_L06_arr10.0_20260427_115037,/opt/Projects/Soft2/NSGD/results_figures/run_logs/event_budget_L06.log,1,1,node,A4,4.0,4076,83,4017,45,57,26,2,0.0203631010794896,0.0004906771344455,0.9855250245338568,0.0063788027477919,6.47850121975202,1.6573843118949672,4.307012239955125,0.0824181559208251,0.2952839558419723,0.1364025561391298,,,,,395.1189275787536,6.0,0.1666666666666666,600.0,0.0016666666666666,0.6000000000000001,1.6666666666666663,0.06,16.666666666666668,,,,
event_budget,6,A1->A2->A3->A4->A5->A6,/opt/Projects/Soft2/NSGD/logs/sanitycheck_event_budget_L06_arr10.0_20260427_115037,/opt/Projects/Soft2/NSGD/results_figures/run_logs/event_budget_L06.log,1,1,node,A5,5.0,4072,71,3996,35,53,18,23,0.0174361493123772,0.005648330058939,0.981335952848723,0.0044204322200392,6.132316852728698,1.6977799161054012,4.060499887178648,0.0674499056850352,0.2569109329439983,0.0496762108156149,,,,,395.1189275787536,6.0,0.1666666666666666,600.0,0.0016666666666666,0.6000000000000001,1.6666666666666663,0.06,16.666666666666668,,,,
event_budget,6,A1->A2->A3->A4->A5->A6,/opt/Projects/Soft2/NSGD/logs/sanitycheck_event_budget_L06_arr10.0_20260427_115037,/opt/Projects/Soft2/NSGD/results_figures/run_logs/event_budget_L06.log,1,1,node,A6,6.0,4046,86,3946,49,57,29,43,0.0212555610479485,0.0106277805239742,0.9752842313395946,0.0071675729115175,5.872026472243522,1.6935913223100163,3.731110295777541,0.0807448429305898,0.238986530013151,0.1275934812122234,,,,,395.1189275787536,6.0,0.1666666666666666,600.0,0.0016666666666666,0.6000000000000001,1.6666666666666663,0.06,16.666666666666668,,,,
event_budget,7,A1->A2->A3->A4->A5->A6->A7,/opt/Projects/Soft2/NSGD/logs/sanitycheck_event_budget_L07_arr10.0_20260427_115047,/opt/Projects/Soft2/NSGD/results_figures/run_logs/event_budget_L07.log,1,1,graph,ALL,,24397,549,23871,223,444,105,82,0.0225027667336147,0.0033610689838914,0.9784399721277206,0.0043038078452268,39.30413130124887,10.21512161424598,26.28875656114904,0.5247155506387079,1.8909661030051272,0.3845714722100075,3502.0,20895.0,316.711,304.34765788732585,337.635686876877,7.0,0.1428571428571428,700.0,0.0014285714285714,0.7000000000000001,1.4285714285714284,0.07,14.285714285714285,1.0,0.01,9.999999999999998,100.0
event_budget,7,A1->A2->A3->A4->A5->A6->A7,/opt/Projects/Soft2/NSGD/logs/sanitycheck_event_budget_L07_arr10.0_20260427_115047,/opt/Projects/Soft2/NSGD/results_figures/run_logs/event_budget_L07.log,1,1,node,A1,1.0,3502,70,3442,28,60,10,0,0.019988577955454,0.0,0.9828669331810396,0.0028555111364934,5.758980893141242,1.506156563348834,3.842024802129249,0.1042987528992556,0.2619248002105192,0.0445759745533831,,,,,337.635686876877,7.0,0.1428571428571428,700.0,0.0014285714285714,0.7000000000000001,1.4285714285714284,0.07,14.285714285714285,,,,
event_budget,7,A1->A2->A3->A4->A5->A6->A7,/opt/Projects/Soft2/NSGD/logs/sanitycheck_event_budget_L07_arr10.0_20260427_115047,/opt/Projects/Soft2/NSGD/results_figures/run_logs/event_budget_L07.log,1,1,node,A2,2.0,3500,87,3427,33,70,17,3,0.0248571428571428,0.0008571428571428,0.9791428571428572,0.0048571428571428,5.572880857525629,1.469485066960702,3.725074520140607,0.0775063397017776,0.2592663828568132,0.0415485478657297,,,,,337.635686876877,7.0,0.1428571428571428,700.0,0.0014285714285714,0.7000000000000001,1.4285714285714284,0.07,14.285714285714285,,,,
event_budget,7,A1->A2->A3->A4->A5->A6->A7,/opt/Projects/Soft2/NSGD/logs/sanitycheck_event_budget_L07_arr10.0_20260427_115047,/opt/Projects/Soft2/NSGD/results_figures/run_logs/event_budget_L07.log,1,1,node,A3,3.0,3496,74,3435,26,59,15,2,0.0211670480549199,0.0005720823798627,0.9825514874141876,0.0042906178489702,5.451425362202543,1.4381740594437722,3.708745208271271,0.0330509638693804,0.2010306024111022,0.0704245282070167,,,,,337.635686876877,7.0,0.1428571428571428,700.0,0.0014285714285714,0.7000000000000001,1.4285714285714284,0.07,14.285714285714285,,,,
event_budget,7,A1->A2->A3->A4->A5->A6->A7,/opt/Projects/Soft2/NSGD/logs/sanitycheck_event_budget_L07_arr10.0_20260427_115047,/opt/Projects/Soft2/NSGD/results_figures/run_logs/event_budget_L07.log,1,1,node,A4,4.0,3490,93,3412,37,76,17,2,0.026647564469914,0.0005730659025787,0.977650429799427,0.0048710601719197,5.826056434239028,1.4428424716238173,3.837916909731816,0.06853164932883,0.4102058053349267,0.0665595982196384,,,,,337.635686876877,7.0,0.1428571428571428,700.0,0.0014285714285714,0.7000000000000001,1.4285714285714284,0.07,14.285714285714285,,,,
event_budget,7,A1->A2->A3->A4->A5->A6->A7,/opt/Projects/Soft2/NSGD/logs/sanitycheck_event_budget_L07_arr10.0_20260427_115047,/opt/Projects/Soft2/NSGD/results_figures/run_logs/event_budget_L07.log,1,1,node,A5,5.0,3488,75,3422,35,56,19,10,0.0215022935779816,0.0028669724770642,0.9810779816513762,0.005447247706422,5.920705698136966,1.4527871010259676,4.078846756985848,0.0717182366174791,0.2481531278442672,0.0692004756634031,,,,,337.635686876877,7.0,0.1428571428571428,700.0,0.0014285714285714,0.7000000000000001,1.4285714285714284,0.07,14.285714285714285,,,,
event_budget,7,A1->A2->A3->A4->A5->A6->A7,/opt/Projects/Soft2/NSGD/logs/sanitycheck_event_budget_L07_arr10.0_20260427_115047,/opt/Projects/Soft2/NSGD/results_figures/run_logs/event_budget_L07.log,1,1,node,A6,6.0,3478,73,3386,33,59,14,33,0.0209890741805635,0.0094882116158711,0.9735480161012076,0.0040253018976423,5.514810802984392,1.461087732542036,3.6806340596179945,0.0780807374845798,0.2460494407473668,0.0489588325924143,,,,,337.635686876877,7.0,0.1428571428571428,700.0,0.0014285714285714,0.7000000000000001,1.4285714285714284,0.07,14.285714285714285,,,,
event_budget,7,A1->A2->A3->A4->A5->A6->A7,/opt/Projects/Soft2/NSGD/logs/sanitycheck_event_budget_L07_arr10.0_20260427_115047,/opt/Projects/Soft2/NSGD/results_figures/run_logs/event_budget_L07.log,1,1,node,A7,7.0,3443,77,3347,31,64,13,32,0.0223642172523961,0.0092942201568399,0.97211733952948,0.0037757769387162,5.259271253019064,1.444588619300852,3.415514304272252,0.0915288707374051,0.2643359436001319,0.0433035151084219,,,,,337.635686876877,7.0,0.1428571428571428,700.0,0.0014285714285714,0.7000000000000001,1.4285714285714284,0.07,14.285714285714285,,,,
event_budget,8,A1->A2->A3->A4->A5->A6->A7->A8,/opt/Projects/Soft2/NSGD/logs/sanitycheck_event_budget_L08_arr10.0_20260427_115058,/opt/Projects/Soft2/NSGD/results_figures/run_logs/event_budget_L08.log,1,1,graph,ALL,,24366,602,23780,232,486,116,100,0.024706558318969,0.0041040794549782,0.9759500943938276,0.0047607321677747,41.32599915747874,10.242108491582636,28.080794981057917,0.5789723326837888,1.966560216942475,0.4575631352119258,3074.0,21292.0,337.74912,323.83151209332954,294.14148654723743,8.0,0.125,800.0,0.00125,0.7999999999999999,1.25,0.08,12.5,1.0,0.01,10.0,100.0
event_budget,8,A1->A2->A3->A4->A5->A6->A7->A8,/opt/Projects/Soft2/NSGD/logs/sanitycheck_event_budget_L08_arr10.0_20260427_115058,/opt/Projects/Soft2/NSGD/results_figures/run_logs/event_budget_L08.log,1,1,node,A1,1.0,3074,80,3013,31,61,19,0,0.0260247234873129,0.0,0.980156148340924,0.0061808718282368,5.556248871454298,1.3461426582434837,3.780667170107401,0.0465925161477944,0.2873565517760355,0.0954899751795829,,,,,294.14148654723743,8.0,0.125,800.0,0.00125,0.8,1.25,0.08,12.5,,,,
event_budget,8,A1->A2->A3->A4->A5->A6->A7->A8,/opt/Projects/Soft2/NSGD/logs/sanitycheck_event_budget_L08_arr10.0_20260427_115058,/opt/Projects/Soft2/NSGD/results_figures/run_logs/event_budget_L08.log,1,1,node,A2,2.0,3071,90,2997,34,72,18,2,0.0293064148485835,0.0006512536633018,0.9759036144578314,0.0058612829697167,5.663360696717584,1.298368634757588,3.974708511938767,0.0604559175954501,0.2537882792817651,0.0760393531440137,,,,,294.14148654723743,8.0,0.125,800.0,0.00125,0.8,1.25,0.08,12.5,,,,
event_budget,8,A1->A2->A3->A4->A5->A6->A7->A8,/opt/Projects/Soft2/NSGD/logs/sanitycheck_event_budget_L08_arr10.0_20260427_115058,/opt/Projects/Soft2/NSGD/results_figures/run_logs/event_budget_L08.log,1,1,node,A3,3.0,3067,65,3002,23,57,8,8,0.0211933485490707,0.0026084121291164,0.9788066514509292,0.0026084121291164,5.02530608971967,1.2511132744634772,3.4826034401696284,0.0389190087588888,0.2293381370588003,0.0233322292688758,,,,,294.14148654723743,8.0,0.125,800.0,0.00125,0.8,1.25,0.08,12.5,,,,
event_budget,8,A1->A2->A3->A4->A5->A6->A7->A8,/opt/Projects/Soft2/NSGD/logs/sanitycheck_event_budget_L08_arr10.0_20260427_115058,/opt/Projects/Soft2/NSGD/results_figures/run_logs/event_budget_L08.log,1,1,node,A4,4.0,3057,73,2999,33,58,15,0,0.023879620543016,0.0,0.9810271508014392,0.0049067713444553,5.07274420968777,1.2721165810680166,3.357005813919572,0.0938043492172888,0.2619194755370868,0.0878979899458059,,,,,294.14148654723743,8.0,0.125,800.0,0.00125,0.8,1.25,0.08,12.5,,,,
event_budget,8,A1->A2->A3->A4->A5->A6->A7->A8,/opt/Projects/Soft2/NSGD/logs/sanitycheck_event_budget_L08_arr10.0_20260427_115058,/opt/Projects/Soft2/NSGD/results_figures/run_logs/event_budget_L08.log,1,1,node,A5,5.0,3055,86,2979,26,71,15,5,0.0281505728314238,0.0016366612111292,0.9751227495908348,0.0049099836333878,5.320882059874188,1.2734640010717757,3.644224183078251,0.0583050844368294,0.2935225467793738,0.0513662445079576,,,,,294.14148654723743,8.0,0.125,800.0,0.00125,0.8,1.25,0.08,12.5,,,,
event_budget,8,A1->A2->A3->A4->A5->A6->A7->A8,/opt/Projects/Soft2/NSGD/logs/sanitycheck_event_budget_L08_arr10.0_20260427_115058,/opt/Projects/Soft2/NSGD/results_figures/run_logs/event_budget_L08.log,1,1,node,A6,6.0,3048,66,2969,33,50,16,29,0.0216535433070866,0.009514435695538,0.9740813648293964,0.0052493438320209,4.9656713820532685,1.2962464584421964,3.3347379160829957,0.1251051046604973,0.163435125875934,0.0461467769916448,,,,,294.14148654723743,8.0,0.125,800.0,0.00125,0.8,1.25,0.08,12.5,,,,
event_budget,8,A1->A2->A3->A4->A5->A6->A7->A8,/opt/Projects/Soft2/NSGD/logs/sanitycheck_event_budget_L08_arr10.0_20260427_115058,/opt/Projects/Soft2/NSGD/results_figures/run_logs/event_budget_L08.log,1,1,node,A7,7.0,3017,72,2921,30,58,14,38,0.023864766324163,0.0125952933377527,0.9681803115677826,0.0046403712296983,4.783034294446319,1.2461412451252456,3.178366567877987,0.099772443719069,0.2136696630651788,0.0450843746588384,,,,,294.14148654723743,8.0,0.125,800.0,0.00125,0.8,1.25,0.08,12.5,,,,
event_budget,8,A1->A2->A3->A4->A5->A6->A7->A8,/opt/Projects/Soft2/NSGD/logs/sanitycheck_event_budget_L08_arr10.0_20260427_115058,/opt/Projects/Soft2/NSGD/results_figures/run_logs/event_budget_L08.log,1,1,node,A8,8.0,2977,70,2900,22,59,11,18,0.0235136042996305,0.0060463553913335,0.9741350352704063,0.0036949949613705,4.938751553525642,1.2585156384108538,3.3284813778833118,0.0560179081479705,0.2635304375683002,0.0322061915152061,,,,,294.14148654723743,8.0,0.125,800.0,0.00125,0.8,1.25,0.08,12.5,,,,
event_budget,9,A1->A2->A3->A4->A5->A6->A7->A8->A9,/opt/Projects/Soft2/NSGD/logs/sanitycheck_event_budget_L09_arr10.0_20260427_115111,/opt/Projects/Soft2/NSGD/results_figures/run_logs/event_budget_L09.log,1,1,graph,ALL,,24317,651,23673,248,524,127,119,0.0267713944976765,0.0048936957683924,0.9735164699592878,0.0052226837192087,43.54780381028706,10.149126744068436,30.182292027185177,0.4274105720442375,2.251996490997417,0.5369779759917905,2743.0,21574.0,376.44242,365.4930826925241,263.41306012022807,9.0,0.1111111111111111,900.0,0.0011111111111111,0.9,1.1111111111111112,0.0899999999999999,11.111111111111112,1.0,0.01,10.0,100.0
event_budget,9,A1->A2->A3->A4->A5->A6->A7->A8->A9,/opt/Projects/Soft2/NSGD/logs/sanitycheck_event_budget_L09_arr10.0_20260427_115111,/opt/Projects/Soft2/NSGD/results_figures/run_logs/event_budget_L09.log,1,1,node,A1,1.0,2743,78,2676,27,63,15,3,0.0284360189573459,0.0010936930368209,0.975574188844331,0.0054684651841049,5.035763867240902,1.18974559290817,3.4175595261269955,0.0293813487627357,0.3072463857653825,0.0918310136776178,,,,,263.41306012022807,9.0,0.1111111111111111,900.0,0.0011111111111111,0.9,1.1111111111111112,0.09,11.11111111111111,,,,
event_budget,9,A1->A2->A3->A4->A5->A6->A7->A8->A9,/opt/Projects/Soft2/NSGD/logs/sanitycheck_event_budget_L09_arr10.0_20260427_115111,/opt/Projects/Soft2/NSGD/results_figures/run_logs/event_budget_L09.log,1,1,node,A2,2.0,2739,78,2677,31,62,16,0,0.0284775465498357,0.0,0.977364001460387,0.0058415480102227,4.996560578520825,1.146276279643783,3.5080446004687973,0.0525556409251813,0.2264672821873679,0.0632167752956958,,,,,263.41306012022807,9.0,0.1111111111111111,900.0,0.0011111111111111,0.9,1.1111111111111112,0.09,11.11111111111111,,,,
event_budget,9,A1->A2->A3->A4->A5->A6->A7->A8->A9,/opt/Projects/Soft2/NSGD/logs/sanitycheck_event_budget_L09_arr10.0_20260427_115111,/opt/Projects/Soft2/NSGD/results_figures/run_logs/event_budget_L09.log,1,1,node,A3,3.0,2737,70,2669,21,60,10,8,0.0255754475703324,0.0029229082937522,0.9751552795031057,0.0036536353671903,4.795403664516985,1.1056359521508805,3.3996501975087905,0.0316399517459918,0.2074429202942602,0.0510346428170627,,,,,263.41306012022807,9.0,0.1111111111111111,900.0,0.0011111111111111,0.9,1.1111111111111112,0.09,11.11111111111111,,,,
event_budget,9,A1->A2->A3->A4->A5->A6->A7->A8->A9,/opt/Projects/Soft2/NSGD/logs/sanitycheck_event_budget_L09_arr10.0_20260427_115111,/opt/Projects/Soft2/NSGD/results_figures/run_logs/event_budget_L09.log,1,1,node,A4,4.0,2726,87,2654,31,67,20,5,0.0319148936170212,0.0018341892883345,0.9735876742479824,0.0073367571533382,5.072450532522181,1.1323829496208415,3.444017617373139,0.0660836837087498,0.333060678449099,0.0969056033703519,,,,,263.41306012022807,9.0,0.1111111111111111,900.0,0.0011111111111111,0.9,1.1111111111111112,0.09,11.11111111111111,,,,
event_budget,9,A1->A2->A3->A4->A5->A6->A7->A8->A9,/opt/Projects/Soft2/NSGD/logs/sanitycheck_event_budget_L09_arr10.0_20260427_115111,/opt/Projects/Soft2/NSGD/results_figures/run_logs/event_budget_L09.log,1,1,node,A5,5.0,2720,74,2648,24,65,9,7,0.0272058823529411,0.0025735294117647,0.973529411764706,0.0033088235294117,4.9141195320488125,1.1363296947747057,3.397883145445783,0.0566314412210134,0.2873798895933364,0.0358953610139735,,,,,263.41306012022807,9.0,0.1111111111111111,900.0,0.0011111111111111,0.9,1.1111111111111112,0.09,11.11111111111111,,,,
event_budget,9,A1->A2->A3->A4->A5->A6->A7->A8->A9,/opt/Projects/Soft2/NSGD/logs/sanitycheck_event_budget_L09_arr10.0_20260427_115111,/opt/Projects/Soft2/NSGD/results_figures/run_logs/event_budget_L09.log,1,1,node,A6,6.0,2711,63,2621,27,48,15,42,0.0232386573220213,0.0154924382146809,0.966801918111398,0.0055330136481003,5.03236398488833,1.1240685554808714,3.602390226192665,0.0345044075230872,0.2205410395690592,0.0508597561226467,,,,,263.41306012022807,9.0,0.1111111111111111,900.0,0.0011111111111111,0.9,1.1111111111111112,0.09,11.11111111111111,,,,
event_budget,9,A1->A2->A3->A4->A5->A6->A7->A8->A9,/opt/Projects/Soft2/NSGD/logs/sanitycheck_event_budget_L09_arr10.0_20260427_115111,/opt/Projects/Soft2/NSGD/results_figures/run_logs/event_budget_L09.log,1,1,node,A7,7.0,2669,68,2595,37,51,17,23,0.0254777070063694,0.0086174597227426,0.9722742600224804,0.0063694267515923,4.709605662420267,1.1076920872066165,3.2460465926963264,0.0789909006800233,0.2087727509059753,0.0681033309313252,,,,,263.41306012022807,9.0,0.1111111111111111,900.0,0.0011111111111111,0.9,1.1111111111111112,0.09,11.11111111111111,,,,
event_budget,9,A1->A2->A3->A4->A5->A6->A7->A8->A9,/opt/Projects/Soft2/NSGD/logs/sanitycheck_event_budget_L09_arr10.0_20260427_115111,/opt/Projects/Soft2/NSGD/results_figures/run_logs/event_budget_L09.log,1,1,node,A8,8.0,2644,52,2586,25,43,9,15,0.0196671709531013,0.0056732223903177,0.9780635400907716,0.0034039334341906,4.6241817496552775,1.1213139561185266,3.208235275829519,0.0476962324856321,0.207664059393131,0.0392722258284687,,,,,263.41306012022807,9.0,0.1111111111111111,900.0,0.0011111111111111,0.9,1.1111111111111112,0.09,11.11111111111111,,,,
event_budget,9,A1->A2->A3->A4->A5->A6->A7->A8->A9,/opt/Projects/Soft2/NSGD/logs/sanitycheck_event_budget_L09_arr10.0_20260427_115111,/opt/Projects/Soft2/NSGD/results_figures/run_logs/event_budget_L09.log,1,1,node,A9,9.0,2628,81,2547,25,65,16,16,0.0308219178082191,0.0060882800608828,0.9691780821917808,0.0060882800608828,4.367354238473481,1.0856816761640422,2.9584648455431624,0.0299269649918224,0.253421484839806,0.0398592669346477,,,,,263.41306012022807,9.0,0.1111111111111111,900.0,0.0011111111111111,0.9,1.1111111111111112,0.09,11.11111111111111,,,,
event_budget,10,A1->A2->A3->A4->A5->A6->A7->A8->A9->A10,/opt/Projects/Soft2/NSGD/logs/sanitycheck_event_budget_L10_arr10.0_20260427_115126,/opt/Projects/Soft2/NSGD/results_figures/run_logs/event_budget_L10.log,1,1,graph,ALL,,24315,668,23606,233,559,109,150,0.0274727534443759,0.0061690314620604,0.9708410446226609,0.0044828295290972,44.5452290149776,10.15283800180212,31.138634904462933,0.4678252939388313,2.3201425343408544,0.4657882804328598,2488.0,21827.0,375.8069,367.2919698316617,237.6686552836612,10.0,0.1,1000.0,0.001,1.0,1.0,0.1,10.0,1.0,0.01,10.0,100.0
event_budget,10,A1->A2->A3->A4->A5->A6->A7->A8->A9->A10,/opt/Projects/Soft2/NSGD/logs/sanitycheck_event_budget_L10_arr10.0_20260427_115126,/opt/Projects/Soft2/NSGD/results_figures/run_logs/event_budget_L10.log,1,1,node,A1,1.0,2488,64,2431,23,54,10,3,0.0257234726688102,0.0012057877813504,0.9770900321543408,0.0040192926045016,4.700002100611753,1.07149651468418,3.2886701143109263,0.025890777412166,0.2695136724205427,0.0444310217839383,,,,,237.6686552836612,10.0,0.1,1000.0,0.001,1.0,1.0,0.1,10.0,,,,
event_budget,10,A1->A2->A3->A4->A5->A6->A7->A8->A9->A10,/opt/Projects/Soft2/NSGD/logs/sanitycheck_event_budget_L10_arr10.0_20260427_115126,/opt/Projects/Soft2/NSGD/results_figures/run_logs/event_budget_L10.log,1,1,node,A2,2.0,2485,75,2409,22,66,9,10,0.0301810865191146,0.0040241448692152,0.9694164989939638,0.0036217303822937,4.720608883709324,1.0241203996465222,3.3754166652578923,0.0478578370918803,0.230617604425696,0.0425963772873326,,,,,237.6686552836612,10.0,0.1,1000.0,0.001,1.0,1.0,0.1,10.0,,,,
event_budget,10,A1->A2->A3->A4->A5->A6->A7->A8->A9->A10,/opt/Projects/Soft2/NSGD/logs/sanitycheck_event_budget_L10_arr10.0_20260427_115126,/opt/Projects/Soft2/NSGD/results_figures/run_logs/event_budget_L10.log,1,1,node,A3,3.0,2473,70,2406,23,59,11,8,0.0283057015770319,0.0032349373230893,0.9729073999191266,0.0044480388192478,4.307325014926445,1.0062507679780954,3.0053738251376263,0.0516460952537892,0.1982911794577664,0.0457631470991675,,,,,237.6686552836612,10.0,0.1,1000.0,0.001,1.0,1.0,0.1,10.0,,,,
event_budget,10,A1->A2->A3->A4->A5->A6->A7->A8->A9->A10,/opt/Projects/Soft2/NSGD/logs/sanitycheck_event_budget_L10_arr10.0_20260427_115126,/opt/Projects/Soft2/NSGD/results_figures/run_logs/event_budget_L10.log,1,1,node,A4,4.0,2464,65,2406,27,51,14,7,0.0263798701298701,0.002840909090909,0.976461038961039,0.0056818181818181,4.564628125334712,1.0173564202294036,3.153623224383607,0.0284535306479252,0.2975888388984359,0.0676061111753407,,,,,237.6686552836612,10.0,0.1,1000.0,0.001,1.0,1.0,0.1,10.0,,,,
event_budget,10,A1->A2->A3->A4->A5->A6->A7->A8->A9->A10,/opt/Projects/Soft2/NSGD/logs/sanitycheck_event_budget_L10_arr10.0_20260427_115126,/opt/Projects/Soft2/NSGD/results_figures/run_logs/event_budget_L10.log,1,1,node,A5,5.0,2454,81,2383,25,65,16,6,0.0330073349633251,0.0024449877750611,0.9710676446617766,0.0065199674001629,4.69461543708038,1.026413255879015,3.2923443548806186,0.0390339317792852,0.2834483283702667,0.0533755661711943,,,,,237.6686552836612,10.0,0.1,1000.0,0.001,1.0,1.0,0.1,10.0,,,,
event_budget,10,A1->A2->A3->A4->A5->A6->A7->A8->A9->A10,/opt/Projects/Soft2/NSGD/logs/sanitycheck_event_budget_L10_arr10.0_20260427_115126,/opt/Projects/Soft2/NSGD/results_figures/run_logs/event_budget_L10.log,1,1,node,A6,6.0,2445,65,2377,27,54,11,14,0.0265848670756646,0.0057259713701431,0.9721881390593048,0.0044989775051124,4.339824310391512,1.0244678919375567,2.997077259865031,0.0706725376399717,0.1897328680665573,0.0578737528823952,,,,,237.6686552836612,10.0,0.1,1000.0,0.001,1.0,1.0,0.1,10.0,,,,
event_budget,10,A1->A2->A3->A4->A5->A6->A7->A8->A9->A10,/opt/Projects/Soft2/NSGD/logs/sanitycheck_event_budget_L10_arr10.0_20260427_115126,/opt/Projects/Soft2/NSGD/results_figures/run_logs/event_budget_L10.log,1,1,node,A7,7.0,2429,67,2342,25,54,13,33,0.0275833676410045,0.0135858377933305,0.9641827912721284,0.0053519967064635,4.321209556858035,1.0033582150816818,2.999798595070396,0.0753629008449305,0.1858119894381729,0.0568778564228536,,,,,237.6686552836612,10.0,0.1,1000.0,0.001,1.0,1.0,0.1,10.0,,,,
event_budget,10,A1->A2->A3->A4->A5->A6->A7->A8->A9->A10,/opt/Projects/Soft2/NSGD/logs/sanitycheck_event_budget_L10_arr10.0_20260427_115126,/opt/Projects/Soft2/NSGD/results_figures/run_logs/event_budget_L10.log,1,1,node,A8,8.0,2394,61,2295,23,53,8,46,0.0254803675856307,0.0192147034252297,0.9586466165413534,0.0033416875522138,4.472140689729761,1.002905320491032,3.1372832068333296,0.0596622380226317,0.2429394132533899,0.0293505111293777,,,,,237.6686552836612,10.0,0.1,1000.0,0.001,1.0,1.0,0.1,10.0,,,,
event_budget,10,A1->A2->A3->A4->A5->A6->A7->A8->A9->A10,/opt/Projects/Soft2/NSGD/logs/sanitycheck_event_budget_L10_arr10.0_20260427_115126,/opt/Projects/Soft2/NSGD/results_figures/run_logs/event_budget_L10.log,1,1,node,A9,9.0,2347,56,2291,21,46,10,10,0.023860247123988,0.0042607584149978,0.976139752876012,0.0042607584149978,4.0962968869061065,0.970380931013546,2.8642714884572493,0.0400971670609189,0.1771832568412756,0.0443640435331163,,,,,237.6686552836612,10.0,0.1,1000.0,0.001,1.0,1.0,0.1,10.0,,,,
event_budget,10,A1->A2->A3->A4->A5->A6->A7->A8->A9->A10,/opt/Projects/Soft2/NSGD/logs/sanitycheck_event_budget_L10_arr10.0_20260427_115126,/opt/Projects/Soft2/NSGD/results_figures/run_logs/event_budget_L10.log,1,1,node,A10,10.0,2336,64,2266,17,57,7,13,0.0273972602739726,0.0055650684931506,0.9700342465753424,0.0029965753424657,4.328578009429573,1.006088284861087,3.0247761702662594,0.029148278185332,0.245015383168751,0.023549892948143,,,,,237.6686552836612,10.0,0.1,1000.0,0.001,1.0,1.0,0.1,10.0,,,,
event_budget,11,A1->A2->A3->A4->A5->A6->A7->A8->A9->A10->A11,/opt/Projects/Soft2/NSGD/logs/sanitycheck_event_budget_L11_arr10.0_20260427_115141,/opt/Projects/Soft2/NSGD/results_figures/run_logs/event_budget_L11.log,1,1,graph,ALL,,24332,704,23517,212,598,106,217,0.0289330922242314,0.0089182968929804,0.9665050139733684,0.0043564030905803,45.599143144014526,9.923048640713532,32.401979169125006,0.4382500153031451,2.3751703972024627,0.4606949216703691,2307.0,22025.0,376.5769,374.684115537129,219.74341545618023,11.0,0.0909090909090909,1100.0,0.0009090909090909,1.1,0.9090909090909092,0.11,9.090909090909092,1.0,0.01,10.0,100.0
event_budget,11,A1->A2->A3->A4->A5->A6->A7->A8->A9->A10->A11,/opt/Projects/Soft2/NSGD/logs/sanitycheck_event_budget_L11_arr10.0_20260427_115141,/opt/Projects/Soft2/NSGD/results_figures/run_logs/event_budget_L11.log,1,1,node,A1,1.0,2307,62,2240,17,57,5,10,0.0268747290853922,0.0043346337234503,0.9709579540528824,0.0021673168617251,4.3629030196992025,0.9751083614375712,3.059847541017915,0.0552287192895343,0.209577142364725,0.0631412555894567,,,,,219.74341545618023,11.0,0.0909090909090909,1100.0,0.0009090909090909,1.1,0.9090909090909092,0.11,9.090909090909092,,,,
event_budget,11,A1->A2->A3->A4->A5->A6->A7->A8->A9->A10->A11,/opt/Projects/Soft2/NSGD/logs/sanitycheck_event_budget_L11_arr10.0_20260427_115141,/opt/Projects/Soft2/NSGD/results_figures/run_logs/event_budget_L11.log,1,1,node,A2,2.0,2297,66,2230,23,55,11,12,0.0287331301697866,0.0052242054854157,0.9708315193730952,0.0047888550282977,4.335584820274327,0.9310271358332038,3.118671441269581,0.048788157684194,0.1892218542310679,0.0478762312562803,,,,,219.74341545618023,11.0,0.0909090909090909,1100.0,0.0009090909090909,1.1,0.9090909090909092,0.11,9.090909090909092,,,,
event_budget,11,A1->A2->A3->A4->A5->A6->A7->A8->A9->A10->A11,/opt/Projects/Soft2/NSGD/logs/sanitycheck_event_budget_L11_arr10.0_20260427_115141,/opt/Projects/Soft2/NSGD/results_figures/run_logs/event_budget_L11.log,1,1,node,A3,3.0,2284,74,2208,18,63,11,13,0.0323992994746059,0.0056917688266199,0.9667250437828372,0.004816112084063,4.422727620333977,0.8996667296707498,3.2385196596099157,0.0207271657632338,0.2241411711683554,0.0396728941217225,,,,,219.74341545618023,11.0,0.0909090909090909,1100.0,0.0009090909090909,1.1,0.9090909090909092,0.11,9.090909090909092,,,,
event_budget,11,A1->A2->A3->A4->A5->A6->A7->A8->A9->A10->A11,/opt/Projects/Soft2/NSGD/logs/sanitycheck_event_budget_L11_arr10.0_20260427_115141,/opt/Projects/Soft2/NSGD/results_figures/run_logs/event_budget_L11.log,1,1,node,A4,4.0,2268,80,2192,25,66,14,10,0.0352733686067019,0.0044091710758377,0.9664902998236332,0.0061728395061728,4.3315101172178245,0.914272059199528,2.985370472751158,0.0619967483398719,0.3042756378645031,0.0655951990627635,,,,,219.74341545618023,11.0,0.0909090909090909,1100.0,0.0009090909090909,1.1,0.9090909090909092,0.11,9.090909090909092,,,,
event_budget,11,A1->A2->A3->A4->A5->A6->A7->A8->A9->A10->A11,/opt/Projects/Soft2/NSGD/logs/sanitycheck_event_budget_L11_arr10.0_20260427_115141,/opt/Projects/Soft2/NSGD/results_figures/run_logs/event_budget_L11.log,1,1,node,A5,5.0,2256,69,2169,16,59,10,28,0.0305851063829787,0.0124113475177304,0.961436170212766,0.0044326241134751,4.142807513649561,0.9113578573371588,2.914838135879925,0.0307385657871549,0.2413845644964358,0.0444883901488854,,,,,219.74341545618023,11.0,0.0909090909090909,1100.0,0.0009090909090909,1.1,0.9090909090909092,0.11,9.090909090909092,,,,
event_budget,11,A1->A2->A3->A4->A5->A6->A7->A8->A9->A10->A11,/opt/Projects/Soft2/NSGD/logs/sanitycheck_event_budget_L11_arr10.0_20260427_115141,/opt/Projects/Soft2/NSGD/results_figures/run_logs/event_budget_L11.log,1,1,node,A6,6.0,2225,57,2159,20,47,10,19,0.0256179775280898,0.0085393258426966,0.9703370786516854,0.0044943820224719,4.097821301932829,0.9160967302288452,2.9154496484982007,0.0536039932966131,0.173119461077426,0.0395514688317434,,,,,219.74341545618023,11.0,0.0909090909090909,1100.0,0.0009090909090909,1.1,0.9090909090909092,0.11,9.090909090909092,,,,
event_budget,11,A1->A2->A3->A4->A5->A6->A7->A8->A9->A10->A11,/opt/Projects/Soft2/NSGD/logs/sanitycheck_event_budget_L11_arr10.0_20260427_115141,/opt/Projects/Soft2/NSGD/results_figures/run_logs/event_budget_L11.log,1,1,node,A7,7.0,2206,61,2103,16,55,6,48,0.027651858567543,0.0217588395285584,0.9533091568449684,0.0027198549410698,3.90242750113343,0.8952361197263133,2.7097010167890327,0.0193110201810551,0.2456028932047681,0.032576451232261,,,,,219.74341545618023,11.0,0.0909090909090909,1100.0,0.0009090909090909,1.1,0.9090909090909092,0.11,9.090909090909092,,,,
event_budget,11,A1->A2->A3->A4->A5->A6->A7->A8->A9->A10->A11,/opt/Projects/Soft2/NSGD/logs/sanitycheck_event_budget_L11_arr10.0_20260427_115141,/opt/Projects/Soft2/NSGD/results_figures/run_logs/event_budget_L11.log,1,1,node,A8,8.0,2156,71,2073,15,59,12,24,0.0329313543599257,0.0111317254174397,0.9615027829313544,0.0055658627087198,3.9656708748385294,0.9014165551985908,2.750563361943161,0.0285294716577518,0.2458500593743996,0.039311426664627,,,,,219.74341545618023,11.0,0.0909090909090909,1100.0,0.0009090909090909,1.1,0.9090909090909092,0.11,9.090909090909092,,,,
event_budget,11,A1->A2->A3->A4->A5->A6->A7->A8->A9->A10->A11,/opt/Projects/Soft2/NSGD/logs/sanitycheck_event_budget_L11_arr10.0_20260427_115141,/opt/Projects/Soft2/NSGD/results_figures/run_logs/event_budget_L11.log,1,1,node,A9,9.0,2130,55,2069,27,42,13,19,0.0258215962441314,0.0089201877934272,0.9713615023474178,0.0061032863849765,4.000088842676655,0.8558962981955891,2.881972187620098,0.0498354387541443,0.1627896169592412,0.0495953011475823,,,,,219.74341545618023,11.0,0.0909090909090909,1100.0,0.0009090909090909,1.1,0.9090909090909092,0.11,9.090909090909092,,,,
event_budget,11,A1->A2->A3->A4->A5->A6->A7->A8->A9->A10->A11,/opt/Projects/Soft2/NSGD/logs/sanitycheck_event_budget_L11_arr10.0_20260427_115141,/opt/Projects/Soft2/NSGD/results_figures/run_logs/event_budget_L11.log,1,1,node,A10,10.0,2109,53,2049,17,45,8,15,0.0251303935514461,0.0071123755334281,0.9715504978662872,0.0037932669511616,4.0864478005583935,0.8861051412930588,2.9653767502815525,0.0282224721587837,0.183688312873167,0.0230551239518314,,,,,219.74341545618023,11.0,0.0909090909090909,1100.0,0.0009090909090909,1.1,0.9090909090909092,0.11,9.090909090909092,,,,
event_budget,11,A1->A2->A3->A4->A5->A6->A7->A8->A9->A10->A11,/opt/Projects/Soft2/NSGD/logs/sanitycheck_event_budget_L11_arr10.0_20260427_115141,/opt/Projects/Soft2/NSGD/results_figures/run_logs/event_budget_L11.log,1,1,node,A11,11.0,2094,56,2025,18,50,6,19,0.0267430754536771,0.0090735434574976,0.9670487106017192,0.0028653295128939,3.951153731699789,0.836865652592923,2.8616689534644686,0.0412682623908076,0.1955196835883734,0.0158311796632151,,,,,219.74341545618023,11.0,0.0909090909090909,1100.0,0.0009090909090909,1.1,0.9090909090909092,0.11,9.090909090909092,,,,
event_budget,12,A1->A2->A3->A4->A5->A6->A7->A8->A9->A10->A11->A12,/opt/Projects/Soft2/NSGD/logs/sanitycheck_event_budget_L12_arr10.0_20260427_115159,/opt/Projects/Soft2/NSGD/results_figures/run_logs/event_budget_L12.log,1,1,graph,ALL,,24308,720,23435,211,632,88,241,0.0296198782293895,0.0099144314628928,0.9640858976468653,0.0036202073391476,45.85934736853915,9.88995177776695,32.65914134737861,0.4689370956149268,2.487350288346527,0.3539668594321432,2117.0,22192.0,379.86638,375.8912204673595,201.9615677965398,12.0,0.0833333333333333,1200.0,0.0008333333333333,1.2000000000000002,0.8333333333333333,0.12,8.333333333333334,1.0,0.01,10.0,100.0
event_budget,12,A1->A2->A3->A4->A5->A6->A7->A8->A9->A10->A11->A12,/opt/Projects/Soft2/NSGD/logs/sanitycheck_event_budget_L12_arr10.0_20260427_115159,/opt/Projects/Soft2/NSGD/results_figures/run_logs/event_budget_L12.log,1,1,node,A1,1.0,2117,69,2047,15,62,7,8,0.0325932923948984,0.0037789324515824,0.9669343410486536,0.0033065658951346,4.093205744000637,0.8922046415691925,2.867735387416032,0.050418657364971,0.2653753080134571,0.0174717496369853,,,,,201.9615677965398,12.0,0.0833333333333333,1200.0,0.0008333333333333,1.2000000000000002,0.8333333333333333,0.12,8.333333333333334,,,,
event_budget,12,A1->A2->A3->A4->A5->A6->A7->A8->A9->A10->A11->A12,/opt/Projects/Soft2/NSGD/logs/sanitycheck_event_budget_L12_arr10.0_20260427_115159,/opt/Projects/Soft2/NSGD/results_figures/run_logs/event_budget_L12.log,1,1,node,A2,2.0,2106,58,2048,16,49,9,9,0.0275403608736942,0.0042735042735042,0.9724596391263058,0.0042735042735042,4.168062863209643,0.8532294658122979,3.085625830952354,0.0247803827774077,0.1712145593199197,0.0332126243476639,,,,,201.9615677965398,12.0,0.0833333333333333,1200.0,0.0008333333333333,1.2000000000000002,0.8333333333333333,0.12,8.333333333333334,,,,
event_budget,12,A1->A2->A3->A4->A5->A6->A7->A8->A9->A10->A11->A12,/opt/Projects/Soft2/NSGD/logs/sanitycheck_event_budget_L12_arr10.0_20260427_115159,/opt/Projects/Soft2/NSGD/results_figures/run_logs/event_budget_L12.log,1,1,node,A3,3.0,2096,67,2030,22,58,9,8,0.0319656488549618,0.0038167938931297,0.9685114503816794,0.0042938931297709,3.776752551838152,0.8226129744155521,2.671021248903954,0.028035282979031,0.2167322869106771,0.0383507586289365,,,,,201.9615677965398,12.0,0.0833333333333333,1200.0,0.0008333333333333,1.2000000000000002,0.8333333333333333,0.12,8.333333333333334,,,,
event_budget,12,A1->A2->A3->A4->A5->A6->A7->A8->A9->A10->A11->A12,/opt/Projects/Soft2/NSGD/logs/sanitycheck_event_budget_L12_arr10.0_20260427_115159,/opt/Projects/Soft2/NSGD/results_figures/run_logs/event_budget_L12.log,1,1,node,A4,4.0,2086,56,2022,22,49,7,15,0.0268456375838926,0.0071907957813998,0.969319271332694,0.0033557046979865,4.0699966457779775,0.8387176108036009,2.8788557271664583,0.065612847365901,0.2258360859753135,0.0609743744667029,,,,,201.9615677965398,12.0,0.0833333333333333,1200.0,0.0008333333333333,1.2000000000000002,0.8333333333333333,0.12,8.333333333333334,,,,
event_budget,12,A1->A2->A3->A4->A5->A6->A7->A8->A9->A10->A11->A12,/opt/Projects/Soft2/NSGD/logs/sanitycheck_event_budget_L12_arr10.0_20260427_115159,/opt/Projects/Soft2/NSGD/results_figures/run_logs/event_budget_L12.log,1,1,node,A5,5.0,2070,69,2000,25,56,13,14,0.0333333333333333,0.0067632850241545,0.966183574879227,0.0062801932367149,4.145547860882903,0.8304947142134399,2.968732762858993,0.0409456513533903,0.253397853114687,0.0519768793423937,,,,,201.9615677965398,12.0,0.0833333333333333,1200.0,0.0008333333333333,1.2000000000000002,0.8333333333333333,0.12,8.333333333333334,,,,
event_budget,12,A1->A2->A3->A4->A5->A6->A7->A8->A9->A10->A11->A12,/opt/Projects/Soft2/NSGD/logs/sanitycheck_event_budget_L12_arr10.0_20260427_115159,/opt/Projects/Soft2/NSGD/results_figures/run_logs/event_budget_L12.log,1,1,node,A6,6.0,2056,61,1994,15,53,8,9,0.0296692607003891,0.0043774319066147,0.9698443579766536,0.0038910505836575,3.7981806926674593,0.8427346800295776,2.6873179212071854,0.0318769655013189,0.2187555400408558,0.0174955858885207,,,,,201.9615677965398,12.0,0.0833333333333333,1200.0,0.0008333333333333,1.2000000000000002,0.8333333333333333,0.12,8.333333333333334,,,,
event_budget,12,A1->A2->A3->A4->A5->A6->A7->A8->A9->A10->A11->A12,/opt/Projects/Soft2/NSGD/logs/sanitycheck_event_budget_L12_arr10.0_20260427_115159,/opt/Projects/Soft2/NSGD/results_figures/run_logs/event_budget_L12.log,1,1,node,A7,7.0,2044,68,1950,18,59,9,35,0.0332681017612524,0.0171232876712328,0.9540117416829744,0.0044031311154598,3.738848676702527,0.8374225213291682,2.592625597521849,0.0452934159757114,0.216311430030015,0.0471957118457831,,,,,201.9615677965398,12.0,0.0833333333333333,1200.0,0.0008333333333333,1.2000000000000002,0.8333333333333333,0.12,8.333333333333334,,,,
event_budget,12,A1->A2->A3->A4->A5->A6->A7->A8->A9->A10->A11->A12,/opt/Projects/Soft2/NSGD/logs/sanitycheck_event_budget_L12_arr10.0_20260427_115159,/opt/Projects/Soft2/NSGD/results_figures/run_logs/event_budget_L12.log,1,1,node,A8,8.0,2008,45,1942,18,39,6,27,0.022410358565737,0.0134462151394422,0.9671314741035856,0.0029880478087649,3.6169844367414656,0.8313522660371832,2.554078500230771,0.0564090890530466,0.1549246219008209,0.0202199595196436,,,,,201.9615677965398,12.0,0.0833333333333333,1200.0,0.0008333333333333,1.2000000000000002,0.8333333333333333,0.12,8.333333333333334,,,,
event_budget,12,A1->A2->A3->A4->A5->A6->A7->A8->A9->A10->A11->A12,/opt/Projects/Soft2/NSGD/logs/sanitycheck_event_budget_L12_arr10.0_20260427_115159,/opt/Projects/Soft2/NSGD/results_figures/run_logs/event_budget_L12.log,1,1,node,A9,9.0,1979,61,1886,18,54,7,39,0.0308236483072258,0.0197069226882263,0.9530065689742294,0.0035371399696816,3.619104415125369,0.776596259627503,2.572579758982757,0.051515624266474,0.1943429666929517,0.0240698055556833,,,,,201.9615677965398,12.0,0.0833333333333333,1200.0,0.0008333333333333,1.2000000000000002,0.8333333333333333,0.12,8.333333333333334,,,,
event_budget,12,A1->A2->A3->A4->A5->A6->A7->A8->A9->A10->A11->A12,/opt/Projects/Soft2/NSGD/logs/sanitycheck_event_budget_L12_arr10.0_20260427_115159,/opt/Projects/Soft2/NSGD/results_figures/run_logs/event_budget_L12.log,1,1,node,A10,10.0,1940,58,1864,12,53,5,23,0.0298969072164948,0.0118556701030927,0.9608247422680412,0.0025773195876288,3.623550195790678,0.8045272716625056,2.5713630992088103,0.0289370321829469,0.1922067593751445,0.0265160333612714,,,,,201.9615677965398,12.0,0.0833333333333333,1200.0,0.0008333333333333,1.2000000000000002,0.8333333333333333,0.12,8.333333333333334,,,,
event_budget,12,A1->A2->A3->A4->A5->A6->A7->A8->A9->A10->A11->A12,/opt/Projects/Soft2/NSGD/logs/sanitycheck_event_budget_L12_arr10.0_20260427_115159,/opt/Projects/Soft2/NSGD/results_figures/run_logs/event_budget_L12.log,1,1,node,A11,11.0,1917,55,1840,13,51,4,26,0.0286906624934793,0.0135628586332811,0.9598330725091287,0.0020865936358894,3.5856865299249945,0.7631569427290924,2.6055106325207147,0.0192625796788048,0.1906678647271097,0.0070885102692728,,,,,201.9615677965398,12.0,0.0833333333333333,1200.0,0.0008333333333333,1.2000000000000002,0.8333333333333333,0.12,8.333333333333334,,,,
event_budget,12,A1->A2->A3->A4->A5->A6->A7->A8->A9->A10->A11->A12,/opt/Projects/Soft2/NSGD/logs/sanitycheck_event_budget_L12_arr10.0_20260427_115159,/opt/Projects/Soft2/NSGD/results_figures/run_logs/event_budget_L12.log,1,1,node,A12,12.0,1889,53,1812,17,49,4,28,0.0280571731074642,0.0148226574907358,0.9592376919004764,0.0021175224986765,3.6234267558773454,0.7969024295378357,2.6036948804087268,0.0258495671159227,0.1875850122455748,0.0093948665692854,,,,,201.9615677965398,12.0,0.0833333333333333,1200.0,0.0008333333333333,1.2000000000000002,0.8333333333333333,0.12,8.333333333333334,,,,
event_budget,13,A1->A2->A3->A4->A5->A6->A7->A8->A9->A10->A11->A12->A13,/opt/Projects/Soft2/NSGD/logs/sanitycheck_event_budget_L13_arr10.0_20260427_115216,/opt/Projects/Soft2/NSGD/results_figures/run_logs/event_budget_L13.log,1,1,graph,ALL,,24354,741,23374,195,649,92,330,0.0304262133530426,0.013550135501355,0.9597602036626428,0.003777613533711,46.693688159535576,9.593965015601189,33.82554622519002,0.3826458822150471,2.5459426369768274,0.345588399552504,2005.0,22349.0,379.9801,382.7690457126342,192.56748901707948,13.0,0.0769230769230769,1300.0,0.0007692307692307,1.3,0.7692307692307692,0.13,7.692307692307692,1.0,0.01,10.0,100.0
event_budget,13,A1->A2->A3->A4->A5->A6->A7->A8->A9->A10->A11->A12->A13,/opt/Projects/Soft2/NSGD/logs/sanitycheck_event_budget_L13_arr10.0_20260427_115216,/opt/Projects/Soft2/NSGD/results_figures/run_logs/event_budget_L13.log,1,1,node,A1,1.0,2005,58,1933,18,50,8,21,0.0289276807980049,0.0104738154613466,0.9640897755610972,0.0039900249376558,3.6853568480875785,0.8121976441665443,2.5921452226950388,0.0359950734969835,0.1758322889484312,0.0691866187805806,,,,,192.56748901707948,13.0,0.0769230769230769,1300.0,0.0007692307692307,1.3,0.7692307692307692,0.13,7.692307692307692,,,,
event_budget,13,A1->A2->A3->A4->A5->A6->A7->A8->A9->A10->A11->A12->A13,/opt/Projects/Soft2/NSGD/logs/sanitycheck_event_budget_L13_arr10.0_20260427_115216,/opt/Projects/Soft2/NSGD/results_figures/run_logs/event_budget_L13.log,1,1,node,A2,2.0,1982,61,1920,18,50,11,12,0.0307769929364278,0.0060544904137235,0.968718466195762,0.0055499495459132,3.8182892698011512,0.7751329306720868,2.8068009656505275,0.0233771364623146,0.179437523788641,0.0335407132275807,,,,,192.56748901707948,13.0,0.0769230769230769,1300.0,0.0007692307692307,1.3,0.7692307692307692,0.13,7.692307692307692,,,,
event_budget,13,A1->A2->A3->A4->A5->A6->A7->A8->A9->A10->A11->A12->A13,/opt/Projects/Soft2/NSGD/logs/sanitycheck_event_budget_L13_arr10.0_20260427_115216,/opt/Projects/Soft2/NSGD/results_figures/run_logs/event_budget_L13.log,1,1,node,A3,3.0,1969,51,1913,17,42,9,14,0.0259014728288471,0.0071102082275266,0.9715591670898932,0.0045708481462671,3.9137178968647457,0.7444322470779635,2.9590361603425763,0.0313988764377269,0.1488094847854081,0.0300411282210705,,,,,192.56748901707948,13.0,0.0769230769230769,1300.0,0.0007692307692307,1.3,0.7692307692307692,0.13,7.692307692307692,,,,
event_budget,13,A1->A2->A3->A4->A5->A6->A7->A8->A9->A10->A11->A12->A13,/opt/Projects/Soft2/NSGD/logs/sanitycheck_event_budget_L13_arr10.0_20260427_115216,/opt/Projects/Soft2/NSGD/results_figures/run_logs/event_budget_L13.log,1,1,node,A4,4.0,1954,65,1879,14,59,6,16,0.033265097236438,0.0081883316274309,0.9616171954964176,0.0030706243602865,3.84696672838263,0.7704432459265204,2.719747531507586,0.0123561461423395,0.329086778350926,0.0153330264552584,,,,,192.56748901707948,13.0,0.0769230769230769,1300.0,0.0007692307692307,1.3,0.7692307692307692,0.13,7.692307692307692,,,,
event_budget,13,A1->A2->A3->A4->A5->A6->A7->A8->A9->A10->A11->A12->A13,/opt/Projects/Soft2/NSGD/logs/sanitycheck_event_budget_L13_arr10.0_20260427_115216,/opt/Projects/Soft2/NSGD/results_figures/run_logs/event_budget_L13.log,1,1,node,A5,5.0,1938,64,1869,14,58,6,11,0.0330237358101135,0.0056759545923632,0.9643962848297214,0.0030959752321981,3.9189185492181897,0.7534882036197332,2.86691306004709,0.0453825896003783,0.2219521054928528,0.0311825904581353,,,,,192.56748901707948,13.0,0.0769230769230769,1300.0,0.0007692307692307,1.3,0.7692307692307692,0.13,7.692307692307692,,,,
event_budget,13,A1->A2->A3->A4->A5->A6->A7->A8->A9->A10->A11->A12->A13,/opt/Projects/Soft2/NSGD/logs/sanitycheck_event_budget_L13_arr10.0_20260427_115216,/opt/Projects/Soft2/NSGD/results_figures/run_logs/event_budget_L13.log,1,1,node,A6,6.0,1926,53,1854,15,50,3,22,0.0275181723779854,0.0114226375908618,0.9626168224299064,0.0015576323987538,3.637086221007277,0.7646051642444803,2.6344084171579394,0.0287090451467305,0.1950428017739556,0.0143207926841719,,,,,192.56748901707948,13.0,0.0769230769230769,1300.0,0.0007692307692307,1.3,0.7692307692307692,0.13,7.692307692307692,,,,
event_budget,13,A1->A2->A3->A4->A5->A6->A7->A8->A9->A10->A11->A12->A13,/opt/Projects/Soft2/NSGD/logs/sanitycheck_event_budget_L13_arr10.0_20260427_115216,/opt/Projects/Soft2/NSGD/results_figures/run_logs/event_budget_L13.log,1,1,node,A7,7.0,1903,62,1802,12,57,5,44,0.0325801366263794,0.0231213872832369,0.9469259064634789,0.0026274303730951,3.625636899291388,0.7485361444097648,2.60027316621134,0.0381994495187164,0.2258647148032959,0.0127634243482702,,,,,192.56748901707948,13.0,0.0769230769230769,1300.0,0.0007692307692307,1.3,0.7692307692307692,0.13,7.692307692307692,,,,
event_budget,13,A1->A2->A3->A4->A5->A6->A7->A8->A9->A10->A11->A12->A13,/opt/Projects/Soft2/NSGD/logs/sanitycheck_event_budget_L13_arr10.0_20260427_115216,/opt/Projects/Soft2/NSGD/results_figures/run_logs/event_budget_L13.log,1,1,node,A8,8.0,1858,68,1773,16,56,12,29,0.0365984930032292,0.0156081808396124,0.9542518837459634,0.0064585575888051,3.4425667104932933,0.745193517109618,2.4043113951380195,0.0441527567635613,0.2207755426892762,0.0281334987928183,,,,,192.56748901707948,13.0,0.0769230769230769,1300.0,0.0007692307692307,1.3,0.7692307692307692,0.13,7.692307692307692,,,,
event_budget,13,A1->A2->A3->A4->A5->A6->A7->A8->A9->A10->A11->A12->A13,/opt/Projects/Soft2/NSGD/logs/sanitycheck_event_budget_L13_arr10.0_20260427_115216,/opt/Projects/Soft2/NSGD/results_figures/run_logs/event_budget_L13.log,1,1,node,A9,9.0,1825,57,1744,11,52,5,29,0.0312328767123287,0.0158904109589041,0.9556164383561644,0.0027397260273972,3.293028953725642,0.6968361747927823,2.361489425270395,0.0202315826900659,0.2042138568969269,0.0102579140754718,,,,,192.56748901707948,13.0,0.0769230769230769,1300.0,0.0007692307692307,1.3,0.7692307692307692,0.13,7.692307692307692,,,,
event_budget,13,A1->A2->A3->A4->A5->A6->A7->A8->A9->A10->A11->A12->A13,/opt/Projects/Soft2/NSGD/logs/sanitycheck_event_budget_L13_arr10.0_20260427_115216,/opt/Projects/Soft2/NSGD/results_figures/run_logs/event_budget_L13.log,1,1,node,A10,10.0,1795,56,1718,16,49,7,28,0.0311977715877437,0.0155988857938718,0.9571030640668524,0.0038997214484679,3.416984100499073,0.7140841859678818,2.463138539155797,0.0219121168882807,0.1862950871878328,0.0315541712992803,,,,,192.56748901707948,13.0,0.0769230769230769,1300.0,0.0007692307692307,1.3,0.7692307692307692,0.13,7.692307692307692,,,,
event_budget,13,A1->A2->A3->A4->A5->A6->A7->A8->A9->A10->A11->A12->A13,/opt/Projects/Soft2/NSGD/logs/sanitycheck_event_budget_L13_arr10.0_20260427_115216,/opt/Projects/Soft2/NSGD/results_figures/run_logs/event_budget_L13.log,1,1,node,A11,11.0,1767,50,1696,11,43,7,28,0.0282965478211658,0.0158460667798528,0.9598189020939444,0.0039615166949632,3.306429547016083,0.6738612214097015,2.469101971443949,0.0100925677283587,0.1338933569767226,0.0194804294573515,,,,,192.56748901707948,13.0,0.0769230769230769,1300.0,0.0007692307692307,1.3,0.7692307692307692,0.13,7.692307692307692,,,,
event_budget,13,A1->A2->A3->A4->A5->A6->A7->A8->A9->A10->A11->A12->A13,/opt/Projects/Soft2/NSGD/logs/sanitycheck_event_budget_L13_arr10.0_20260427_115216,/opt/Projects/Soft2/NSGD/results_figures/run_logs/event_budget_L13.log,1,1,node,A12,12.0,1739,50,1650,16,44,6,45,0.0287521564117308,0.0258769407705577,0.948821161587119,0.0034502587694077,3.3075388140332045,0.699295880578907,2.402795799388553,0.0441039776207437,0.1417207222340281,0.0196224342109724,,,,,192.56748901707948,13.0,0.0769230769230769,1300.0,0.0007692307692307,1.3,0.7692307692307692,0.13,7.692307692307692,,,,
event_budget,13,A1->A2->A3->A4->A5->A6->A7->A8->A9->A10->A11->A12->A13,/opt/Projects/Soft2/NSGD/logs/sanitycheck_event_budget_L13_arr10.0_20260427_115216,/opt/Projects/Soft2/NSGD/results_figures/run_logs/event_budget_L13.log,1,1,node,A13,13.0,1693,46,1623,17,39,7,31,0.0271707028942705,0.0183106910809214,0.958653278204371,0.0041346721795629,3.4811676211153264,0.6958584556252051,2.5453845711812035,0.0267345637188466,0.1830183730485301,0.0301716575415414,,,,,192.56748901707948,13.0,0.0769230769230769,1300.0,0.0007692307692307,1.3,0.7692307692307692,0.13,7.692307692307692,,,,
event_budget,14,A1->A2->A3->A4->A5->A6->A7->A8->A9->A10->A11->A12->A13->A14,/opt/Projects/Soft2/NSGD/logs/sanitycheck_event_budget_L14_arr10.0_20260427_115234,/opt/Projects/Soft2/NSGD/results_figures/run_logs/event_budget_L14.log,1,1,graph,ALL,,24254,868,23082,201,775,93,397,0.0357879112723674,0.0163684340727302,0.9516780737197988,0.0038344190648965,46.64611409244359,9.260959544721784,33.65978600836082,0.4261731072145422,2.963391230639985,0.3358042015064563,1915.0,22339.0,429.46404,425.1269174728913,183.64101472372235,14.0,0.0714285714285714,1400.0,0.0007142857142857,1.4,0.7142857142857142,0.14,7.142857142857142,1.0,0.01,9.999999999999998,100.0
event_budget,14,A1->A2->A3->A4->A5->A6->A7->A8->A9->A10->A11->A12->A13->A14,/opt/Projects/Soft2/NSGD/logs/sanitycheck_event_budget_L14_arr10.0_20260427_115234,/opt/Projects/Soft2/NSGD/results_figures/run_logs/event_budget_L14.log,1,1,node,A1,1.0,1915,57,1850,11,54,3,11,0.0297650130548302,0.0057441253263707,0.9660574412532638,0.0015665796344647,3.776686949242789,0.7590286964517584,2.764641345514753,0.0376387888307755,0.2055225776751778,0.0098555407703237,,,,,183.64101472372235,14.0,0.0714285714285714,1400.0,0.0007142857142857,1.4,0.7142857142857142,0.14,7.142857142857142,,,,
event_budget,14,A1->A2->A3->A4->A5->A6->A7->A8->A9->A10->A11->A12->A13->A14,/opt/Projects/Soft2/NSGD/logs/sanitycheck_event_budget_L14_arr10.0_20260427_115234,/opt/Projects/Soft2/NSGD/results_figures/run_logs/event_budget_L14.log,1,1,node,A2,2.0,1903,64,1821,18,56,8,26,0.0336311087756174,0.0136626379400945,0.95691014188124,0.0042038885969521,3.4400070803977583,0.7153323320743026,2.4728779447943627,0.0346502029797359,0.1886863705121279,0.0284602300372285,,,,,183.64101472372235,14.0,0.0714285714285714,1400.0,0.0007142857142857,1.4,0.7142857142857142,0.14,7.142857142857142,,,,
event_budget,14,A1->A2->A3->A4->A5->A6->A7->A8->A9->A10->A11->A12->A13->A14,/opt/Projects/Soft2/NSGD/logs/sanitycheck_event_budget_L14_arr10.0_20260427_115234,/opt/Projects/Soft2/NSGD/results_figures/run_logs/event_budget_L14.log,1,1,node,A3,3.0,1875,55,1786,11,49,6,40,0.0293333333333333,0.0213333333333333,0.9525333333333332,0.0032,3.295689053242097,0.6817337236835396,2.4081901364207847,0.0176983598567299,0.1737004079077107,0.0143664253733318,,,,,183.64101472372235,14.0,0.0714285714285714,1400.0,0.0007142857142857,1.4,0.7142857142857142,0.14,7.142857142857142,,,,
event_budget,14,A1->A2->A3->A4->A5->A6->A7->A8->A9->A10->A11->A12->A13->A14,/opt/Projects/Soft2/NSGD/logs/sanitycheck_event_budget_L14_arr10.0_20260427_115234,/opt/Projects/Soft2/NSGD/results_figures/run_logs/event_budget_L14.log,1,1,node,A4,4.0,1834,60,1750,7,58,2,26,0.0327153762268266,0.0141766630316248,0.9541984732824428,0.0010905125408942,3.70513751198452,0.6993727154354807,2.6951440669388176,0.00919872087927,0.2850330500172701,0.0163889587136809,,,,,183.64101472372235,14.0,0.0714285714285714,1400.0,0.0007142857142857,1.4,0.7142857142857142,0.14,7.142857142857142,,,,
event_budget,14,A1->A2->A3->A4->A5->A6->A7->A8->A9->A10->A11->A12->A13->A14,/opt/Projects/Soft2/NSGD/logs/sanitycheck_event_budget_L14_arr10.0_20260427_115234,/opt/Projects/Soft2/NSGD/results_figures/run_logs/event_budget_L14.log,1,1,node,A5,5.0,1808,69,1729,12,66,3,13,0.0381637168141592,0.0071902654867256,0.9563053097345132,0.0016592920353982,3.650195017061367,0.6864720703352115,2.653344252911135,0.0259155198270053,0.2684774967475833,0.0159856772404319,,,,,183.64101472372235,14.0,0.0714285714285714,1400.0,0.0007142857142857,1.4,0.7142857142857142,0.14,7.142857142857142,,,,
event_budget,14,A1->A2->A3->A4->A5->A6->A7->A8->A9->A10->A11->A12->A13->A14,/opt/Projects/Soft2/NSGD/logs/sanitycheck_event_budget_L14_arr10.0_20260427_115234,/opt/Projects/Soft2/NSGD/results_figures/run_logs/event_budget_L14.log,1,1,node,A6,6.0,1795,60,1728,13,52,8,15,0.0334261838440111,0.0083565459610027,0.9626740947075209,0.0044568245125348,3.513834747535748,0.697562166114106,2.584459421282042,0.0195896016491764,0.1817505526651732,0.03047300582525,,,,,183.64101472372235,14.0,0.0714285714285714,1400.0,0.0007142857142857,1.4,0.7142857142857142,0.14,7.142857142857142,,,,
event_budget,14,A1->A2->A3->A4->A5->A6->A7->A8->A9->A10->A11->A12->A13->A14,/opt/Projects/Soft2/NSGD/logs/sanitycheck_event_budget_L14_arr10.0_20260427_115234,/opt/Projects/Soft2/NSGD/results_figures/run_logs/event_budget_L14.log,1,1,node,A7,7.0,1779,75,1653,17,65,10,61,0.042158516020236,0.0342889263631253,0.9291736930860034,0.0056211354693648,3.25920181634539,0.6744018209053072,2.2768030044387477,0.0268842516951524,0.2468291984610518,0.0342835408451318,,,,,183.64101472372235,14.0,0.0714285714285714,1400.0,0.0007142857142857,1.4,0.7142857142857142,0.14,7.142857142857142,,,,
event_budget,14,A1->A2->A3->A4->A5->A6->A7->A8->A9->A10->A11->A12->A13->A14,/opt/Projects/Soft2/NSGD/logs/sanitycheck_event_budget_L14_arr10.0_20260427_115234,/opt/Projects/Soft2/NSGD/results_figures/run_logs/event_budget_L14.log,1,1,node,A8,8.0,1717,67,1625,12,62,5,30,0.0390215492137449,0.017472335468841,0.9464181712288876,0.0029120559114735,3.265989473301753,0.66636278961156,2.304700836105416,0.0178716522658527,0.264643826574836,0.0124103687440883,,,,,183.64101472372235,14.0,0.0714285714285714,1400.0,0.0007142857142857,1.4,0.7142857142857142,0.14,7.142857142857142,,,,
event_budget,14,A1->A2->A3->A4->A5->A6->A7->A8->A9->A10->A11->A12->A13->A14,/opt/Projects/Soft2/NSGD/logs/sanitycheck_event_budget_L14_arr10.0_20260427_115234,/opt/Projects/Soft2/NSGD/results_figures/run_logs/event_budget_L14.log,1,1,node,A9,9.0,1687,67,1592,17,58,9,37,0.0397154712507409,0.0219324244220509,0.943687018375815,0.0053349140486069,3.208644678794264,0.6199771862568922,2.333587099963992,0.0383581473826634,0.1891313971248363,0.0275908480658803,,,,,183.64101472372235,14.0,0.0714285714285714,1400.0,0.0007142857142857,1.4,0.7142857142857142,0.14,7.142857142857142,,,,
event_budget,14,A1->A2->A3->A4->A5->A6->A7->A8->A9->A10->A11->A12->A13->A14,/opt/Projects/Soft2/NSGD/logs/sanitycheck_event_budget_L14_arr10.0_20260427_115234,/opt/Projects/Soft2/NSGD/results_figures/run_logs/event_budget_L14.log,1,1,node,A10,10.0,1646,62,1554,15,54,8,38,0.0376670716889428,0.0230862697448359,0.9441069258809236,0.0048602673147023,3.0648013780514005,0.629927412396179,2.1768867345679355,0.0285216649408825,0.2006368073090206,0.0288287588373829,,,,,183.64101472372235,14.0,0.0714285714285714,1400.0,0.0007142857142857,1.4,0.7142857142857142,0.14,7.142857142857142,,,,
event_budget,14,A1->A2->A3->A4->A5->A6->A7->A8->A9->A10->A11->A12->A13->A14,/opt/Projects/Soft2/NSGD/logs/sanitycheck_event_budget_L14_arr10.0_20260427_115234,/opt/Projects/Soft2/NSGD/results_figures/run_logs/event_budget_L14.log,1,1,node,A11,11.0,1607,60,1530,13,55,5,22,0.0373366521468574,0.013690105787181,0.9520846297448662,0.0031113876789047,3.0912054827946887,0.6017146715061561,2.2519834559817644,0.0313994602983345,0.1932758740749676,0.0128320209334651,,,,,183.64101472372235,14.0,0.0714285714285714,1400.0,0.0007142857142857,1.4,0.7142857142857142,0.14,7.142857142857142,,,,
event_budget,14,A1->A2->A3->A4->A5->A6->A7->A8->A9->A10->A11->A12->A13->A14,/opt/Projects/Soft2/NSGD/logs/sanitycheck_event_budget_L14_arr10.0_20260427_115234,/opt/Projects/Soft2/NSGD/results_figures/run_logs/event_budget_L14.log,1,1,node,A12,12.0,1584,61,1514,22,52,9,18,0.038510101010101,0.0113636363636363,0.9558080808080808,0.0056818181818181,3.1003421702047733,0.6306445953078879,2.215564095428832,0.0583211221945022,0.1658835918865733,0.0299287653869782,,,,,183.64101472372235,14.0,0.0714285714285714,1400.0,0.0007142857142857,1.4,0.7142857142857142,0.14,7.142857142857142,,,,
event_budget,14,A1->A2->A3->A4->A5->A6->A7->A8->A9->A10->A11->A12->A13->A14,/opt/Projects/Soft2/NSGD/logs/sanitycheck_event_budget_L14_arr10.0_20260427_115234,/opt/Projects/Soft2/NSGD/results_figures/run_logs/event_budget_L14.log,1,1,node,A13,13.0,1566,48,1502,19,37,11,27,0.0306513409961685,0.0172413793103448,0.959131545338442,0.0070242656449553,3.313389810834332,0.6295710692003748,2.4502023189561,0.0430597089197254,0.1456956359571269,0.0448610778010051,,,,,183.64101472372235,14.0,0.0714285714285714,1400.0,0.0007142857142857,1.4,0.7142857142857142,0.14,7.142857142857142,,,,
event_budget,14,A1->A2->A3->A4->A5->A6->A7->A8->A9->A10->A11->A12->A13->A14,/opt/Projects/Soft2/NSGD/logs/sanitycheck_event_budget_L14_arr10.0_20260427_115234,/opt/Projects/Soft2/NSGD/results_figures/run_logs/event_budget_L14.log,1,1,node,A14,14.0,1538,63,1448,14,57,6,33,0.0409622886866059,0.0214564369310793,0.94148244473342,0.0039011703511053,2.9609889226527013,0.5688582954430268,2.071401295056132,0.0370659054947354,0.2541244437265295,0.0295389829322771,,,,,183.64101472372235,14.0,0.0714285714285714,1400.0,0.0007142857142857,1.4,0.7142857142857142,0.14,7.142857142857142,,,,
event_budget,15,A1->A2->A3->A4->A5->A6->A7->A8->A9->A10->A11->A12->A13->A14->A15,/opt/Projects/Soft2/NSGD/logs/sanitycheck_event_budget_L15_arr10.0_20260427_115255,/opt/Projects/Soft2/NSGD/results_figures/run_logs/event_budget_L15.log,1,1,graph,ALL,,24256,880,23016,230,776,104,464,0.0362796833773087,0.0191292875989445,0.9488786279683378,0.004287598944591,47.0945608726546,9.048825085790607,34.24224018209091,0.4556158067417237,2.955669808009364,0.3922099900220044,1818.0,22439.0,426.9247,431.3387632769713,174.7061873477548,15.0,0.0666666666666666,1500.0,0.0006666666666666,1.5,0.6666666666666666,0.15,6.666666666666667,1.0,0.01,10.0,100.0
event_budget,15,A1->A2->A3->A4->A5->A6->A7->A8->A9->A10->A11->A12->A13->A14->A15,/opt/Projects/Soft2/NSGD/logs/sanitycheck_event_budget_L15_arr10.0_20260427_115255,/opt/Projects/Soft2/NSGD/results_figures/run_logs/event_budget_L15.log,1,1,node,A1,1.0,1818,57,1738,14,52,5,28,0.0313531353135313,0.0154015401540154,0.955995599559956,0.0027502750275027,3.4076803131423232,0.7044906338761273,2.4514332352969928,0.0269305740217475,0.2171782624308555,0.0076476075166001,,,,,174.7061873477548,15.0,0.0666666666666666,1500.0,0.0006666666666666,1.5,0.6666666666666666,0.15,6.666666666666667,,,,
event_budget,15,A1->A2->A3->A4->A5->A6->A7->A8->A9->A10->A11->A12->A13->A14->A15,/opt/Projects/Soft2/NSGD/logs/sanitycheck_event_budget_L15_arr10.0_20260427_115255,/opt/Projects/Soft2/NSGD/results_figures/run_logs/event_budget_L15.log,1,1,node,A2,2.0,1790,73,1706,13,68,5,16,0.0407821229050279,0.0089385474860335,0.953072625698324,0.0027932960893854,3.425720248746213,0.6625382606081647,2.4962606687736164,0.0211750704839197,0.2349660008756738,0.0107802480048392,,,,,174.7061873477548,15.0,0.0666666666666666,1500.0,0.0006666666666666,1.5,0.6666666666666666,0.15,6.666666666666667,,,,
event_budget,15,A1->A2->A3->A4->A5->A6->A7->A8->A9->A10->A11->A12->A13->A14->A15,/opt/Projects/Soft2/NSGD/logs/sanitycheck_event_budget_L15_arr10.0_20260427_115255,/opt/Projects/Soft2/NSGD/results_figures/run_logs/event_budget_L15.log,1,1,node,A3,3.0,1773,61,1689,16,53,8,31,0.0344049633389734,0.0174844895657078,0.9526226734348562,0.0045121263395375,3.197022292995268,0.6309873430460373,2.325290897941751,0.0249393631919785,0.2008562801975181,0.0149484086179823,,,,,174.7061873477548,15.0,0.0666666666666666,1500.0,0.0006666666666666,1.5,0.6666666666666666,0.15,6.666666666666667,,,,
event_budget,15,A1->A2->A3->A4->A5->A6->A7->A8->A9->A10->A11->A12->A13->A14->A15,/opt/Projects/Soft2/NSGD/logs/sanitycheck_event_budget_L15_arr10.0_20260427_115255,/opt/Projects/Soft2/NSGD/results_figures/run_logs/event_budget_L15.log,1,1,node,A4,4.0,1741,63,1657,14,55,8,29,0.0361860999425617,0.0166570936243538,0.951751866743251,0.0045950603101665,3.4731712241356254,0.6517732279293437,2.4969953315743423,0.0252802525559344,0.2622904628793224,0.0368319491966826,,,,,174.7061873477548,15.0,0.0666666666666666,1500.0,0.0006666666666666,1.5,0.6666666666666666,0.15,6.666666666666667,,,,
event_budget,15,A1->A2->A3->A4->A5->A6->A7->A8->A9->A10->A11->A12->A13->A14->A15,/opt/Projects/Soft2/NSGD/logs/sanitycheck_event_budget_L15_arr10.0_20260427_115255,/opt/Projects/Soft2/NSGD/results_figures/run_logs/event_budget_L15.log,1,1,node,A5,5.0,1712,64,1645,18,51,13,16,0.0373831775700934,0.0093457943925233,0.9608644859813084,0.0075934579439252,3.629803079163565,0.6381637109238668,2.714255930992972,0.0208936019626423,0.1877886900917736,0.0687011451923098,,,,,174.7061873477548,15.0,0.0666666666666666,1500.0,0.0006666666666666,1.5,0.6666666666666666,0.15,6.666666666666667,,,,
event_budget,15,A1->A2->A3->A4->A5->A6->A7->A8->A9->A10->A11->A12->A13->A14->A15,/opt/Projects/Soft2/NSGD/logs/sanitycheck_event_budget_L15_arr10.0_20260427_115255,/opt/Projects/Soft2/NSGD/results_figures/run_logs/event_budget_L15.log,1,1,node,A6,6.0,1695,46,1647,23,34,12,14,0.0271386430678466,0.0082595870206489,0.9716814159292037,0.0070796460176991,3.2254949436271168,0.6447411225879165,2.3821176824135364,0.0390723531951416,0.1189710582322662,0.0405927271982563,,,,,174.7061873477548,15.0,0.0666666666666666,1500.0,0.0006666666666666,1.5,0.6666666666666666,0.15,6.666666666666667,,,,
event_budget,15,A1->A2->A3->A4->A5->A6->A7->A8->A9->A10->A11->A12->A13->A14->A15,/opt/Projects/Soft2/NSGD/logs/sanitycheck_event_budget_L15_arr10.0_20260427_115255,/opt/Projects/Soft2/NSGD/results_figures/run_logs/event_budget_L15.log,1,1,node,A7,7.0,1681,54,1589,14,51,3,41,0.032123735871505,0.024390243902439,0.9452706722189174,0.0017846519928613,3.24708981084276,0.6299759106159992,2.37119068679734,0.0287080668385008,0.2127436947715165,0.0044714518194034,,,,,174.7061873477548,15.0,0.0666666666666666,1500.0,0.0006666666666666,1.5,0.6666666666666666,0.15,6.666666666666667,,,,
event_budget,15,A1->A2->A3->A4->A5->A6->A7->A8->A9->A10->A11->A12->A13->A14->A15,/opt/Projects/Soft2/NSGD/logs/sanitycheck_event_budget_L15_arr10.0_20260427_115255,/opt/Projects/Soft2/NSGD/results_figures/run_logs/event_budget_L15.log,1,1,node,A8,8.0,1639,61,1562,20,52,9,25,0.0372178157413056,0.0152532031726662,0.953020134228188,0.0054911531421598,3.176924701089769,0.6301308830337513,2.264139056668532,0.0474931439925412,0.1892601695076901,0.0459014478872542,,,,,174.7061873477548,15.0,0.0666666666666666,1500.0,0.0006666666666666,1.5,0.6666666666666666,0.15,6.666666666666667,,,,
event_budget,15,A1->A2->A3->A4->A5->A6->A7->A8->A9->A10->A11->A12->A13->A14->A15,/opt/Projects/Soft2/NSGD/logs/sanitycheck_event_budget_L15_arr10.0_20260427_115255,/opt/Projects/Soft2/NSGD/results_figures/run_logs/event_budget_L15.log,1,1,node,A9,9.0,1612,61,1537,14,57,4,18,0.0378411910669975,0.0111662531017369,0.9534739454094292,0.0024813895781637,3.01286934362392,0.5894755526407165,2.178332447280257,0.0397052752285902,0.1924184034582876,0.0129376650160685,,,,,174.7061873477548,15.0,0.0666666666666666,1500.0,0.0006666666666666,1.5,0.6666666666666666,0.15,6.666666666666667,,,,
event_budget,15,A1->A2->A3->A4->A5->A6->A7->A8->A9->A10->A11->A12->A13->A14->A15,/opt/Projects/Soft2/NSGD/logs/sanitycheck_event_budget_L15_arr10.0_20260427_115255,/opt/Projects/Soft2/NSGD/results_figures/run_logs/event_budget_L15.log,1,1,node,A10,10.0,1592,64,1468,15,59,5,65,0.0402010050251256,0.0408291457286432,0.9221105527638191,0.0031407035175879,3.008769182020585,0.5847111563624972,2.1540535448593765,0.0221840722866207,0.239216780629926,0.0086036278821645,,,,,174.7061873477548,15.0,0.0666666666666666,1500.0,0.0006666666666666,1.5,0.6666666666666666,0.15,6.666666666666667,,,,
event_budget,15,A1->A2->A3->A4->A5->A6->A7->A8->A9->A10->A11->A12->A13->A14->A15,/opt/Projects/Soft2/NSGD/logs/sanitycheck_event_budget_L15_arr10.0_20260427_115255,/opt/Projects/Soft2/NSGD/results_figures/run_logs/event_budget_L15.log,1,1,node,A11,11.0,1527,67,1422,14,58,9,47,0.0438768827766863,0.0307793058284217,0.931237721021611,0.005893909626719,2.841190749563667,0.5471977228476959,2.04037102351341,0.0278812911076033,0.1979378948028692,0.0278028172920889,,,,,174.7061873477548,15.0,0.0666666666666666,1500.0,0.0006666666666666,1.5,0.6666666666666666,0.15,6.666666666666667,,,,
event_budget,15,A1->A2->A3->A4->A5->A6->A7->A8->A9->A10->A11->A12->A13->A14->A15,/opt/Projects/Soft2/NSGD/logs/sanitycheck_event_budget_L15_arr10.0_20260427_115255,/opt/Projects/Soft2/NSGD/results_figures/run_logs/event_budget_L15.log,1,1,node,A12,12.0,1479,53,1383,14,50,3,46,0.0358350236646382,0.0311020960108181,0.9350912778904664,0.0020283975659229,2.947309317130744,0.5705415912984103,2.171244928794221,0.0294060468150486,0.1580484129565986,0.0180683372664659,,,,,174.7061873477548,15.0,0.0666666666666666,1500.0,0.0006666666666666,1.5,0.6666666666666666,0.15,6.666666666666667,,,,
event_budget,15,A1->A2->A3->A4->A5->A6->A7->A8->A9->A10->A11->A12->A13->A14->A15,/opt/Projects/Soft2/NSGD/logs/sanitycheck_event_budget_L15_arr10.0_20260427_115255,/opt/Projects/Soft2/NSGD/results_figures/run_logs/event_budget_L15.log,1,1,node,A13,13.0,1432,54,1348,16,49,5,35,0.0377094972067039,0.0244413407821229,0.9413407821229052,0.0034916201117318,2.9431395991779383,0.5597635711770692,2.126252294115848,0.0467203118516573,0.1946252235409886,0.0157781984923752,,,,,174.7061873477548,15.0,0.0666666666666666,1500.0,0.0006666666666666,1.5,0.6666666666666666,0.15,6.666666666666667,,,,
event_budget,15,A1->A2->A3->A4->A5->A6->A7->A8->A9->A10->A11->A12->A13->A14->A15,/opt/Projects/Soft2/NSGD/logs/sanitycheck_event_budget_L15_arr10.0_20260427_115255,/opt/Projects/Soft2/NSGD/results_figures/run_logs/event_budget_L15.log,1,1,node,A14,14.0,1397,52,1324,13,44,8,29,0.0372226198997852,0.0207587687902648,0.9477451682176092,0.0057265569076592,2.721955292490424,0.498022925603001,1.9815987677300888,0.026183274064876,0.1682049296973372,0.0479453953951207,,,,,174.7061873477548,15.0,0.0666666666666666,1500.0,0.0006666666666666,1.5,0.6666666666666666,0.15,6.666666666666667,,,,
event_budget,15,A1->A2->A3->A4->A5->A6->A7->A8->A9->A10->A11->A12->A13->A14->A15,/opt/Projects/Soft2/NSGD/logs/sanitycheck_event_budget_L15_arr10.0_20260427_115255,/opt/Projects/Soft2/NSGD/results_figures/run_logs/event_budget_L15.log,1,1,node,A15,15.0,1368,50,1301,12,43,7,24,0.0365497076023391,0.0175438596491228,0.9510233918128655,0.0051169590643274,2.836420774904685,0.5063114732400101,2.0887036853386207,0.0290431091449209,0.1811635439367404,0.0311989632443925,,,,,174.7061873477548,15.0,0.0666666666666666,1500.0,0.0006666666666666,1.5,0.6666666666666666,0.15,6.666666666666667,,,,
event_budget,16,A1->A2->A3->A4->A5->A6->A7->A8->A9->A10->A11->A12->A13->A14->A15->A16,/opt/Projects/Soft2/NSGD/logs/sanitycheck_event_budget_L16_arr10.0_20260427_115316,/opt/Projects/Soft2/NSGD/results_figures/run_logs/event_budget_L16.log,1,1,graph,ALL,,24308,877,23000,207,779,98,529,0.0360786572321869,0.0217623827546486,0.9461905545499424,0.004031594536778,47.62979066649812,8.765866758261687,35.259977564666926,0.3834224337751026,2.8345462851328525,0.3859776246615513,1754.0,22555.0,410.56862,419.3579445848848,168.85609724270788,16.0,0.0625,1600.0,0.000625,1.6,0.625,0.16,6.25,1.0,0.01,10.0,100.0
event_budget,16,A1->A2->A3->A4->A5->A6->A7->A8->A9->A10->A11->A12->A13->A14->A15->A16,/opt/Projects/Soft2/NSGD/logs/sanitycheck_event_budget_L16_arr10.0_20260427_115316,/opt/Projects/Soft2/NSGD/results_figures/run_logs/event_budget_L16.log,1,1,node,A1,1.0,1754,62,1676,11,58,4,20,0.0353477765108323,0.0114025085518814,0.9555302166476624,0.0022805017103762,3.371090923254896,0.665300575422204,2.436702603922733,0.019656194284545,0.2352035603047834,0.0142279893206301,,,,,168.85609724270788,16.0,0.0625,1600.0,0.000625,1.6,0.625,0.16,6.25,,,,
event_budget,16,A1->A2->A3->A4->A5->A6->A7->A8->A9->A10->A11->A12->A13->A14->A15->A16,/opt/Projects/Soft2/NSGD/logs/sanitycheck_event_budget_L16_arr10.0_20260427_115316,/opt/Projects/Soft2/NSGD/results_figures/run_logs/event_budget_L16.log,1,1,node,A2,2.0,1734,71,1640,12,65,6,29,0.0409457900807381,0.0167243367935409,0.9457900807381776,0.0034602076124567,3.344510982384919,0.6170867702693258,2.474606357714261,0.0177591979340497,0.2119860136102027,0.0230726428570801,,,,,168.85609724270788,16.0,0.0625,1600.0,0.000625,1.6,0.625,0.16,6.25,,,,
event_budget,16,A1->A2->A3->A4->A5->A6->A7->A8->A9->A10->A11->A12->A13->A14->A15->A16,/opt/Projects/Soft2/NSGD/logs/sanitycheck_event_budget_L16_arr10.0_20260427_115316,/opt/Projects/Soft2/NSGD/results_figures/run_logs/event_budget_L16.log,1,1,node,A3,3.0,1705,58,1632,25,49,9,24,0.0340175953079178,0.0140762463343108,0.9571847507331378,0.0052785923753665,3.2087851331863444,0.5925361286386405,2.375444131583847,0.024272267982519,0.1711394571185319,0.0453931478628057,,,,,168.85609724270788,16.0,0.0625,1600.0,0.000625,1.6,0.625,0.16,6.25,,,,
event_budget,16,A1->A2->A3->A4->A5->A6->A7->A8->A9->A10->A11->A12->A13->A14->A15->A16,/opt/Projects/Soft2/NSGD/logs/sanitycheck_event_budget_L16_arr10.0_20260427_115316,/opt/Projects/Soft2/NSGD/results_figures/run_logs/event_budget_L16.log,1,1,node,A4,4.0,1681,58,1605,7,54,4,22,0.0345032718619869,0.0130874479476502,0.9547888161808448,0.0023795359904818,3.2858004455104983,0.6098438277396329,2.3948093006939684,0.0136206192700423,0.2494517983837462,0.0180748994231079,,,,,168.85609724270788,16.0,0.0625,1600.0,0.000625,1.6,0.625,0.16,6.25,,,,
event_budget,16,A1->A2->A3->A4->A5->A6->A7->A8->A9->A10->A11->A12->A13->A14->A15->A16,/opt/Projects/Soft2/NSGD/logs/sanitycheck_event_budget_L16_arr10.0_20260427_115316,/opt/Projects/Soft2/NSGD/results_figures/run_logs/event_budget_L16.log,1,1,node,A5,5.0,1657,63,1573,11,58,5,26,0.0380205190102595,0.0156910078455039,0.9493059746529872,0.0030175015087507,3.4348651676290123,0.5906961283288417,2.5751126307695738,0.028566857318594,0.2323211489497416,0.0081684022622613,,,,,168.85609724270788,16.0,0.0625,1600.0,0.000625,1.6,0.625,0.16,6.25,,,,
event_budget,16,A1->A2->A3->A4->A5->A6->A7->A8->A9->A10->A11->A12->A13->A14->A15->A16,/opt/Projects/Soft2/NSGD/logs/sanitycheck_event_budget_L16_arr10.0_20260427_115316,/opt/Projects/Soft2/NSGD/results_figures/run_logs/event_budget_L16.log,1,1,node,A6,6.0,1631,49,1563,15,39,10,29,0.0300429184549356,0.0177805027590435,0.9583077866339668,0.006131207847946,3.046402208295651,0.6004001641670556,2.2585153205191992,0.0251057956164704,0.1205069237434721,0.0418740042494534,,,,,168.85609724270788,16.0,0.0625,1600.0,0.000625,1.6,0.625,0.16,6.25,,,,
event_budget,16,A1->A2->A3->A4->A5->A6->A7->A8->A9->A10->A11->A12->A13->A14->A15->A16,/opt/Projects/Soft2/NSGD/logs/sanitycheck_event_budget_L16_arr10.0_20260427_115316,/opt/Projects/Soft2/NSGD/results_figures/run_logs/event_budget_L16.log,1,1,node,A7,7.0,1600,58,1515,11,49,9,36,0.03625,0.0225,0.946875,0.005625,3.0226533760206284,0.5776383811586032,2.2167148755194024,0.0198745223407159,0.1631479268401454,0.0452776701617612,,,,,168.85609724270788,16.0,0.0625,1600.0,0.000625,1.6,0.625,0.16,6.25,,,,
event_budget,16,A1->A2->A3->A4->A5->A6->A7->A8->A9->A10->A11->A12->A13->A14->A15->A16,/opt/Projects/Soft2/NSGD/logs/sanitycheck_event_budget_L16_arr10.0_20260427_115316,/opt/Projects/Soft2/NSGD/results_figures/run_logs/event_budget_L16.log,1,1,node,A8,8.0,1564,56,1456,8,52,4,56,0.0358056265984654,0.0358056265984654,0.9309462915601024,0.0025575447570332,2.869270997589404,0.5646956571557726,2.089926369817995,0.0222315394193234,0.1570306091806936,0.035386822015619,,,,,168.85609724270788,16.0,0.0625,1600.0,0.000625,1.6,0.625,0.16,6.25,,,,
event_budget,16,A1->A2->A3->A4->A5->A6->A7->A8->A9->A10->A11->A12->A13->A14->A15->A16,/opt/Projects/Soft2/NSGD/logs/sanitycheck_event_budget_L16_arr10.0_20260427_115316,/opt/Projects/Soft2/NSGD/results_figures/run_logs/event_budget_L16.log,1,1,node,A9,9.0,1507,57,1419,17,50,7,38,0.0378234903782349,0.0252156602521566,0.9416058394160584,0.0046449900464499,2.838005340399212,0.5231297012964761,2.084706689945772,0.036465395848946,0.1680096086041726,0.0256939447038443,,,,,168.85609724270788,16.0,0.0625,1600.0,0.000625,1.6,0.625,0.16,6.25,,,,
event_budget,16,A1->A2->A3->A4->A5->A6->A7->A8->A9->A10->A11->A12->A13->A14->A15->A16,/opt/Projects/Soft2/NSGD/logs/sanitycheck_event_budget_L16_arr10.0_20260427_115316,/opt/Projects/Soft2/NSGD/results_figures/run_logs/event_budget_L16.log,1,1,node,A10,10.0,1469,54,1395,14,45,9,29,0.0367597004765146,0.0197413206262763,0.9496255956432949,0.0061266167460857,2.87317201498616,0.5372600420251775,2.130998120026757,0.0274856738918585,0.151434005591786,0.025994173450581,,,,,168.85609724270788,16.0,0.0625,1600.0,0.000625,1.6,0.625,0.16,6.25,,,,
event_budget,16,A1->A2->A3->A4->A5->A6->A7->A8->A9->A10->A11->A12->A13->A14->A15->A16,/opt/Projects/Soft2/NSGD/logs/sanitycheck_event_budget_L16_arr10.0_20260427_115316,/opt/Projects/Soft2/NSGD/results_figures/run_logs/event_budget_L16.log,1,1,node,A11,11.0,1440,57,1341,13,51,6,48,0.0395833333333333,0.0333333333333333,0.93125,0.0041666666666666,2.694576440408279,0.4953591968382325,2.004749435099109,0.0158915532584411,0.1654707243099301,0.0131055309025652,,,,,168.85609724270788,16.0,0.0625,1600.0,0.000625,1.6,0.625,0.16,6.25,,,,
event_budget,16,A1->A2->A3->A4->A5->A6->A7->A8->A9->A10->A11->A12->A13->A14->A15->A16,/opt/Projects/Soft2/NSGD/logs/sanitycheck_event_budget_L16_arr10.0_20260427_115316,/opt/Projects/Soft2/NSGD/results_figures/run_logs/event_budget_L16.log,1,1,node,A12,12.0,1389,46,1304,14,40,6,45,0.033117350611951,0.0323974082073434,0.9388048956083512,0.0043196544276457,2.638807290830416,0.5249260583228329,1.9447335059825528,0.0374356819923229,0.11742513249052,0.0142869120421865,,,,,168.85609724270788,16.0,0.0625,1600.0,0.000625,1.6,0.625,0.16,6.25,,,,
event_budget,16,A1->A2->A3->A4->A5->A6->A7->A8->A9->A10->A11->A12->A13->A14->A15->A16,/opt/Projects/Soft2/NSGD/logs/sanitycheck_event_budget_L16_arr10.0_20260427_115316,/opt/Projects/Soft2/NSGD/results_figures/run_logs/event_budget_L16.log,1,1,node,A13,13.0,1344,46,1264,16,42,4,38,0.0342261904761904,0.0282738095238095,0.9404761904761904,0.0029761904761904,2.9931909209409544,0.5031352268843335,2.264695958874879,0.0284517839262561,0.1933435650302949,0.0035643862251908,,,,,168.85609724270788,16.0,0.0625,1600.0,0.000625,1.6,0.625,0.16,6.25,,,,
event_budget,16,A1->A2->A3->A4->A5->A6->A7->A8->A9->A10->A11->A12->A13->A14->A15->A16,/opt/Projects/Soft2/NSGD/logs/sanitycheck_event_budget_L16_arr10.0_20260427_115316,/opt/Projects/Soft2/NSGD/results_figures/run_logs/event_budget_L16.log,1,1,node,A14,14.0,1306,47,1236,13,41,6,29,0.0359877488514548,0.0222052067381317,0.9464012251148544,0.004594180704441,2.7230405624004344,0.4511771457707216,2.0466014118290103,0.0363149630132116,0.1641122737961267,0.0248347679913645,,,,,168.85609724270788,16.0,0.0625,1600.0,0.000625,1.6,0.625,0.16,6.25,,,,
event_budget,16,A1->A2->A3->A4->A5->A6->A7->A8->A9->A10->A11->A12->A13->A14->A15->A16,/opt/Projects/Soft2/NSGD/logs/sanitycheck_event_budget_L16_arr10.0_20260427_115316,/opt/Projects/Soft2/NSGD/results_figures/run_logs/event_budget_L16.log,1,1,node,A15,15.0,1276,43,1212,11,39,4,25,0.0336990595611285,0.0195924764890282,0.9498432601880876,0.0031347962382445,2.6062421277651526,0.4514150463975702,1.9390522543988764,0.0204353341995068,0.1705624486391224,0.0247770441300762,,,,,168.85609724270788,16.0,0.0625,1600.0,0.000625,1.6,0.625,0.16,6.25,,,,
event_budget,16,A1->A2->A3->A4->A5->A6->A7->A8->A9->A10->A11->A12->A13->A14->A15->A16,/opt/Projects/Soft2/NSGD/logs/sanitycheck_event_budget_L16_arr10.0_20260427_115316,/opt/Projects/Soft2/NSGD/results_figures/run_logs/event_budget_L16.log,1,1,node,A16,16.0,1251,52,1169,9,47,5,35,0.0415667466027178,0.0279776179056754,0.9344524380495604,0.0039968025579536,2.679376734896164,0.461266707846268,2.022608597968992,0.0098550534782988,0.1634010885395815,0.0222452870630233,,,,,168.85609724270788,16.0,0.0625,1600.0,0.000625,1.6,0.625,0.16,6.25,,,,
event_budget,17,A1->A2->A3->A4->A5->A6->A7->A8->A9->A10->A11->A12->A13->A14->A15->A16->A17,/opt/Projects/Soft2/NSGD/logs/sanitycheck_event_budget_L17_arr10.0_20260427_115338,/opt/Projects/Soft2/NSGD/results_figures/run_logs/event_budget_L17.log,1,1,graph,ALL,,24274,926,22824,197,854,72,596,0.0381478124742522,0.0245530196918513,0.9402653044409656,0.0029661366070692,47.873661347280056,8.464737566725091,35.722150311982126,0.3675895682874284,3.0346901336599394,0.2844937666254739,1709.0,22565.0,427.4227,430.2612955620944,164.38178135682844,17.0,0.0588235294117647,1700.0,0.0005882352941176,1.7000000000000002,0.588235294117647,0.1699999999999999,5.882352941176471,1.0,0.0099999999999999,9.999999999999998,100.0
event_budget,17,A1->A2->A3->A4->A5->A6->A7->A8->A9->A10->A11->A12->A13->A14->A15->A16->A17,/opt/Projects/Soft2/NSGD/logs/sanitycheck_event_budget_L17_arr10.0_20260427_115338,/opt/Projects/Soft2/NSGD/results_figures/run_logs/event_budget_L17.log,1,1,node,A1,1.0,1709,73,1604,8,70,3,35,0.0427150380339379,0.0204798127559976,0.938560561732007,0.0017554125219426,3.4441264764886945,0.6175667002874433,2.5357702364337,0.0138027988750788,0.2642009724489928,0.0127857684434796,,,,,164.38178135682844,17.0,0.0588235294117647,1700.0,0.0005882352941176,1.7000000000000002,0.588235294117647,0.17,5.88235294117647,,,,
event_budget,17,A1->A2->A3->A4->A5->A6->A7->A8->A9->A10->A11->A12->A13->A14->A15->A16->A17,/opt/Projects/Soft2/NSGD/logs/sanitycheck_event_budget_L17_arr10.0_20260427_115338,/opt/Projects/Soft2/NSGD/results_figures/run_logs/event_budget_L17.log,1,1,node,A2,2.0,1673,61,1581,19,53,8,39,0.0364614465032875,0.0233114166168559,0.945008965929468,0.0047818290496114,3.049951614560699,0.5752719783165133,2.2510341283783992,0.0418340185209851,0.1501919821498782,0.0316195071949231,,,,,164.38178135682844,17.0,0.0588235294117647,1700.0,0.0005882352941176,1.7000000000000002,0.588235294117647,0.17,5.88235294117647,,,,
event_budget,17,A1->A2->A3->A4->A5->A6->A7->A8->A9->A10->A11->A12->A13->A14->A15->A16->A17,/opt/Projects/Soft2/NSGD/logs/sanitycheck_event_budget_L17_arr10.0_20260427_115338,/opt/Projects/Soft2/NSGD/results_figures/run_logs/event_budget_L17.log,1,1,node,A3,3.0,1634,62,1560,16,55,7,19,0.0379436964504283,0.0116279069767441,0.9547123623011016,0.0042839657282741,3.0805272702108826,0.5558320545539579,2.297851561415251,0.0163552594109239,0.1837691952854278,0.026719199545322,,,,,164.38178135682844,17.0,0.0588235294117647,1700.0,0.0005882352941176,1.7000000000000002,0.588235294117647,0.17,5.88235294117647,,,,
event_budget,17,A1->A2->A3->A4->A5->A6->A7->A8->A9->A10->A11->A12->A13->A14->A15->A16->A17,/opt/Projects/Soft2/NSGD/logs/sanitycheck_event_budget_L17_arr10.0_20260427_115338,/opt/Projects/Soft2/NSGD/results_figures/run_logs/event_budget_L17.log,1,1,node,A4,4.0,1614,63,1518,8,59,4,37,0.0390334572490706,0.0229244114002478,0.9405204460966544,0.0024783147459727,3.041047655489094,0.5550241208259301,2.190812157521672,0.0215052545530982,0.2626216227946778,0.0110844997937155,,,,,164.38178135682844,17.0,0.0588235294117647,1700.0,0.0005882352941176,1.7000000000000002,0.588235294117647,0.17,5.88235294117647,,,,
event_budget,17,A1->A2->A3->A4->A5->A6->A7->A8->A9->A10->A11->A12->A13->A14->A15->A16->A17,/opt/Projects/Soft2/NSGD/logs/sanitycheck_event_budget_L17_arr10.0_20260427_115338,/opt/Projects/Soft2/NSGD/results_figures/run_logs/event_budget_L17.log,1,1,node,A5,5.0,1577,52,1510,17,45,7,22,0.0329740012682308,0.0139505389980976,0.9575142675967026,0.004438807863031,3.212943421526667,0.5451255757959911,2.4497947967109326,0.0272700450166428,0.1742025086013359,0.0165504954017643,,,,,164.38178135682844,17.0,0.0588235294117647,1700.0,0.0005882352941176,1.7000000000000002,0.588235294117647,0.17,5.88235294117647,,,,
event_budget,17,A1->A2->A3->A4->A5->A6->A7->A8->A9->A10->A11->A12->A13->A14->A15->A16->A17,/opt/Projects/Soft2/NSGD/logs/sanitycheck_event_budget_L17_arr10.0_20260427_115338,/opt/Projects/Soft2/NSGD/results_figures/run_logs/event_budget_L17.log,1,1,node,A6,6.0,1554,67,1464,14,60,7,30,0.0431145431145431,0.0193050193050193,0.942084942084942,0.0045045045045045,3.150045376286533,0.557065109926129,2.334530346329513,0.0212273751980366,0.2269919743510357,0.0102305704818187,,,,,164.38178135682844,17.0,0.0588235294117647,1700.0,0.0005882352941176,1.7000000000000002,0.588235294117647,0.17,5.88235294117647,,,,
event_budget,17,A1->A2->A3->A4->A5->A6->A7->A8->A9->A10->A11->A12->A13->A14->A15->A16->A17,/opt/Projects/Soft2/NSGD/logs/sanitycheck_event_budget_L17_arr10.0_20260427_115338,/opt/Projects/Soft2/NSGD/results_figures/run_logs/event_budget_L17.log,1,1,node,A7,7.0,1524,55,1436,14,51,4,37,0.0360892388451443,0.0242782152230971,0.9422572178477692,0.0026246719160104,2.870235553001255,0.5274256912945362,2.112190127981492,0.031947094299854,0.1872452426917295,0.0114273967336435,,,,,164.38178135682844,17.0,0.0588235294117647,1700.0,0.0005882352941176,1.7000000000000002,0.588235294117647,0.17,5.88235294117647,,,,
event_budget,17,A1->A2->A3->A4->A5->A6->A7->A8->A9->A10->A11->A12->A13->A14->A15->A16->A17,/opt/Projects/Soft2/NSGD/logs/sanitycheck_event_budget_L17_arr10.0_20260427_115338,/opt/Projects/Soft2/NSGD/results_figures/run_logs/event_budget_L17.log,1,1,node,A8,8.0,1487,51,1403,13,48,3,36,0.0342972427706792,0.0242098184263618,0.9435104236718224,0.0020174848688634,2.7976270258808467,0.5311729063944568,2.050111912980729,0.0230964657974506,0.1797336702489233,0.0135120704592865,,,,,164.38178135682844,17.0,0.0588235294117647,1700.0,0.0005882352941176,1.7000000000000002,0.588235294117647,0.17,5.88235294117647,,,,
event_budget,17,A1->A2->A3->A4->A5->A6->A7->A8->A9->A10->A11->A12->A13->A14->A15->A16->A17,/opt/Projects/Soft2/NSGD/logs/sanitycheck_event_budget_L17_arr10.0_20260427_115338,/opt/Projects/Soft2/NSGD/results_figures/run_logs/event_budget_L17.log,1,1,node,A9,9.0,1451,62,1349,10,55,7,47,0.0427291523087525,0.0323914541695382,0.9297036526533424,0.0048242591316333,2.7007022840100783,0.4842740329575077,2.002698745003488,0.0159485738690397,0.1614898765417741,0.0362910556382687,,,,,164.38178135682844,17.0,0.0588235294117647,1700.0,0.0005882352941176,1.7000000000000002,0.588235294117647,0.17,5.88235294117647,,,,
event_budget,17,A1->A2->A3->A4->A5->A6->A7->A8->A9->A10->A11->A12->A13->A14->A15->A16->A17,/opt/Projects/Soft2/NSGD/logs/sanitycheck_event_budget_L17_arr10.0_20260427_115338,/opt/Projects/Soft2/NSGD/results_figures/run_logs/event_budget_L17.log,1,1,node,A10,10.0,1403,52,1295,11,49,3,59,0.037063435495367,0.0420527441197434,0.9230220955096222,0.0021382751247327,2.596460947179662,0.4842854813020483,1.9125566749271457,0.0194359467751606,0.1701333177538944,0.0100495264214129,,,,,164.38178135682844,17.0,0.0588235294117647,1700.0,0.0005882352941176,1.7000000000000002,0.588235294117647,0.17,5.88235294117647,,,,
event_budget,17,A1->A2->A3->A4->A5->A6->A7->A8->A9->A10->A11->A12->A13->A14->A15->A16->A17,/opt/Projects/Soft2/NSGD/logs/sanitycheck_event_budget_L17_arr10.0_20260427_115338,/opt/Projects/Soft2/NSGD/results_figures/run_logs/event_budget_L17.log,1,1,node,A11,11.0,1344,49,1247,9,48,1,49,0.0364583333333333,0.0364583333333333,0.9278273809523808,0.0007440476190476,2.447297729336351,0.4482680972208993,1.8442927389536643,0.0241835786368208,0.1252629537098948,0.0052903608150719,,,,,164.38178135682844,17.0,0.0588235294117647,1700.0,0.0005882352941176,1.7000000000000002,0.588235294117647,0.17,5.88235294117647,,,,
event_budget,17,A1->A2->A3->A4->A5->A6->A7->A8->A9->A10->A11->A12->A13->A14->A15->A16->A17,/opt/Projects/Soft2/NSGD/logs/sanitycheck_event_budget_L17_arr10.0_20260427_115338,/opt/Projects/Soft2/NSGD/results_figures/run_logs/event_budget_L17.log,1,1,node,A12,12.0,1295,50,1211,11,47,3,37,0.0386100386100386,0.0285714285714285,0.9351351351351352,0.0023166023166023,2.5011114500312743,0.4762071863996479,1.8485004277029824,0.0196957479183193,0.1562384067154382,0.0004696812948862,,,,,164.38178135682844,17.0,0.0588235294117647,1700.0,0.0005882352941176,1.7000000000000002,0.588235294117647,0.17,5.88235294117647,,,,
event_budget,17,A1->A2->A3->A4->A5->A6->A7->A8->A9->A10->A11->A12->A13->A14->A15->A16->A17,/opt/Projects/Soft2/NSGD/logs/sanitycheck_event_budget_L17_arr10.0_20260427_115338,/opt/Projects/Soft2/NSGD/results_figures/run_logs/event_budget_L17.log,1,1,node,A13,13.0,1258,43,1195,19,38,5,25,0.034181240063593,0.019872813990461,0.949920508744038,0.0039745627980922,2.912022393475545,0.4548652672876478,2.241906381975301,0.0340319826485427,0.1480479803995875,0.0331707811644662,,,,,164.38178135682844,17.0,0.0588235294117647,1700.0,0.0005882352941176,1.7000000000000002,0.588235294117647,0.17,5.88235294117647,,,,
event_budget,17,A1->A2->A3->A4->A5->A6->A7->A8->A9->A10->A11->A12->A13->A14->A15->A16->A17,/opt/Projects/Soft2/NSGD/logs/sanitycheck_event_budget_L17_arr10.0_20260427_115338,/opt/Projects/Soft2/NSGD/results_figures/run_logs/event_budget_L17.log,1,1,node,A14,14.0,1233,52,1153,5,51,1,29,0.0421735604217356,0.0235198702351987,0.935117599351176,0.0008110300081103,2.6677003750458312,0.411594241771635,2.0363970187748754,0.0101588047615351,0.2002123990133676,0.0093379107244178,,,,,164.38178135682844,17.0,0.0588235294117647,1700.0,0.0005882352941176,1.7000000000000002,0.588235294117647,0.17,5.88235294117647,,,,
event_budget,17,A1->A2->A3->A4->A5->A6->A7->A8->A9->A10->A11->A12->A13->A14->A15->A16->A17,/opt/Projects/Soft2/NSGD/logs/sanitycheck_event_budget_L17_arr10.0_20260427_115338,/opt/Projects/Soft2/NSGD/results_figures/run_logs/event_budget_L17.log,1,1,node,A15,15.0,1204,48,1124,8,46,2,34,0.0398671096345514,0.0282392026578073,0.9335548172757476,0.0016611295681063,2.581291505045694,0.4115343474899961,1.94383234427856,0.0278540479394066,0.1848483920540406,0.0132223732836907,,,,,164.38178135682844,17.0,0.0588235294117647,1700.0,0.0005882352941176,1.7000000000000002,0.588235294117647,0.17,5.88235294117647,,,,
event_budget,17,A1->A2->A3->A4->A5->A6->A7->A8->A9->A10->A11->A12->A13->A14->A15->A16->A17,/opt/Projects/Soft2/NSGD/logs/sanitycheck_event_budget_L17_arr10.0_20260427_115338,/opt/Projects/Soft2/NSGD/results_figures/run_logs/event_budget_L17.log,1,1,node,A16,16.0,1169,43,1107,8,40,3,22,0.0367835757057313,0.0188195038494439,0.9469632164242944,0.0025662959794696,2.5059923797911616,0.4213864735273767,1.9363005647717093,0.0088979633952053,0.1185734821251063,0.0208338959717636,,,,,164.38178135682844,17.0,0.0588235294117647,1700.0,0.0005882352941176,1.7000000000000002,0.588235294117647,0.17,5.88235294117647,,,,
event_budget,17,A1->A2->A3->A4->A5->A6->A7->A8->A9->A10->A11->A12->A13->A14->A15->A16->A17,/opt/Projects/Soft2/NSGD/logs/sanitycheck_event_budget_L17_arr10.0_20260427_115338,/opt/Projects/Soft2/NSGD/results_figures/run_logs/event_budget_L17.log,1,1,node,A17,17.0,1145,43,1067,7,39,4,39,0.0375545851528384,0.034061135371179,0.931877729257642,0.0034934497816593,2.3145778899197884,0.4078383013733722,1.733570147842713,0.0103446106713276,0.1409261567748336,0.0218986732575418,,,,,164.38178135682844,17.0,0.0588235294117647,1700.0,0.0005882352941176,1.7000000000000002,0.588235294117647,0.17,5.88235294117647,,,,
event_budget,18,A1->A2->A3->A4->A5->A6->A7->A8->A9->A10->A11->A12->A13->A14->A15->A16->A17->A18,/opt/Projects/Soft2/NSGD/logs/sanitycheck_event_budget_L18_arr10.0_20260427_115400,/opt/Projects/Soft2/NSGD/results_figures/run_logs/event_budget_L18.log,1,1,graph,ALL,,24243,968,22729,208,893,75,620,0.0399290516850224,0.0255743926081755,0.9375489832116488,0.0030936765251825,47.58166232413683,8.313852666462777,35.48631615593315,0.4362378868508006,3.130333372587768,0.2149222423023298,1647.0,22596.0,427.38946,432.7195139760447,157.8354168895109,18.0,0.0555555555555555,1800.0,0.0005555555555555,1.8,0.5555555555555556,0.18,5.555555555555555,1.0,0.01,10.0,100.0
event_budget,18,A1->A2->A3->A4->A5->A6->A7->A8->A9->A10->A11->A12->A13->A14->A15->A16->A17->A18,/opt/Projects/Soft2/NSGD/logs/sanitycheck_event_budget_L18_arr10.0_20260427_115400,/opt/Projects/Soft2/NSGD/results_figures/run_logs/event_budget_L18.log,1,1,node,A1,1.0,1647,66,1564,11,63,3,20,0.0400728597449908,0.0121432908318154,0.949605343047966,0.0018214936247723,3.295415391435049,0.5908667191806649,2.4255286259387807,0.0342136509139353,0.2426601566069406,0.0021462387947266,,,,,157.8354168895109,18.0,0.0555555555555555,1800.0,0.0005555555555555,1.8,0.5555555555555556,0.18,5.555555555555555,,,,
event_budget,18,A1->A2->A3->A4->A5->A6->A7->A8->A9->A10->A11->A12->A13->A14->A15->A16->A17->A18,/opt/Projects/Soft2/NSGD/logs/sanitycheck_event_budget_L18_arr10.0_20260427_115400,/opt/Projects/Soft2/NSGD/results_figures/run_logs/event_budget_L18.log,1,1,node,A2,2.0,1627,71,1499,12,67,4,61,0.043638598647818,0.0374923171481253,0.9213275968039336,0.002458512599877,2.7783073972556576,0.5423429404172948,1.9918854241915047,0.0162291349893881,0.2234611564989796,0.0043887411584898,,,,,157.8354168895109,18.0,0.0555555555555555,1800.0,0.0005555555555555,1.8,0.5555555555555556,0.18,5.555555555555555,,,,
event_budget,18,A1->A2->A3->A4->A5->A6->A7->A8->A9->A10->A11->A12->A13->A14->A15->A16->A17->A18,/opt/Projects/Soft2/NSGD/logs/sanitycheck_event_budget_L18_arr10.0_20260427_115400,/opt/Projects/Soft2/NSGD/results_figures/run_logs/event_budget_L18.log,1,1,node,A3,3.0,1566,61,1501,16,54,7,11,0.0389527458492975,0.0070242656449553,0.958492975734355,0.0044699872286079,2.960458809240406,0.5271265951861677,2.2110930434025526,0.041145611524798,0.1591619846568633,0.0219315744700237,,,,,157.8354168895109,18.0,0.0555555555555555,1800.0,0.0005555555555555,1.8,0.5555555555555556,0.18,5.555555555555555,,,,
event_budget,18,A1->A2->A3->A4->A5->A6->A7->A8->A9->A10->A11->A12->A13->A14->A15->A16->A17->A18,/opt/Projects/Soft2/NSGD/logs/sanitycheck_event_budget_L18_arr10.0_20260427_115400,/opt/Projects/Soft2/NSGD/results_figures/run_logs/event_budget_L18.log,1,1,node,A4,4.0,1554,54,1466,13,48,6,40,0.0347490347490347,0.0257400257400257,0.9433719433719434,0.0038610038610038,2.846542421556664,0.5274796522286415,2.051195690885656,0.0153812482051434,0.2350662878971335,0.0174195423400887,,,,,157.8354168895109,18.0,0.0555555555555555,1800.0,0.0005555555555555,1.8,0.5555555555555556,0.18,5.555555555555555,,,,
event_budget,18,A1->A2->A3->A4->A5->A6->A7->A8->A9->A10->A11->A12->A13->A14->A15->A16->A17->A18,/opt/Projects/Soft2/NSGD/logs/sanitycheck_event_budget_L18_arr10.0_20260427_115400,/opt/Projects/Soft2/NSGD/results_figures/run_logs/event_budget_L18.log,1,1,node,A5,5.0,1513,53,1434,7,50,3,29,0.0350297422339722,0.0191672174487772,0.9477858559154,0.0019828155981493,3.0068355226687986,0.5077796000918243,2.305888530560308,0.0094348761505827,0.1799052661924719,0.003827249673612,,,,,157.8354168895109,18.0,0.0555555555555555,1800.0,0.0005555555555555,1.8,0.5555555555555556,0.18,5.555555555555555,,,,
event_budget,18,A1->A2->A3->A4->A5->A6->A7->A8->A9->A10->A11->A12->A13->A14->A15->A16->A17->A18,/opt/Projects/Soft2/NSGD/logs/sanitycheck_event_budget_L18_arr10.0_20260427_115400,/opt/Projects/Soft2/NSGD/results_figures/run_logs/event_budget_L18.log,1,1,node,A6,6.0,1483,59,1393,11,54,5,35,0.0397842211732973,0.0236008091706001,0.9393122049898852,0.0033715441672285,2.8466530266021506,0.5144241341844474,2.125227174157972,0.0401527224674697,0.1597584888995588,0.0070905068927029,,,,,157.8354168895109,18.0,0.0555555555555555,1800.0,0.0005555555555555,1.8,0.5555555555555556,0.18,5.555555555555555,,,,
event_budget,18,A1->A2->A3->A4->A5->A6->A7->A8->A9->A10->A11->A12->A13->A14->A15->A16->A17->A18,/opt/Projects/Soft2/NSGD/logs/sanitycheck_event_budget_L18_arr10.0_20260427_115400,/opt/Projects/Soft2/NSGD/results_figures/run_logs/event_budget_L18.log,1,1,node,A7,7.0,1447,53,1370,11,49,4,28,0.0366275051831375,0.0193503800967519,0.9467864547339324,0.0027643400138217,2.928554559880551,0.4917231660651672,2.2197283553778435,0.0177079978094636,0.1860836985695877,0.0133113420584887,,,,,157.8354168895109,18.0,0.0555555555555555,1800.0,0.0005555555555555,1.8,0.5555555555555556,0.18,5.555555555555555,,,,
event_budget,18,A1->A2->A3->A4->A5->A6->A7->A8->A9->A10->A11->A12->A13->A14->A15->A16->A17->A18,/opt/Projects/Soft2/NSGD/logs/sanitycheck_event_budget_L18_arr10.0_20260427_115400,/opt/Projects/Soft2/NSGD/results_figures/run_logs/event_budget_L18.log,1,1,node,A8,8.0,1418,59,1317,11,54,5,47,0.041607898448519,0.0331452750352609,0.9287729196050776,0.0035260930888575,2.595869558810236,0.4960676207068222,1.8613678573339172,0.0097762152073588,0.2055786025957781,0.0230792629663593,,,,,157.8354168895109,18.0,0.0555555555555555,1800.0,0.0005555555555555,1.8,0.5555555555555556,0.18,5.555555555555555,,,,
event_budget,18,A1->A2->A3->A4->A5->A6->A7->A8->A9->A10->A11->A12->A13->A14->A15->A16->A17->A18,/opt/Projects/Soft2/NSGD/logs/sanitycheck_event_budget_L18_arr10.0_20260427_115400,/opt/Projects/Soft2/NSGD/results_figures/run_logs/event_budget_L18.log,1,1,node,A9,9.0,1370,51,1275,14,48,3,47,0.0372262773722627,0.0343065693430656,0.9306569343065694,0.0021897810218978,2.4281821874168834,0.4545433471590579,1.7676173220427427,0.0350628833100121,0.1630992877429427,0.007859347162128,,,,,157.8354168895109,18.0,0.0555555555555555,1800.0,0.0005555555555555,1.8,0.5555555555555556,0.18,5.555555555555555,,,,
event_budget,18,A1->A2->A3->A4->A5->A6->A7->A8->A9->A10->A11->A12->A13->A14->A15->A16->A17->A18,/opt/Projects/Soft2/NSGD/logs/sanitycheck_event_budget_L18_arr10.0_20260427_115400,/opt/Projects/Soft2/NSGD/results_figures/run_logs/event_budget_L18.log,1,1,node,A10,10.0,1322,68,1227,17,59,9,36,0.0514372163388804,0.0272314674735249,0.9281391830559758,0.0068078668683812,2.693149552933634,0.4608541010998558,1.9779491010810235,0.0528139872590104,0.1761697763448229,0.0253625871489212,,,,,157.8354168895109,18.0,0.0555555555555555,1800.0,0.0005555555555555,1.8,0.5555555555555556,0.18,5.555555555555555,,,,
event_budget,18,A1->A2->A3->A4->A5->A6->A7->A8->A9->A10->A11->A12->A13->A14->A15->A16->A17->A18,/opt/Projects/Soft2/NSGD/logs/sanitycheck_event_budget_L18_arr10.0_20260427_115400,/opt/Projects/Soft2/NSGD/results_figures/run_logs/event_budget_L18.log,1,1,node,A11,11.0,1286,48,1216,13,44,4,26,0.0373250388802488,0.0202177293934681,0.9455676516329704,0.0031104199066874,2.4729396286858703,0.4300961263981621,1.8906418000004483,0.0158139626731732,0.119796760068947,0.0165909795451385,,,,,157.8354168895109,18.0,0.0555555555555555,1800.0,0.0005555555555555,1.8,0.5555555555555556,0.18,5.555555555555555,,,,
event_budget,18,A1->A2->A3->A4->A5->A6->A7->A8->A9->A10->A11->A12->A13->A14->A15->A16->A17->A18,/opt/Projects/Soft2/NSGD/logs/sanitycheck_event_budget_L18_arr10.0_20260427_115400,/opt/Projects/Soft2/NSGD/results_figures/run_logs/event_budget_L18.log,1,1,node,A12,12.0,1259,53,1179,12,48,5,32,0.0420969023034154,0.0254169976171564,0.9364575059571087,0.0039714058776806,2.494528287370859,0.4563458413415341,1.857152909178721,0.0214879885061626,0.1431542748656952,0.0163872734787465,,,,,157.8354168895109,18.0,0.0555555555555555,1800.0,0.0005555555555555,1.8,0.5555555555555556,0.18,5.555555555555555,,,,
event_budget,18,A1->A2->A3->A4->A5->A6->A7->A8->A9->A10->A11->A12->A13->A14->A15->A16->A17->A18,/opt/Projects/Soft2/NSGD/logs/sanitycheck_event_budget_L18_arr10.0_20260427_115400,/opt/Projects/Soft2/NSGD/results_figures/run_logs/event_budget_L18.log,1,1,node,A13,13.0,1226,43,1148,10,42,1,36,0.0350734094616639,0.0293637846655791,0.936378466557912,0.0008156606851549,2.7151551041410893,0.4334326337918125,2.077527631062789,0.018009027880299,0.1832809678209394,0.002904843585249,,,,,157.8354168895109,18.0,0.0555555555555555,1800.0,0.0005555555555555,1.8,0.5555555555555556,0.18,5.555555555555555,,,,
event_budget,18,A1->A2->A3->A4->A5->A6->A7->A8->A9->A10->A11->A12->A13->A14->A15->A16->A17->A18,/opt/Projects/Soft2/NSGD/logs/sanitycheck_event_budget_L18_arr10.0_20260427_115400,/opt/Projects/Soft2/NSGD/results_figures/run_logs/event_budget_L18.log,1,1,node,A14,14.0,1189,42,1100,11,39,3,50,0.0353238015138772,0.0420521446593776,0.9251471825063078,0.0025231286795626,2.3507725561635677,0.3855109571945809,1.777979457508629,0.0278848937558208,0.145520578230679,0.0138766694738577,,,,,157.8354168895109,18.0,0.0555555555555555,1800.0,0.0005555555555555,1.8,0.5555555555555556,0.18,5.555555555555555,,,,
event_budget,18,A1->A2->A3->A4->A5->A6->A7->A8->A9->A10->A11->A12->A13->A14->A15->A16->A17->A18,/opt/Projects/Soft2/NSGD/logs/sanitycheck_event_budget_L18_arr10.0_20260427_115400,/opt/Projects/Soft2/NSGD/results_figures/run_logs/event_budget_L18.log,1,1,node,A15,15.0,1137,50,1045,10,49,1,43,0.0439753737906772,0.0378188214599824,0.919085312225154,0.0008795074758135,2.5352855990728416,0.374732981758252,1.925576374743449,0.0334364494207889,0.1978611120242256,0.0036786811261263,,,,,157.8354168895109,18.0,0.0555555555555555,1800.0,0.0005555555555555,1.8,0.5555555555555556,0.18,5.555555555555555,,,,
event_budget,18,A1->A2->A3->A4->A5->A6->A7->A8->A9->A10->A11->A12->A13->A14->A15->A16->A17->A18,/opt/Projects/Soft2/NSGD/logs/sanitycheck_event_budget_L18_arr10.0_20260427_115400,/opt/Projects/Soft2/NSGD/results_figures/run_logs/event_budget_L18.log,1,1,node,A16,16.0,1093,46,1027,10,43,3,23,0.0420860018298261,0.021043000914913,0.939615736505032,0.0027447392497712,2.3054325793836004,0.3861473002722038,1.753398266852619,0.0121574429701385,0.1496299588524637,0.0040996104361755,,,,,157.8354168895109,18.0,0.0555555555555555,1800.0,0.0005555555555555,1.8,0.5555555555555556,0.18,5.555555555555555,,,,
event_budget,18,A1->A2->A3->A4->A5->A6->A7->A8->A9->A10->A11->A12->A13->A14->A15->A16->A17->A18,/opt/Projects/Soft2/NSGD/logs/sanitycheck_event_budget_L18_arr10.0_20260427_115400,/opt/Projects/Soft2/NSGD/results_figures/run_logs/event_budget_L18.log,1,1,node,A17,17.0,1069,50,990,8,47,3,32,0.0467726847521047,0.029934518241347,0.9260991580916744,0.0028063610851262,2.146157111234781,0.3707994825379553,1.5874878567644128,0.015830041430973,0.16778790911028,0.0042518213911598,,,,,157.8354168895109,18.0,0.0555555555555555,1800.0,0.0005555555555555,1.8,0.5555555555555556,0.18,5.555555555555555,,,,
event_budget,18,A1->A2->A3->A4->A5->A6->A7->A8->A9->A10->A11->A12->A13->A14->A15->A16->A17->A18,/opt/Projects/Soft2/NSGD/logs/sanitycheck_event_budget_L18_arr10.0_20260427_115400,/opt/Projects/Soft2/NSGD/results_figures/run_logs/event_budget_L18.log,1,1,node,A18,18.0,1037,41,978,11,35,6,24,0.0395371263259402,0.0231436837029893,0.9431051108968176,0.0057859209257473,2.1814230302841957,0.3635794668483317,1.6790707348497886,0.0196997523762818,0.0923571056094584,0.0267159706003348,,,,,157.8354168895109,18.0,0.0555555555555555,1800.0,0.0005555555555555,1.8,0.5555555555555556,0.18,5.555555555555555,,,,
event_budget,19,A1->A2->A3->A4->A5->A6->A7->A8->A9->A10->A11->A12->A13->A14->A15->A16->A17->A18->A19,/opt/Projects/Soft2/NSGD/logs/sanitycheck_event_budget_L19_arr10.0_20260427_115425,/opt/Projects/Soft2/NSGD/results_figures/run_logs/event_budget_L19.log,1,1,graph,ALL,,24298,970,22674,204,894,76,730,0.0399209811507119,0.030043624989711,0.9331632233105606,0.0031278294509836,48.17103485954976,7.951928367560521,36.5650193904813,0.4284016898079736,2.924872439506652,0.3008129721933074,1627.0,22672.0,418.2233,421.9209438260576,155.77789759781942,19.0,0.0526315789473684,1900.0,0.0005263157894736,1.9,0.5263157894736842,0.19,5.2631578947368425,1.0,0.01,10.0,100.0
event_budget,19,A1->A2->A3->A4->A5->A6->A7->A8->A9->A10->A11->A12->A13->A14->A15->A16->A17->A18->A19,/opt/Projects/Soft2/NSGD/logs/sanitycheck_event_budget_L19_arr10.0_20260427_115425,/opt/Projects/Soft2/NSGD/results_figures/run_logs/event_budget_L19.log,1,1,node,A1,1.0,1627,68,1536,13,57,11,34,0.0417947141979102,0.0208973570989551,0.9440688383527964,0.0067609096496619,3.0313600091937216,0.5510783594901977,2.2324223948675765,0.0129354427789835,0.2009888085226709,0.0339350035342933,,,,,155.77789759781942,19.0,0.0526315789473684,1900.0,0.0005263157894736,1.9,0.5263157894736842,0.19,5.2631578947368425,,,,
event_budget,19,A1->A2->A3->A4->A5->A6->A7->A8->A9->A10->A11->A12->A13->A14->A15->A16->A17->A18->A19,/opt/Projects/Soft2/NSGD/logs/sanitycheck_event_budget_L19_arr10.0_20260427_115425,/opt/Projects/Soft2/NSGD/results_figures/run_logs/event_budget_L19.log,1,1,node,A2,2.0,1593,66,1495,16,57,9,41,0.0414312617702448,0.0257376020087884,0.938480853735091,0.0056497175141242,2.9811351999341507,0.5165879106953327,2.253158304855656,0.0165727521074553,0.1621886447940166,0.0326275874816901,,,,,155.77789759781942,19.0,0.0526315789473684,1900.0,0.0005263157894736,1.9,0.5263157894736842,0.19,5.2631578947368425,,,,
event_budget,19,A1->A2->A3->A4->A5->A6->A7->A8->A9->A10->A11->A12->A13->A14->A15->A16->A17->A18->A19,/opt/Projects/Soft2/NSGD/logs/sanitycheck_event_budget_L19_arr10.0_20260427_115425,/opt/Projects/Soft2/NSGD/results_figures/run_logs/event_budget_L19.log,1,1,node,A3,3.0,1552,47,1481,12,44,3,27,0.0302835051546391,0.0173969072164948,0.9542525773195876,0.0019329896907216,2.7155549524053324,0.4958326075034673,2.0456416798746195,0.0322672952305091,0.1327390750999016,0.0090742946968344,,,,,155.77789759781942,19.0,0.0526315789473684,1900.0,0.0005263157894736,1.9,0.5263157894736842,0.19,5.2631578947368425,,,,
event_budget,19,A1->A2->A3->A4->A5->A6->A7->A8->A9->A10->A11->A12->A13->A14->A15->A16->A17->A18->A19,/opt/Projects/Soft2/NSGD/logs/sanitycheck_event_budget_L19_arr10.0_20260427_115425,/opt/Projects/Soft2/NSGD/results_figures/run_logs/event_budget_L19.log,1,1,node,A4,4.0,1525,54,1463,15,50,4,12,0.0354098360655737,0.0078688524590163,0.959344262295082,0.0026229508196721,3.086836961117122,0.5052106332524515,2.311809696543772,0.0569760656946941,0.1907313823161674,0.0221091833100373,,,,,155.77789759781942,19.0,0.0526315789473684,1900.0,0.0005263157894736,1.9,0.5263157894736842,0.19,5.2631578947368425,,,,
event_budget,19,A1->A2->A3->A4->A5->A6->A7->A8->A9->A10->A11->A12->A13->A14->A15->A16->A17->A18->A19,/opt/Projects/Soft2/NSGD/logs/sanitycheck_event_budget_L19_arr10.0_20260427_115425,/opt/Projects/Soft2/NSGD/results_figures/run_logs/event_budget_L19.log,1,1,node,A5,5.0,1511,42,1446,9,39,3,26,0.0277961614824619,0.0172071475843812,0.956982131039047,0.0019854401058901,2.870831329044184,0.4874653400932073,2.2216769464064807,0.017220461148959,0.1212679748450193,0.0232006065505174,,,,,155.77789759781942,19.0,0.0526315789473684,1900.0,0.0005263157894736,1.9,0.5263157894736842,0.19,5.2631578947368425,,,,
event_budget,19,A1->A2->A3->A4->A5->A6->A7->A8->A9->A10->A11->A12->A13->A14->A15->A16->A17->A18->A19,/opt/Projects/Soft2/NSGD/logs/sanitycheck_event_budget_L19_arr10.0_20260427_115425,/opt/Projects/Soft2/NSGD/results_figures/run_logs/event_budget_L19.log,1,1,node,A6,6.0,1484,59,1377,16,52,7,55,0.0397574123989218,0.0370619946091644,0.9278975741239892,0.0047169811320754,2.8744447320502684,0.4837337761352367,2.171161251324407,0.026542256044138,0.1605527959191139,0.0324546526273725,,,,,155.77789759781942,19.0,0.0526315789473684,1900.0,0.0005263157894736,1.9,0.5263157894736842,0.19,5.2631578947368425,,,,
event_budget,19,A1->A2->A3->A4->A5->A6->A7->A8->A9->A10->A11->A12->A13->A14->A15->A16->A17->A18->A19,/opt/Projects/Soft2/NSGD/logs/sanitycheck_event_budget_L19_arr10.0_20260427_115425,/opt/Projects/Soft2/NSGD/results_figures/run_logs/event_budget_L19.log,1,1,node,A7,7.0,1429,61,1332,13,58,3,39,0.0426871938418474,0.0272918124562631,0.9321203638908327,0.0020993701889433,2.7739477876311533,0.4637142416235019,2.067280683482485,0.0533275083916843,0.1862814737230994,0.003343880410382,,,,,155.77789759781942,19.0,0.0526315789473684,1900.0,0.0005263157894736,1.9,0.5263157894736842,0.19,5.2631578947368425,,,,
event_budget,19,A1->A2->A3->A4->A5->A6->A7->A8->A9->A10->A11->A12->A13->A14->A15->A16->A17->A18->A19,/opt/Projects/Soft2/NSGD/logs/sanitycheck_event_budget_L19_arr10.0_20260427_115425,/opt/Projects/Soft2/NSGD/results_figures/run_logs/event_budget_L19.log,1,1,node,A8,8.0,1390,60,1273,10,56,4,61,0.0431654676258992,0.0438848920863309,0.9158273381294963,0.0028776978417266,2.627673207939154,0.4593885061267228,1.9356977238506772,0.0120276752434811,0.1954476560716869,0.0251116466465853,,,,,155.77789759781942,19.0,0.0526315789473684,1900.0,0.0005263157894736,1.9,0.5263157894736842,0.19,5.2631578947368425,,,,
event_budget,19,A1->A2->A3->A4->A5->A6->A7->A8->A9->A10->A11->A12->A13->A14->A15->A16->A17->A18->A19,/opt/Projects/Soft2/NSGD/logs/sanitycheck_event_budget_L19_arr10.0_20260427_115425,/opt/Projects/Soft2/NSGD/results_figures/run_logs/event_budget_L19.log,1,1,node,A9,9.0,1329,53,1243,17,45,8,41,0.0398796087283672,0.0308502633559066,0.9352896914973664,0.0060195635816403,2.2985433365334225,0.4256540092863689,1.675133126065671,0.0244807893389684,0.1400812643896427,0.0331941474527714,,,,,155.77789759781942,19.0,0.0526315789473684,1900.0,0.0005263157894736,1.9,0.5263157894736842,0.19,5.2631578947368425,,,,
event_budget,19,A1->A2->A3->A4->A5->A6->A7->A8->A9->A10->A11->A12->A13->A14->A15->A16->A17->A18->A19,/opt/Projects/Soft2/NSGD/logs/sanitycheck_event_budget_L19_arr10.0_20260427_115425,/opt/Projects/Soft2/NSGD/results_figures/run_logs/event_budget_L19.log,1,1,node,A10,10.0,1287,48,1188,8,46,2,53,0.0372960372960372,0.0411810411810411,0.9230769230769232,0.0015540015540015,2.2973839691034894,0.4220377481544538,1.7043832241914878,0.0160061438847332,0.1515450146078778,0.0034118382649366,,,,,155.77789759781942,19.0,0.0526315789473684,1900.0,0.0005263157894736,1.9,0.5263157894736842,0.19,5.2631578947368425,,,,
event_budget,19,A1->A2->A3->A4->A5->A6->A7->A8->A9->A10->A11->A12->A13->A14->A15->A16->A17->A18->A19,/opt/Projects/Soft2/NSGD/logs/sanitycheck_event_budget_L19_arr10.0_20260427_115425,/opt/Projects/Soft2/NSGD/results_figures/run_logs/event_budget_L19.log,1,1,node,A11,11.0,1233,55,1141,9,52,3,40,0.0446066504460665,0.032441200324412,0.9253852392538524,0.0024330900243309,2.2853003460873267,0.3885290755606537,1.7388420124102637,0.0179199955223331,0.1322662006725428,0.0077430619215337,,,,,155.77789759781942,19.0,0.0526315789473684,1900.0,0.0005263157894736,1.9,0.5263157894736842,0.19,5.2631578947368425,,,,
event_budget,19,A1->A2->A3->A4->A5->A6->A7->A8->A9->A10->A11->A12->A13->A14->A15->A16->A17->A18->A19,/opt/Projects/Soft2/NSGD/logs/sanitycheck_event_budget_L19_arr10.0_20260427_115425,/opt/Projects/Soft2/NSGD/results_figures/run_logs/event_budget_L19.log,1,1,node,A12,12.0,1192,51,1095,3,51,0,46,0.0427852348993288,0.0385906040268456,0.9186241610738256,0.0,2.3859789385835874,0.4097219750416646,1.821858328865358,0.0024834963389191,0.1519151383376458,0.0,,,,,155.77789759781942,19.0,0.0526315789473684,1900.0,0.0005263157894736,1.9,0.5263157894736842,0.19,5.2631578947368425,,,,
event_budget,19,A1->A2->A3->A4->A5->A6->A7->A8->A9->A10->A11->A12->A13->A14->A15->A16->A17->A18->A19,/opt/Projects/Soft2/NSGD/logs/sanitycheck_event_budget_L19_arr10.0_20260427_115425,/opt/Projects/Soft2/NSGD/results_figures/run_logs/event_budget_L19.log,1,1,node,A13,13.0,1145,50,1054,7,46,4,45,0.0436681222707423,0.0393013100436681,0.9205240174672488,0.0034934497816593,2.5546727620045835,0.3842996977602867,1.973357716258384,0.0055181471722264,0.1863851062502026,0.0051120945634834,,,,,155.77789759781942,19.0,0.0526315789473684,1900.0,0.0005263157894736,1.9,0.5263157894736842,0.19,5.2631578947368425,,,,
event_budget,19,A1->A2->A3->A4->A5->A6->A7->A8->A9->A10->A11->A12->A13->A14->A15->A16->A17->A18->A19,/opt/Projects/Soft2/NSGD/logs/sanitycheck_event_budget_L19_arr10.0_20260427_115425,/opt/Projects/Soft2/NSGD/results_figures/run_logs/event_budget_L19.log,1,1,node,A14,14.0,1100,41,1014,10,38,3,48,0.0372727272727272,0.0436363636363636,0.921818181818182,0.0027272727272727,2.1237552154002177,0.3392376412096022,1.6030793832396182,0.0383032763626918,0.1281615170792505,0.0149733975090547,,,,,155.77789759781942,19.0,0.0526315789473684,1900.0,0.0005263157894736,1.9,0.5263157894736842,0.19,5.2631578947368425,,,,
event_budget,19,A1->A2->A3->A4->A5->A6->A7->A8->A9->A10->A11->A12->A13->A14->A15->A16->A17->A18->A19,/opt/Projects/Soft2/NSGD/logs/sanitycheck_event_budget_L19_arr10.0_20260427_115425,/opt/Projects/Soft2/NSGD/results_figures/run_logs/event_budget_L19.log,1,1,node,A15,15.0,1050,56,956,9,52,4,42,0.0533333333333333,0.04,0.9104761904761904,0.0038095238095238,2.399956368343837,0.330107658228635,1.8413044879352725,0.0119257462661311,0.1928642026426443,0.0237542732711543,,,,,155.77789759781942,19.0,0.0526315789473684,1900.0,0.0005263157894736,1.9,0.5263157894736842,0.19,5.2631578947368425,,,,
event_budget,19,A1->A2->A3->A4->A5->A6->A7->A8->A9->A10->A11->A12->A13->A14->A15->A16->A17->A18->A19,/opt/Projects/Soft2/NSGD/logs/sanitycheck_event_budget_L19_arr10.0_20260427_115425,/opt/Projects/Soft2/NSGD/results_figures/run_logs/event_budget_L19.log,1,1,node,A16,16.0,1008,42,941,11,40,2,27,0.0416666666666666,0.0267857142857142,0.933531746031746,0.0019841269841269,2.250426709773764,0.3382114960636635,1.7563954398233226,0.0229300588267414,0.1230404963441075,0.0098492187159281,,,,,155.77789759781942,19.0,0.0526315789473684,1900.0,0.0005263157894736,1.9,0.5263157894736842,0.19,5.2631578947368425,,,,
event_budget,19,A1->A2->A3->A4->A5->A6->A7->A8->A9->A10->A11->A12->A13->A14->A15->A16->A17->A18->A19,/opt/Projects/Soft2/NSGD/logs/sanitycheck_event_budget_L19_arr10.0_20260427_115425,/opt/Projects/Soft2/NSGD/results_figures/run_logs/event_budget_L19.log,1,1,node,A17,17.0,980,46,904,11,44,2,32,0.046938775510204,0.0326530612244898,0.9224489795918368,0.0020408163265306,2.2283578962386184,0.3283144598017843,1.7197107569378889,0.0296422805680735,0.1376665284516825,0.0130238704791893,,,,,155.77789759781942,19.0,0.0526315789473684,1900.0,0.0005263157894736,1.9,0.5263157894736842,0.19,5.2631578947368425,,,,
event_budget,19,A1->A2->A3->A4->A5->A6->A7->A8->A9->A10->A11->A12->A13->A14->A15->A16->A17->A18->A19,/opt/Projects/Soft2/NSGD/logs/sanitycheck_event_budget_L19_arr10.0_20260427_115425,/opt/Projects/Soft2/NSGD/results_figures/run_logs/event_budget_L19.log,1,1,node,A18,18.0,948,40,878,8,37,3,33,0.0421940928270042,0.0348101265822784,0.9261603375527426,0.0031645569620253,2.1859771902103504,0.3196265223454846,1.7358718912967053,0.0185415839657478,0.1073066692233654,0.004630523379047,,,,,155.77789759781942,19.0,0.0526315789473684,1900.0,0.0005263157894736,1.9,0.5263157894736842,0.19,5.2631578947368425,,,,
event_budget,19,A1->A2->A3->A4->A5->A6->A7->A8->A9->A10->A11->A12->A13->A14->A15->A16->A17->A18->A19,/opt/Projects/Soft2/NSGD/logs/sanitycheck_event_budget_L19_arr10.0_20260427_115425,/opt/Projects/Soft2/NSGD/results_figures/run_logs/event_budget_L19.log,1,1,node,A19,19.0,915,31,857,7,30,1,28,0.033879781420765,0.0306010928961748,0.9366120218579236,0.0010928961748633,2.1988979479554795,0.3031767091878055,1.7562343422516622,0.0127807149215026,0.123442490216013,0.0032636913784958,,,,,155.77789759781942,19.0,0.0526315789473684,1900.0,0.0005263157894736,1.9,0.5263157894736842,0.19,5.2631578947368425,,,,
event_budget,20,A1->A2->A3->A4->A5->A6->A7->A8->A9->A10->A11->A12->A13->A14->A15->A16->A17->A18->A19->A20,/opt/Projects/Soft2/NSGD/logs/sanitycheck_event_budget_L20_arr10.0_20260427_115451,/opt/Projects/Soft2/NSGD/results_figures/run_logs/event_budget_L20.log,1,1,graph,ALL,,24216,1074,22438,215,994,80,784,0.0443508424182358,0.0323752890650809,0.9265774694416914,0.0033036009250082,48.04969067149093,7.55482083215255,36.58721012846389,0.4464594934906411,3.1834066132563343,0.2777936041275201,1621.0,22596.0,438.06618,446.387561381837,155.1589699681468,20.0,0.05,2000.0,0.0005,2.0,0.5,0.2,4.999999999999999,1.0,0.01,10.0,100.0
event_budget,20,A1->A2->A3->A4->A5->A6->A7->A8->A9->A10->A11->A12->A13->A14->A15->A16->A17->A18->A19->A20,/opt/Projects/Soft2/NSGD/logs/sanitycheck_event_budget_L20_arr10.0_20260427_115451,/opt/Projects/Soft2/NSGD/results_figures/run_logs/event_budget_L20.log,1,1,node,A1,1.0,1621,61,1532,17,51,10,38,0.0376310919185687,0.0234423195558297,0.945095619987662,0.0061690314620604,3.065480077728188,0.5211579054295071,2.3172299943655683,0.0185249020705143,0.1829593093463132,0.0256079665162845,,,,,155.1589699681468,20.0,0.05,2000.0,0.0005,2.0,0.5,0.2,5.0,,,,
event_budget,20,A1->A2->A3->A4->A5->A6->A7->A8->A9->A10->A11->A12->A13->A14->A15->A16->A17->A18->A19->A20,/opt/Projects/Soft2/NSGD/logs/sanitycheck_event_budget_L20_arr10.0_20260427_115451,/opt/Projects/Soft2/NSGD/results_figures/run_logs/event_budget_L20.log,1,1,node,A2,2.0,1582,79,1466,16,68,11,48,0.0499367888748419,0.0303413400758533,0.9266750948166876,0.006953223767383,2.742059102832591,0.4852029661404922,2.0218197348532243,0.0123563181906471,0.1836806953586815,0.0389993882895459,,,,,155.1589699681468,20.0,0.05,2000.0,0.0005,2.0,0.5,0.2,5.0,,,,
event_budget,20,A1->A2->A3->A4->A5->A6->A7->A8->A9->A10->A11->A12->A13->A14->A15->A16->A17->A18->A19->A20,/opt/Projects/Soft2/NSGD/logs/sanitycheck_event_budget_L20_arr10.0_20260427_115451,/opt/Projects/Soft2/NSGD/results_figures/run_logs/event_budget_L20.log,1,1,node,A3,3.0,1534,63,1446,8,61,2,27,0.0410691003911342,0.0176010430247718,0.9426336375488916,0.0013037809647979,2.63158862317396,0.4673799255129948,1.961332730571483,0.013246157023964,0.1829816391256239,0.0066481709398938,,,,,155.1589699681468,20.0,0.05,2000.0,0.0005,2.0,0.5,0.2,5.0,,,,
event_budget,20,A1->A2->A3->A4->A5->A6->A7->A8->A9->A10->A11->A12->A13->A14->A15->A16->A17->A18->A19->A20,/opt/Projects/Soft2/NSGD/logs/sanitycheck_event_budget_L20_arr10.0_20260427_115451,/opt/Projects/Soft2/NSGD/results_figures/run_logs/event_budget_L20.log,1,1,node,A4,4.0,1505,62,1394,12,59,3,52,0.0411960132890365,0.0345514950166113,0.9262458471760796,0.0019933554817275,2.779442915268337,0.4640485829907762,2.030512303550545,0.0228133077724393,0.2488704077520236,0.0131983132025521,,,,,155.1589699681468,20.0,0.05,2000.0,0.0005,2.0,0.5,0.2,5.0,,,,
event_budget,20,A1->A2->A3->A4->A5->A6->A7->A8->A9->A10->A11->A12->A13->A14->A15->A16->A17->A18->A19->A20,/opt/Projects/Soft2/NSGD/logs/sanitycheck_event_budget_L20_arr10.0_20260427_115451,/opt/Projects/Soft2/NSGD/results_figures/run_logs/event_budget_L20.log,1,1,node,A5,5.0,1450,62,1345,8,61,1,44,0.0427586206896551,0.0303448275862068,0.9275862068965516,0.0006896551724137,2.770643334557184,0.4416729021024991,2.09494118478069,0.0146916221330759,0.2166588449111803,0.0026787806297379,,,,,155.1589699681468,20.0,0.05,2000.0,0.0005,2.0,0.5,0.2,5.0,,,,
event_budget,20,A1->A2->A3->A4->A5->A6->A7->A8->A9->A10->A11->A12->A13->A14->A15->A16->A17->A18->A19->A20,/opt/Projects/Soft2/NSGD/logs/sanitycheck_event_budget_L20_arr10.0_20260427_115451,/opt/Projects/Soft2/NSGD/results_figures/run_logs/event_budget_L20.log,1,1,node,A6,6.0,1405,66,1277,7,66,0,62,0.0469750889679715,0.0441281138790035,0.908896797153025,0.0,2.76548404683855,0.4397949446730999,2.0973570422836216,0.0188869798865514,0.2094450799952776,0.0,,,,,155.1589699681468,20.0,0.05,2000.0,0.0005,2.0,0.5,0.2,5.0,,,,
event_budget,20,A1->A2->A3->A4->A5->A6->A7->A8->A9->A10->A11->A12->A13->A14->A15->A16->A17->A18->A19->A20,/opt/Projects/Soft2/NSGD/logs/sanitycheck_event_budget_L20_arr10.0_20260427_115451,/opt/Projects/Soft2/NSGD/results_figures/run_logs/event_budget_L20.log,1,1,node,A7,7.0,1342,66,1231,14,57,9,54,0.0491803278688524,0.0402384500745156,0.9172876304023844,0.0067064083457526,2.5306435369371973,0.4079536131779069,1.890964024573788,0.0230033743905239,0.1871794426796648,0.0215430821153142,,,,,155.1589699681468,20.0,0.05,2000.0,0.0005,2.0,0.5,0.2,5.0,,,,
event_budget,20,A1->A2->A3->A4->A5->A6->A7->A8->A9->A10->A11->A12->A13->A14->A15->A16->A17->A18->A19->A20,/opt/Projects/Soft2/NSGD/logs/sanitycheck_event_budget_L20_arr10.0_20260427_115451,/opt/Projects/Soft2/NSGD/results_figures/run_logs/event_budget_L20.log,1,1,node,A8,8.0,1288,58,1201,12,53,5,34,0.0450310559006211,0.0263975155279503,0.9324534161490684,0.0038819875776397,2.466867023752867,0.4129500313285618,1.8354076406441957,0.0194471729229445,0.1851209317893012,0.0139412470678641,,,,,155.1589699681468,20.0,0.05,2000.0,0.0005,2.0,0.5,0.2,5.0,,,,
event_budget,20,A1->A2->A3->A4->A5->A6->A7->A8->A9->A10->A11->A12->A13->A14->A15->A16->A17->A18->A19->A20,/opt/Projects/Soft2/NSGD/logs/sanitycheck_event_budget_L20_arr10.0_20260427_115451,/opt/Projects/Soft2/NSGD/results_figures/run_logs/event_budget_L20.log,1,1,node,A9,9.0,1254,55,1154,14,50,5,50,0.043859649122807,0.0398724082934609,0.920255183413078,0.003987240829346,2.2996742761952254,0.3762021541858549,1.731162460363654,0.0327698963019138,0.1449422240400174,0.0145975413037851,,,,,155.1589699681468,20.0,0.05,2000.0,0.0005,2.0,0.5,0.2,5.0,,,,
event_budget,20,A1->A2->A3->A4->A5->A6->A7->A8->A9->A10->A11->A12->A13->A14->A15->A16->A17->A18->A19->A20,/opt/Projects/Soft2/NSGD/logs/sanitycheck_event_budget_L20_arr10.0_20260427_115451,/opt/Projects/Soft2/NSGD/results_figures/run_logs/event_budget_L20.log,1,1,node,A10,10.0,1204,59,1123,13,54,5,27,0.0490033222591362,0.0224252491694352,0.9327242524916944,0.0041528239202657,2.487299623360105,0.3840887021860047,1.904071268041795,0.0253928832814865,0.1654484822188623,0.0082982876319559,,,,,155.1589699681468,20.0,0.05,2000.0,0.0005,2.0,0.5,0.2,5.0,,,,
event_budget,20,A1->A2->A3->A4->A5->A6->A7->A8->A9->A10->A11->A12->A13->A14->A15->A16->A17->A18->A19->A20,/opt/Projects/Soft2/NSGD/logs/sanitycheck_event_budget_L20_arr10.0_20260427_115451,/opt/Projects/Soft2/NSGD/results_figures/run_logs/event_budget_L20.log,1,1,node,A11,11.0,1176,47,1080,6,45,2,51,0.0399659863945578,0.0433673469387755,0.9183673469387756,0.0017006802721088,2.108851398813398,0.3500887808812968,1.6313668690736935,0.0085799347407876,0.1144495029242975,0.0043663111933219,,,,,155.1589699681468,20.0,0.05,2000.0,0.0005,2.0,0.5,0.2,5.0,,,,
event_budget,20,A1->A2->A3->A4->A5->A6->A7->A8->A9->A10->A11->A12->A13->A14->A15->A16->A17->A18->A19->A20,/opt/Projects/Soft2/NSGD/logs/sanitycheck_event_budget_L20_arr10.0_20260427_115451,/opt/Projects/Soft2/NSGD/results_figures/run_logs/event_budget_L20.log,1,1,node,A12,12.0,1124,45,1050,12,43,2,31,0.0400355871886121,0.0275800711743772,0.9341637010676156,0.0017793594306049,2.291436108445557,0.3671996040789575,1.7723064904305157,0.0139182586213885,0.1270755033248994,0.0109362519897961,,,,,155.1589699681468,20.0,0.05,2000.0,0.0005,2.0,0.5,0.2,5.0,,,,
event_budget,20,A1->A2->A3->A4->A5->A6->A7->A8->A9->A10->A11->A12->A13->A14->A15->A16->A17->A18->A19->A20,/opt/Projects/Soft2/NSGD/logs/sanitycheck_event_budget_L20_arr10.0_20260427_115451,/opt/Projects/Soft2/NSGD/results_figures/run_logs/event_budget_L20.log,1,1,node,A13,13.0,1092,44,1012,6,43,1,37,0.0402930402930402,0.0338827838827838,0.9267399267399268,0.0009157509157509,2.5179918432811337,0.3525383507040783,1.9844824714420144,0.0135977846381989,0.1602681605194928,0.0071050759773496,,,,,155.1589699681468,20.0,0.05,2000.0,0.0005,2.0,0.5,0.2,5.0,,,,
event_budget,20,A1->A2->A3->A4->A5->A6->A7->A8->A9->A10->A11->A12->A13->A14->A15->A16->A17->A18->A19->A20,/opt/Projects/Soft2/NSGD/logs/sanitycheck_event_budget_L20_arr10.0_20260427_115451,/opt/Projects/Soft2/NSGD/results_figures/run_logs/event_budget_L20.log,1,1,node,A14,14.0,1055,41,982,12,39,2,34,0.0388625592417061,0.0322274881516587,0.9308056872037914,0.0018957345971563,2.146890520122495,0.315528423813996,1.6529839852006665,0.0329011186351587,0.1426083041154315,0.0028686883572419,,,,,155.1589699681468,20.0,0.05,2000.0,0.0005,2.0,0.5,0.2,5.0,,,,
event_budget,20,A1->A2->A3->A4->A5->A6->A7->A8->A9->A10->A11->A12->A13->A14->A15->A16->A17->A18->A19->A20,/opt/Projects/Soft2/NSGD/logs/sanitycheck_event_budget_L20_arr10.0_20260427_115451,/opt/Projects/Soft2/NSGD/results_figures/run_logs/event_budget_L20.log,1,1,node,A15,15.0,1021,46,940,10,41,5,40,0.0450538687561214,0.039177277179236,0.920666013712047,0.0048971596474045,2.180434003713088,0.3074168622517128,1.6797567681939265,0.0193622399816635,0.1487527239948249,0.0251454092909595,,,,,155.1589699681468,20.0,0.05,2000.0,0.0005,2.0,0.5,0.2,5.0,,,,
event_budget,20,A1->A2->A3->A4->A5->A6->A7->A8->A9->A10->A11->A12->A13->A14->A15->A16->A17->A18->A19->A20,/opt/Projects/Soft2/NSGD/logs/sanitycheck_event_budget_L20_arr10.0_20260427_115451,/opt/Projects/Soft2/NSGD/results_figures/run_logs/event_budget_L20.log,1,1,node,A16,16.0,981,45,911,8,43,2,27,0.0458715596330275,0.0275229357798165,0.928644240570846,0.0020387359836901,2.1229647784869967,0.3160158866154857,1.6583296212874692,0.0144337247585776,0.1205567236441375,0.0136288221813268,,,,,155.1589699681468,20.0,0.05,2000.0,0.0005,2.0,0.5,0.2,5.0,,,,
event_budget,20,A1->A2->A3->A4->A5->A6->A7->A8->A9->A10->A11->A12->A13->A14->A15->A16->A17->A18->A19->A20,/opt/Projects/Soft2/NSGD/logs/sanitycheck_event_budget_L20_arr10.0_20260427_115451,/opt/Projects/Soft2/NSGD/results_figures/run_logs/event_budget_L20.log,1,1,node,A17,17.0,954,44,866,9,41,3,47,0.0461215932914046,0.0492662473794549,0.9077568134171908,0.0031446540880503,2.01761767109538,0.2958965143902046,1.5600109001440223,0.0384615140084417,0.1093481928727583,0.0139005496799532,,,,,155.1589699681468,20.0,0.05,2000.0,0.0005,2.0,0.5,0.2,5.0,,,,
event_budget,20,A1->A2->A3->A4->A5->A6->A7->A8->A9->A10->A11->A12->A13->A14->A15->A16->A17->A18->A19->A20,/opt/Projects/Soft2/NSGD/logs/sanitycheck_event_budget_L20_arr10.0_20260427_115451,/opt/Projects/Soft2/NSGD/results_figures/run_logs/event_budget_L20.log,1,1,node,A18,18.0,906,45,838,14,38,7,30,0.0496688741721854,0.0331125827814569,0.9249448123620309,0.0077262693156732,1.931247444659593,0.294631006601223,1.4919769865551022,0.0311176191065345,0.0803426529799329,0.0331791794168005,,,,,155.1589699681468,20.0,0.05,2000.0,0.0005,2.0,0.5,0.2,5.0,,,,
event_budget,20,A1->A2->A3->A4->A5->A6->A7->A8->A9->A10->A11->A12->A13->A14->A15->A16->A17->A18->A19->A20,/opt/Projects/Soft2/NSGD/logs/sanitycheck_event_budget_L20_arr10.0_20260427_115451,/opt/Projects/Soft2/NSGD/results_figures/run_logs/event_budget_L20.log,1,1,node,A19,19.0,876,42,806,7,40,2,30,0.047945205479452,0.0342465753424657,0.9200913242009132,0.002283105022831,2.145110272733973,0.2734216635402272,1.7101617063978751,0.0299077772771475,0.1281389883367346,0.003480137181988,,,,,155.1589699681468,20.0,0.05,2000.0,0.0005,2.0,0.5,0.2,5.0,,,,
event_budget,20,A1->A2->A3->A4->A5->A6->A7->A8->A9->A10->A11->A12->A13->A14->A15->A16->A17->A18->A19->A20,/opt/Projects/Soft2/NSGD/logs/sanitycheck_event_budget_L20_arr10.0_20260427_115451,/opt/Projects/Soft2/NSGD/results_figures/run_logs/event_budget_L20.log,1,1,node,A20,20.0,846,44,784,10,41,3,21,0.0520094562647754,0.0248226950354609,0.9267139479905436,0.0035460992907801,2.047964069495116,0.281632011547669,1.5610359457100391,0.043046907748681,0.1445788033268782,0.0176704011618483,,,,,155.1589699681468,20.0,0.05,2000.0,0.0005,2.0,0.5,0.2,5.0,,,,
