scenario,chain_length,graph,run_dir,stdout_log,run_index,seed,level,node,node_index,reqs_total,reqs_cold,reqs_warm,reqs_init_free,reqs_init_reserved,reqs_queued,reqs_reject,prob_cold,prob_reject,prob_warm,prob_queued,inst_count_avg,inst_running_count_avg,inst_idle_count_avg,inst_init_free_count_avg,inst_init_reserved_count_avg,inst_queued_jobs_count_avg,external_arrivals,internal_arrivals,graph_event_avg_cost,graph_time_avg_cost,simulated_time,warm_service_rate,warm_service_mean_time,cold_service_rate,cold_service_mean_time,cold_start_rate,cold_start_mean_time,expiration_rate,expiration_mean_time,total_expected_warm_service_time,total_expected_cold_service_time,total_expected_cold_start_time,total_expected_expiration_time
event_budget,1,A1,/opt/Projects/Soft2/NSGD/logs/sanitycheck_event_budget_L01_arr10.0_20260427_120622,/opt/Projects/Soft2/NSGD/results_figures/run_logs/event_budget_L01.log,1,1,graph,ALL,,24759,194,24758,256,1,193,0,0.0078355345530918,0.0,0.9999596106466336,0.0077951451997253,21.040186684105464,10.17505117218463,9.79402804253612,0.236729004151836,0.0111635575107454,0.8232149077221356,24759.0,0.0,122.50616,118.55649112746887,2456.525365421357,1.0,1.0,100.0,0.01,0.1,10.0,0.01,100.0,1.0,0.01,10.0,100.0
event_budget,1,A1,/opt/Projects/Soft2/NSGD/logs/sanitycheck_event_budget_L01_arr10.0_20260427_120622,/opt/Projects/Soft2/NSGD/results_figures/run_logs/event_budget_L01.log,1,1,node,A1,1.0,24759,194,24758,256,1,193,0,0.0078355345530918,0.0,0.9999596106466336,0.0077951451997253,21.040186684105464,10.17505117218463,9.79402804253612,0.236729004151836,0.0111635575107454,0.8232149077221356,,,,,2456.525365421357,1.0,1.0,100.0,0.01,0.1,10.0,0.01,100.0,,,,
event_budget,2,A1->A2,/opt/Projects/Soft2/NSGD/logs/sanitycheck_event_budget_L02_arr10.0_20260427_120626,/opt/Projects/Soft2/NSGD/results_figures/run_logs/event_budget_L02.log,1,1,graph,ALL,,24675,259,24578,243,97,162,0,0.0104964539007092,0.0,0.9960688956433638,0.0065653495440729,25.385185855126267,10.181512279375603,13.834491480714869,0.3997068622704152,0.3120225177709441,0.6574527149944356,12340.0,12336.0,146.45704,141.64392899252104,1215.257951847652,2.0,0.5,200.0,0.005,0.2,5.0,0.02,50.0,1.0,0.01,10.0,100.0
event_budget,2,A1->A2,/opt/Projects/Soft2/NSGD/logs/sanitycheck_event_budget_L02_arr10.0_20260427_120626,/opt/Projects/Soft2/NSGD/results_figures/run_logs/event_budget_L02.log,1,1,node,A1,1.0,12340,128,12292,121,48,80,0,0.0103727714748784,0.0,0.9961102106969206,0.006482982171799,12.62041123074383,5.133845328257946,6.781425194135222,0.2026390730017217,0.1775769778537437,0.3249246574951964,,,,,1215.257951847652,2.0,0.5,200.0,0.005,0.2,5.0,0.02,50.0,,,,
event_budget,2,A1->A2,/opt/Projects/Soft2/NSGD/logs/sanitycheck_event_budget_L02_arr10.0_20260427_120626,/opt/Projects/Soft2/NSGD/results_figures/run_logs/event_budget_L02.log,1,1,node,A2,2.0,12335,131,12286,122,49,82,0,0.010620186461289,0.0,0.996027563842724,0.0066477503040129,12.764774624382436,5.047666951117656,7.053066286579645,0.1970677892686934,0.1344455399172004,0.3325280574992392,,,,,1215.257951847652,2.0,0.5,200.0,0.005,0.2,5.0,0.02,50.0,,,,
event_budget,3,A1->A2->A3,/opt/Projects/Soft2/NSGD/logs/sanitycheck_event_budget_L03_arr10.0_20260427_120631,/opt/Projects/Soft2/NSGD/results_figures/run_logs/event_budget_L03.log,1,1,graph,ALL,,24575,342,24395,268,179,163,0,0.0139165818921668,0.0,0.992675483214649,0.0066327568667344,29.5413472986977,10.19088423408726,17.491098194950567,0.4715891514261787,0.7032166433452667,0.6845590748884322,8195.0,16381.0,201.89194,193.24747679565672,804.6404517266568,3.0,0.3333333333333333,300.0,0.0033333333333333,0.3000000000000001,3.333333333333332,0.03,33.333333333333336,1.0,0.01,10.0,100.0
event_budget,3,A1->A2->A3,/opt/Projects/Soft2/NSGD/logs/sanitycheck_event_budget_L03_arr10.0_20260427_120631,/opt/Projects/Soft2/NSGD/results_figures/run_logs/event_budget_L03.log,1,1,node,A1,1.0,8195,124,8126,89,69,55,0,0.0151311775472849,0.0,0.9915802318486884,0.0067114093959731,9.803373311156742,3.4325677111303774,5.684589089946463,0.1561631046094785,0.2894170040835305,0.2406364013868936,,,,,804.6404517266568,3.0,0.3333333333333333,300.0,0.0033333333333333,0.3,3.333333333333333,0.03,33.333333333333336,,,,
event_budget,3,A1->A2->A3,/opt/Projects/Soft2/NSGD/logs/sanitycheck_event_budget_L03_arr10.0_20260427_120631,/opt/Projects/Soft2/NSGD/results_figures/run_logs/event_budget_L03.log,1,1,node,A2,2.0,8193,96,8147,87,46,50,0,0.011717319663127,0.0,0.9943854509947516,0.0061027706578786,9.743929439998324,3.3882718342504377,5.856073498313962,0.1510510214307422,0.1396354333380174,0.2088976526651643,,,,,804.6404517266568,3.0,0.3333333333333333,300.0,0.0033333333333333,0.3,3.333333333333333,0.03,33.333333333333336,,,,
event_budget,3,A1->A2->A3,/opt/Projects/Soft2/NSGD/logs/sanitycheck_event_budget_L03_arr10.0_20260427_120631,/opt/Projects/Soft2/NSGD/results_figures/run_logs/event_budget_L03.log,1,1,node,A3,3.0,8187,122,8122,92,64,58,0,0.0149016733846341,0.0,0.992060583852449,0.0070844021008916,9.994044547542634,3.3700446887064435,5.950435606690141,0.1643750253859579,0.2741642059237188,0.2350250208363742,,,,,804.6404517266568,3.0,0.3333333333333333,300.0,0.0033333333333333,0.3,3.333333333333333,0.03,33.333333333333336,,,,
event_budget,4,A1->A2->A3->A4,/opt/Projects/Soft2/NSGD/logs/sanitycheck_event_budget_L04_arr10.0_20260427_120637,/opt/Projects/Soft2/NSGD/results_figures/run_logs/event_budget_L04.log,1,1,graph,ALL,,24504,427,24227,254,274,153,0,0.0174257264120143,0.0,0.9886957231472412,0.0062438785504407,33.024192094470834,10.174865645924232,20.708089803380403,0.4089940385083697,1.1397180683864216,0.5925245382714098,6132.0,18372.0,249.89896,235.52148914429836,599.3771037570888,4.0,0.25,400.0,0.0025,0.4,2.5,0.04,25.0,1.0,0.01,10.0,100.0
event_budget,4,A1->A2->A3->A4,/opt/Projects/Soft2/NSGD/logs/sanitycheck_event_budget_L04_arr10.0_20260427_120637,/opt/Projects/Soft2/NSGD/results_figures/run_logs/event_budget_L04.log,1,1,node,A1,1.0,6132,116,6061,70,69,47,0,0.0189171559034572,0.0,0.9884213959556424,0.0076647097195042,8.260996685766086,2.6056837314923014,5.075178578290295,0.095241579694263,0.315920853974816,0.1689719423144103,,,,,599.3771037570888,4.0,0.25,400.0,0.0025,0.4,2.5,0.04,25.0,,,,
event_budget,4,A1->A2->A3->A4,/opt/Projects/Soft2/NSGD/logs/sanitycheck_event_budget_L04_arr10.0_20260427_120637,/opt/Projects/Soft2/NSGD/results_figures/run_logs/event_budget_L04.log,1,1,node,A2,2.0,6127,100,6065,67,62,38,0,0.0163212012404112,0.0,0.989880855230945,0.0062020564713562,8.03025804702012,2.538805206131453,5.021771676149026,0.1250700413308247,0.2058954307534836,0.138715692655332,,,,,599.3771037570888,4.0,0.25,400.0,0.0025,0.4,2.5,0.04,25.0,,,,
event_budget,4,A1->A2->A3->A4,/opt/Projects/Soft2/NSGD/logs/sanitycheck_event_budget_L04_arr10.0_20260427_120637,/opt/Projects/Soft2/NSGD/results_figures/run_logs/event_budget_L04.log,1,1,node,A3,3.0,6124,85,6061,47,63,22,0,0.013879817112998,0.0,0.989712606139778,0.0035924232527759,8.256241942519695,2.5249561003100376,5.33086364857112,0.0758733163130624,0.2232432136599511,0.1013056636655231,,,,,599.3771037570888,4.0,0.25,400.0,0.0025,0.4,2.5,0.04,25.0,,,,
event_budget,4,A1->A2->A3->A4,/opt/Projects/Soft2/NSGD/logs/sanitycheck_event_budget_L04_arr10.0_20260427_120637,/opt/Projects/Soft2/NSGD/results_figures/run_logs/event_budget_L04.log,1,1,node,A4,4.0,6121,126,6040,70,80,46,0,0.0205848717529815,0.0,0.9867668681587975,0.0075151119098186,8.476695419164933,2.5054206079904384,5.28027590036996,0.1128091011702194,0.3946585699981708,0.1835312396361443,,,,,599.3771037570888,4.0,0.25,400.0,0.0025,0.4,2.5,0.04,25.0,,,,
event_budget,5,A1->A2->A3->A4->A5,/opt/Projects/Soft2/NSGD/logs/sanitycheck_event_budget_L05_arr10.0_20260427_120645,/opt/Projects/Soft2/NSGD/results_figures/run_logs/event_budget_L05.log,1,1,graph,ALL,,24449,463,24115,252,330,133,0,0.0189373798519366,0.0,0.9863389095668534,0.0054398952922409,35.25345412321528,10.185261142388637,22.65431718659785,0.4790401561005758,1.329457256843556,0.6053783812846676,4897.0,19553.0,279.72362,261.0468382995522,474.80981307307536,5.0,0.2,500.0,0.002,0.5,2.0,0.05,20.0,1.0,0.01,10.0,100.0
event_budget,5,A1->A2->A3->A4->A5,/opt/Projects/Soft2/NSGD/logs/sanitycheck_event_budget_L05_arr10.0_20260427_120645,/opt/Projects/Soft2/NSGD/results_figures/run_logs/event_budget_L05.log,1,1,node,A1,1.0,4897,95,4827,51,70,25,0,0.0193996324280171,0.0,0.9857055340004084,0.0051051664284255,7.330077817675455,2.107040185385993,4.68788967284512,0.1161527633654572,0.2932609233776241,0.1257342727012601,,,,,474.80981307307536,5.0,0.2,500.0,0.002,0.5,2.0,0.05,20.0,,,,
event_budget,5,A1->A2->A3->A4->A5,/opt/Projects/Soft2/NSGD/logs/sanitycheck_event_budget_L05_arr10.0_20260427_120645,/opt/Projects/Soft2/NSGD/results_figures/run_logs/event_budget_L05.log,1,1,node,A2,2.0,4895,94,4832,57,62,32,0,0.0192032686414708,0.0,0.987129724208376,0.0065372829417773,7.067179159256256,2.033304696891788,4.597411858352412,0.0839396337639295,0.2291876210950221,0.1233353491531048,,,,,474.80981307307536,5.0,0.2,500.0,0.002,0.5,2.0,0.05,20.0,,,,
event_budget,5,A1->A2->A3->A4->A5,/opt/Projects/Soft2/NSGD/logs/sanitycheck_event_budget_L05_arr10.0_20260427_120645,/opt/Projects/Soft2/NSGD/results_figures/run_logs/event_budget_L05.log,1,1,node,A3,3.0,4890,101,4820,56,67,34,0,0.0206543967280163,0.0,0.985685071574642,0.0069529652351738,6.74227298711426,2.024156131627588,4.250527732968986,0.0987623587769527,0.213372894848806,0.1554538688919267,,,,,474.80981307307536,5.0,0.2,500.0,0.002,0.5,2.0,0.05,20.0,,,,
event_budget,5,A1->A2->A3->A4->A5,/opt/Projects/Soft2/NSGD/logs/sanitycheck_event_budget_L05_arr10.0_20260427_120645,/opt/Projects/Soft2/NSGD/results_figures/run_logs/event_budget_L05.log,1,1,node,A4,4.0,4884,93,4812,42,72,21,0,0.019041769041769,0.0,0.9852579852579852,0.0042997542997543,7.182840967735064,1.999154130526577,4.640123897906064,0.0688518485413557,0.3748737702328301,0.0998373205282379,,,,,474.80981307307536,5.0,0.2,500.0,0.002,0.5,2.0,0.05,20.0,,,,
event_budget,5,A1->A2->A3->A4->A5,/opt/Projects/Soft2/NSGD/logs/sanitycheck_event_budget_L05_arr10.0_20260427_120645,/opt/Projects/Soft2/NSGD/results_figures/run_logs/event_budget_L05.log,1,1,node,A5,5.0,4883,80,4824,46,59,21,0,0.0163833708785582,0.0,0.9879172639770633,0.0043006348556215,6.931083191434247,2.0216059979566907,4.478364024525265,0.1113335516528804,0.2187620472892734,0.1010175700101378,,,,,474.80981307307536,5.0,0.2,500.0,0.002,0.5,2.0,0.05,20.0,,,,
event_budget,6,A1->A2->A3->A4->A5->A6,/opt/Projects/Soft2/NSGD/logs/sanitycheck_event_budget_L06_arr10.0_20260427_120653,/opt/Projects/Soft2/NSGD/results_figures/run_logs/event_budget_L06.log,1,1,graph,ALL,,24315,590,23897,289,418,172,0,0.0242648570841044,0.0,0.9828089656590582,0.0070738227431626,38.76323248578381,10.24201775281572,25.557221647587056,0.5035687499101764,1.748349393887883,0.7120749415829677,4056.0,20259.0,346.02536,322.21886002198084,393.0087637417249,6.0,0.1666666666666666,600.0,0.0016666666666666,0.6000000000000001,1.6666666666666663,0.06,16.666666666666668,1.0,0.01,10.0,100.0
event_budget,6,A1->A2->A3->A4->A5->A6,/opt/Projects/Soft2/NSGD/logs/sanitycheck_event_budget_L06_arr10.0_20260427_120653,/opt/Projects/Soft2/NSGD/results_figures/run_logs/event_budget_L06.log,1,1,node,A1,1.0,4056,100,3977,37,79,21,0,0.02465483234714,0.0,0.9805226824457594,0.0051775147928994,6.51697139592709,1.753929020590157,4.262954881518045,0.0619929377319135,0.3318213875792437,0.1062731685077316,,,,,393.0087637417249,6.0,0.1666666666666666,600.0,0.0016666666666666,0.6000000000000001,1.6666666666666663,0.06,16.666666666666668,,,,
event_budget,6,A1->A2->A3->A4->A5->A6,/opt/Projects/Soft2/NSGD/logs/sanitycheck_event_budget_L06_arr10.0_20260427_120653,/opt/Projects/Soft2/NSGD/results_figures/run_logs/event_budget_L06.log,1,1,node,A2,2.0,4056,100,3990,54,66,34,0,0.02465483234714,0.0,0.9837278106508875,0.0083826429980276,6.174126120743868,1.7017752086976752,4.028100425946489,0.0921385332872673,0.2509411188821343,0.1011708339303009,,,,,393.0087637417249,6.0,0.1666666666666666,600.0,0.0016666666666666,0.6000000000000001,1.6666666666666663,0.06,16.666666666666668,,,,
event_budget,6,A1->A2->A3->A4->A5->A6,/opt/Projects/Soft2/NSGD/logs/sanitycheck_event_budget_L06_arr10.0_20260427_120653,/opt/Projects/Soft2/NSGD/results_figures/run_logs/event_budget_L06.log,1,1,node,A3,3.0,4055,90,3997,55,58,32,0,0.0221948212083847,0.0,0.9856966707768188,0.0078914919852034,6.370062527260751,1.695222572055661,4.24162146539374,0.076635465868974,0.2488680718997053,0.107714952042671,,,,,393.0087637417249,6.0,0.1666666666666666,600.0,0.0016666666666666,0.6000000000000001,1.6666666666666663,0.06,16.666666666666668,,,,
event_budget,6,A1->A2->A3->A4->A5->A6,/opt/Projects/Soft2/NSGD/logs/sanitycheck_event_budget_L06_arr10.0_20260427_120653,/opt/Projects/Soft2/NSGD/results_figures/run_logs/event_budget_L06.log,1,1,node,A4,4.0,4051,99,3986,59,65,34,0,0.0244384102690693,0.0,0.9839545791162676,0.0083929893853369,6.579543573583802,1.6586217348330885,4.340462878390174,0.1234431145217526,0.2821297210932492,0.1748861247455362,,,,,393.0087637417249,6.0,0.1666666666666666,600.0,0.0016666666666666,0.6000000000000001,1.6666666666666663,0.06,16.666666666666668,,,,
event_budget,6,A1->A2->A3->A4->A5->A6,/opt/Projects/Soft2/NSGD/logs/sanitycheck_event_budget_L06_arr10.0_20260427_120653,/opt/Projects/Soft2/NSGD/results_figures/run_logs/event_budget_L06.log,1,1,node,A5,5.0,4051,95,3978,34,73,22,0,0.0234509997531473,0.0,0.9819797580844236,0.0054307578375709,6.392409877455915,1.7097151094524967,4.246204997581324,0.0566948991009641,0.3051576265406513,0.0746372447804788,,,,,393.0087637417249,6.0,0.1666666666666666,600.0,0.0016666666666666,0.6000000000000001,1.6666666666666663,0.06,16.666666666666668,,,,
event_budget,6,A1->A2->A3->A4->A5->A6,/opt/Projects/Soft2/NSGD/logs/sanitycheck_event_budget_L06_arr10.0_20260427_120653,/opt/Projects/Soft2/NSGD/results_figures/run_logs/event_budget_L06.log,1,1,node,A6,6.0,4046,106,3969,50,77,29,0,0.0261987147800296,0.0,0.980968858131488,0.0071675729115175,6.730118990812385,1.722754107186644,4.437876998757288,0.0926637993993046,0.3294314678928991,0.1473926175762488,,,,,393.0087637417249,6.0,0.1666666666666666,600.0,0.0016666666666666,0.6000000000000001,1.6666666666666663,0.06,16.666666666666668,,,,
event_budget,7,A1->A2->A3->A4->A5->A6->A7,/opt/Projects/Soft2/NSGD/logs/sanitycheck_event_budget_L07_arr10.0_20260427_120704,/opt/Projects/Soft2/NSGD/results_figures/run_logs/event_budget_L07.log,1,1,graph,ALL,,24307,606,23816,224,491,115,0,0.0249310898095198,0.0,0.9798000575965772,0.004731147406097,43.140320408558274,10.303231042180007,29.728877855041024,0.3631551328019927,2.251583099777017,0.4934732787582305,3476.0,20832.0,390.43212,359.807682162474,334.6014647365062,7.0,0.1428571428571428,700.0,0.0014285714285714,0.7000000000000001,1.4285714285714284,0.07,14.285714285714285,1.0,0.01,9.999999999999998,100.0
event_budget,7,A1->A2->A3->A4->A5->A6->A7,/opt/Projects/Soft2/NSGD/logs/sanitycheck_event_budget_L07_arr10.0_20260427_120704,/opt/Projects/Soft2/NSGD/results_figures/run_logs/event_budget_L07.log,1,1,node,A1,1.0,3476,91,3398,27,78,13,0,0.0261795166858458,0.0,0.977560414269275,0.0037399309551208,6.263117441548858,1.5067308988413617,4.288760431148722,0.0365800201283132,0.3864629999602192,0.0445830914702404,,,,,334.6014647365062,7.0,0.1428571428571428,700.0,0.0014285714285714,0.7000000000000001,1.4285714285714284,0.07,14.285714285714285,,,,
event_budget,7,A1->A2->A3->A4->A5->A6->A7,/opt/Projects/Soft2/NSGD/logs/sanitycheck_event_budget_L07_arr10.0_20260427_120704,/opt/Projects/Soft2/NSGD/results_figures/run_logs/event_budget_L07.log,1,1,node,A2,2.0,3475,86,3411,43,64,22,0,0.0247482014388489,0.0,0.9815827338129496,0.0063309352517985,5.964145504912823,1.4821310814380269,4.077495902545597,0.0579962295357375,0.2754705341424596,0.0710517572510012,,,,,334.6014647365062,7.0,0.1428571428571428,700.0,0.0014285714285714,0.7000000000000001,1.4285714285714284,0.07,14.285714285714285,,,,
event_budget,7,A1->A2->A3->A4->A5->A6->A7,/opt/Projects/Soft2/NSGD/logs/sanitycheck_event_budget_L07_arr10.0_20260427_120704,/opt/Projects/Soft2/NSGD/results_figures/run_logs/event_budget_L07.log,1,1,node,A3,3.0,3475,75,3415,36,60,15,0,0.0215827338129496,0.0,0.9827338129496402,0.0043165467625899,5.780387728444948,1.4421851093192006,3.975797324517656,0.0716132181258537,0.222484074454362,0.068308002027875,,,,,334.6014647365062,7.0,0.1428571428571428,700.0,0.0014285714285714,0.7000000000000001,1.4285714285714284,0.07,14.285714285714285,,,,
event_budget,7,A1->A2->A3->A4->A5->A6->A7,/opt/Projects/Soft2/NSGD/logs/sanitycheck_event_budget_L07_arr10.0_20260427_120704,/opt/Projects/Soft2/NSGD/results_figures/run_logs/event_budget_L07.log,1,1,node,A4,4.0,3475,93,3397,23,78,15,0,0.0267625899280575,0.0,0.9775539568345324,0.0043165467625899,6.731090800328421,1.4475617866538542,4.76626139495581,0.0330752795714609,0.4085365821018694,0.0756557570454259,,,,,334.6014647365062,7.0,0.1428571428571428,700.0,0.0014285714285714,0.7000000000000001,1.4285714285714284,0.07,14.285714285714285,,,,
event_budget,7,A1->A2->A3->A4->A5->A6->A7,/opt/Projects/Soft2/NSGD/logs/sanitycheck_event_budget_L07_arr10.0_20260427_120704,/opt/Projects/Soft2/NSGD/results_figures/run_logs/event_budget_L07.log,1,1,node,A5,5.0,3471,67,3416,33,55,12,0,0.0193027945836934,0.0,0.9841544223566696,0.003457216940363,6.087906477359849,1.455120289321336,4.254073775458872,0.077914462810156,0.2597485664088654,0.0410493833606192,,,,,334.6014647365062,7.0,0.1428571428571428,700.0,0.0014285714285714,0.7000000000000001,1.4285714285714284,0.07,14.285714285714285,,,,
event_budget,7,A1->A2->A3->A4->A5->A6->A7,/opt/Projects/Soft2/NSGD/logs/sanitycheck_event_budget_L07_arr10.0_20260427_120704,/opt/Projects/Soft2/NSGD/results_figures/run_logs/event_budget_L07.log,1,1,node,A6,6.0,3468,88,3397,31,71,17,0,0.0253748558246828,0.0,0.9795271049596308,0.0049019607843137,6.321680106918314,1.49138745962352,4.389611119709768,0.0423135397129258,0.3209467001211943,0.0774212877509064,,,,,334.6014647365062,7.0,0.1428571428571428,700.0,0.0014285714285714,0.7000000000000001,1.4285714285714284,0.07,14.285714285714285,,,,
event_budget,7,A1->A2->A3->A4->A5->A6->A7,/opt/Projects/Soft2/NSGD/logs/sanitycheck_event_budget_L07_arr10.0_20260427_120704,/opt/Projects/Soft2/NSGD/results_figures/run_logs/event_budget_L07.log,1,1,node,A7,7.0,3467,106,3382,31,85,21,0,0.0305739832708393,0.0,0.9754831266224402,0.0060571098932794,5.99199234904506,1.478114416982708,3.9768779067045976,0.0436623829175454,0.3779336425880469,0.1154039998521621,,,,,334.6014647365062,7.0,0.1428571428571428,700.0,0.0014285714285714,0.7000000000000001,1.4285714285714284,0.07,14.285714285714285,,,,
event_budget,8,A1->A2->A3->A4->A5->A6->A7->A8,/opt/Projects/Soft2/NSGD/logs/sanitycheck_event_budget_L08_arr10.0_20260427_120715,/opt/Projects/Soft2/NSGD/results_figures/run_logs/event_budget_L08.log,1,1,graph,ALL,,24251,674,23696,231,552,122,3,0.0277926683435734,0.0001237062389179,0.9771143458001732,0.0050307203826646,43.470871565012736,10.32832337989022,29.741902722379088,0.5009748077688654,2.4209987015691694,0.4786719534053887,3038.0,21214.0,407.98732,376.7824216358228,291.5393119379472,8.0,0.125,800.0,0.00125,0.7999999999999999,1.25,0.08,12.5,1.0,0.01,10.0,100.0
event_budget,8,A1->A2->A3->A4->A5->A6->A7->A8,/opt/Projects/Soft2/NSGD/logs/sanitycheck_event_budget_L08_arr10.0_20260427_120715,/opt/Projects/Soft2/NSGD/results_figures/run_logs/event_budget_L08.log,1,1,node,A1,1.0,3038,75,2975,27,63,12,0,0.0246872942725477,0.0,0.97926267281106,0.0039499670836076,5.578582449641419,1.3378154881497706,3.802680626715374,0.0607993296704322,0.3143002922515137,0.0629867128543282,,,,,291.5393119379472,8.0,0.125,800.0,0.00125,0.8,1.25,0.08,12.5,,,,
event_budget,8,A1->A2->A3->A4->A5->A6->A7->A8,/opt/Projects/Soft2/NSGD/logs/sanitycheck_event_budget_L08_arr10.0_20260427_120715,/opt/Projects/Soft2/NSGD/results_figures/run_logs/event_budget_L08.log,1,1,node,A2,2.0,3038,86,2972,30,66,20,0,0.0283080974325213,0.0,0.978275181040158,0.0065832784726793,5.460281389499613,1.2959488751419508,3.797297062529473,0.0526863814752519,0.217099276209235,0.097249794143702,,,,,291.5393119379472,8.0,0.125,800.0,0.00125,0.8,1.25,0.08,12.5,,,,
event_budget,8,A1->A2->A3->A4->A5->A6->A7->A8,/opt/Projects/Soft2/NSGD/logs/sanitycheck_event_budget_L08_arr10.0_20260427_120715,/opt/Projects/Soft2/NSGD/results_figures/run_logs/event_budget_L08.log,1,1,node,A3,3.0,3036,78,2972,31,64,14,0,0.025691699604743,0.0,0.9789196310935442,0.0046113306982872,5.178059182368595,1.2506339255839136,3.5878864522204283,0.0718336750761086,0.2093511781464608,0.0583539513416837,,,,,291.5393119379472,8.0,0.125,800.0,0.00125,0.8,1.25,0.08,12.5,,,,
event_budget,8,A1->A2->A3->A4->A5->A6->A7->A8,/opt/Projects/Soft2/NSGD/logs/sanitycheck_event_budget_L08_arr10.0_20260427_120715,/opt/Projects/Soft2/NSGD/results_figures/run_logs/event_budget_L08.log,1,1,node,A4,4.0,3032,83,2958,21,74,9,0,0.0273746701846965,0.0,0.9755936675461742,0.0029683377308707,5.424080870067994,1.2658591768748944,3.6812761814610986,0.0593954482811754,0.3889282930794113,0.0286217703714135,,,,,291.5393119379472,8.0,0.125,800.0,0.00125,0.8,1.25,0.08,12.5,,,,
event_budget,8,A1->A2->A3->A4->A5->A6->A7->A8,/opt/Projects/Soft2/NSGD/logs/sanitycheck_event_budget_L08_arr10.0_20260427_120715,/opt/Projects/Soft2/NSGD/results_figures/run_logs/event_budget_L08.log,1,1,node,A5,5.0,3029,88,2953,24,76,12,0,0.0290524925718058,0.0,0.9749092109607131,0.0039617035325189,5.721640103428557,1.276920694234223,4.0163128776896215,0.0376221474715094,0.3406234992711278,0.050160884762074,,,,,291.5393119379472,8.0,0.125,800.0,0.00125,0.8,1.25,0.08,12.5,,,,
event_budget,8,A1->A2->A3->A4->A5->A6->A7->A8,/opt/Projects/Soft2/NSGD/logs/sanitycheck_event_budget_L08_arr10.0_20260427_120715,/opt/Projects/Soft2/NSGD/results_figures/run_logs/event_budget_L08.log,1,1,node,A6,6.0,3027,82,2962,31,65,17,0,0.0270895275850677,0.0,0.9785265939874463,0.005616121572514,5.266878587114337,1.3149624062416387,3.5478655806805306,0.0556514800324106,0.3054811509884675,0.0429179691712898,,,,,291.5393119379472,8.0,0.125,800.0,0.00125,0.8,1.25,0.08,12.5,,,,
event_budget,8,A1->A2->A3->A4->A5->A6->A7->A8,/opt/Projects/Soft2/NSGD/logs/sanitycheck_event_budget_L08_arr10.0_20260427_120715,/opt/Projects/Soft2/NSGD/results_figures/run_logs/event_budget_L08.log,1,1,node,A7,7.0,3027,101,2949,40,78,23,0,0.0333663693425834,0.0,0.9742319127849356,0.0075982821275189,5.598539161679522,1.2872774163054956,3.7684616274639664,0.0954989381544633,0.3732555531912389,0.0740456265643565,,,,,291.5393119379472,8.0,0.125,800.0,0.00125,0.8,1.25,0.08,12.5,,,,
event_budget,8,A1->A2->A3->A4->A5->A6->A7->A8,/opt/Projects/Soft2/NSGD/logs/sanitycheck_event_budget_L08_arr10.0_20260427_120715,/opt/Projects/Soft2/NSGD/results_figures/run_logs/event_budget_L08.log,1,1,node,A8,8.0,3024,81,2955,27,66,15,3,0.0267857142857142,0.0009920634920634,0.9771825396825397,0.0049603174603174,5.242809821212694,1.298905397358332,3.540122313618592,0.0674874076075136,0.2719594584317142,0.0643352441965406,,,,,291.5393119379472,8.0,0.125,800.0,0.00125,0.8,1.25,0.08,12.5,,,,
event_budget,9,A1->A2->A3->A4->A5->A6->A7->A8->A9,/opt/Projects/Soft2/NSGD/logs/sanitycheck_event_budget_L09_arr10.0_20260427_120728,/opt/Projects/Soft2/NSGD/results_figures/run_logs/event_budget_L09.log,1,1,graph,ALL,,24206,716,23607,244,589,127,9,0.0295794431132777,0.0003718086424853,0.9752540692390316,0.0052466330661819,45.29644724938223,10.303537445531848,31.499550611724477,0.4574039286856278,2.489975577364674,0.5459796860756113,2695.0,21512.0,425.89004,394.36496097363926,259.5959770960933,9.0,0.1111111111111111,900.0,0.0011111111111111,0.9,1.1111111111111112,0.09,11.11111111111111,1.0,0.01,10.0,100.0
event_budget,9,A1->A2->A3->A4->A5->A6->A7->A8->A9,/opt/Projects/Soft2/NSGD/logs/sanitycheck_event_budget_L09_arr10.0_20260427_120728,/opt/Projects/Soft2/NSGD/results_figures/run_logs/event_budget_L09.log,1,1,node,A1,1.0,2695,80,2628,27,67,13,0,0.0296846011131725,0.0,0.975139146567718,0.0048237476808905,5.292379842570111,1.1918285935146429,3.659735162646035,0.0629887760991674,0.3215660260928642,0.056261284217402,,,,,259.5959770960933,9.0,0.1111111111111111,900.0,0.0011111111111111,0.9,1.1111111111111112,0.09,11.11111111111111,,,,
event_budget,9,A1->A2->A3->A4->A5->A6->A7->A8->A9,/opt/Projects/Soft2/NSGD/logs/sanitycheck_event_budget_L09_arr10.0_20260427_120728,/opt/Projects/Soft2/NSGD/results_figures/run_logs/event_budget_L09.log,1,1,node,A2,2.0,2695,83,2625,27,70,13,0,0.0307977736549165,0.0,0.974025974025974,0.0048237476808905,4.959664621553833,1.145645849311589,3.443764434757278,0.0381402777131232,0.2818953015931184,0.050218758178724,,,,,259.5959770960933,9.0,0.1111111111111111,900.0,0.0011111111111111,0.9,1.1111111111111112,0.09,11.11111111111111,,,,
event_budget,9,A1->A2->A3->A4->A5->A6->A7->A8->A9,/opt/Projects/Soft2/NSGD/logs/sanitycheck_event_budget_L09_arr10.0_20260427_120728,/opt/Projects/Soft2/NSGD/results_figures/run_logs/event_budget_L09.log,1,1,node,A3,3.0,2694,74,2635,31,59,15,0,0.0274684484038604,0.0,0.9780994803266518,0.0055679287305122,4.866079969873133,1.112968429115742,3.424701288572767,0.0611929832168281,0.2242889558695373,0.0429283130982592,,,,,259.5959770960933,9.0,0.1111111111111111,900.0,0.0011111111111111,0.9,1.1111111111111112,0.09,11.11111111111111,,,,
event_budget,9,A1->A2->A3->A4->A5->A6->A7->A8->A9,/opt/Projects/Soft2/NSGD/logs/sanitycheck_event_budget_L09_arr10.0_20260427_120728,/opt/Projects/Soft2/NSGD/results_figures/run_logs/event_budget_L09.log,1,1,node,A4,4.0,2693,75,2634,27,59,16,0,0.0278499814333457,0.0,0.9780913479391014,0.005941329372447,5.0616924946136574,1.1366905434785843,3.5042297486955434,0.0570891677353712,0.2808002072354449,0.0828828274687129,,,,,259.5959770960933,9.0,0.1111111111111111,900.0,0.0011111111111111,0.9,1.1111111111111112,0.09,11.11111111111111,,,,
event_budget,9,A1->A2->A3->A4->A5->A6->A7->A8->A9,/opt/Projects/Soft2/NSGD/logs/sanitycheck_event_budget_L09_arr10.0_20260427_120728,/opt/Projects/Soft2/NSGD/results_figures/run_logs/event_budget_L09.log,1,1,node,A5,5.0,2690,92,2613,29,76,16,0,0.0342007434944237,0.0,0.9713754646840148,0.0059479553903345,5.059543499913322,1.139220551875096,3.4844916741756244,0.043631598417125,0.3147761725506303,0.0774235028948454,,,,,259.5959770960933,9.0,0.1111111111111111,900.0,0.0011111111111111,0.9,1.1111111111111112,0.09,11.11111111111111,,,,
event_budget,9,A1->A2->A3->A4->A5->A6->A7->A8->A9,/opt/Projects/Soft2/NSGD/logs/sanitycheck_event_budget_L09_arr10.0_20260427_120728,/opt/Projects/Soft2/NSGD/results_figures/run_logs/event_budget_L09.log,1,1,node,A6,6.0,2689,77,2624,21,65,12,0,0.0286351803644477,0.0,0.9758274451468948,0.0044626255113425,5.0010319017552805,1.154270797542382,3.503906220360153,0.0432634695911204,0.2527644489039083,0.0468269653577164,,,,,259.5959770960933,9.0,0.1111111111111111,900.0,0.0011111111111111,0.9,1.1111111111111112,0.09,11.11111111111111,,,,
event_budget,9,A1->A2->A3->A4->A5->A6->A7->A8->A9,/opt/Projects/Soft2/NSGD/logs/sanitycheck_event_budget_L09_arr10.0_20260427_120728,/opt/Projects/Soft2/NSGD/results_figures/run_logs/event_budget_L09.log,1,1,node,A7,7.0,2685,92,2609,29,76,16,0,0.0342644320297951,0.0,0.9716945996275606,0.0059590316573556,5.3035949715969055,1.1399236804095216,3.7127321811714857,0.0332099843259296,0.3533741463739729,0.0643549793159961,,,,,259.5959770960933,9.0,0.1111111111111111,900.0,0.0011111111111111,0.9,1.1111111111111112,0.09,11.11111111111111,,,,
event_budget,9,A1->A2->A3->A4->A5->A6->A7->A8->A9,/opt/Projects/Soft2/NSGD/logs/sanitycheck_event_budget_L09_arr10.0_20260427_120728,/opt/Projects/Soft2/NSGD/results_figures/run_logs/event_budget_L09.log,1,1,node,A8,8.0,2684,76,2615,24,66,10,3,0.0283159463487332,0.0011177347242921,0.9742921013412816,0.003725782414307,4.977430835515984,1.1546793556415,3.422865645146786,0.0717985115532648,0.2874691284668341,0.0406181947075995,,,,,259.5959770960933,9.0,0.1111111111111111,900.0,0.0011111111111111,0.9,1.1111111111111112,0.09,11.11111111111111,,,,
event_budget,9,A1->A2->A3->A4->A5->A6->A7->A8->A9,/opt/Projects/Soft2/NSGD/logs/sanitycheck_event_budget_L09_arr10.0_20260427_120728,/opt/Projects/Soft2/NSGD/results_figures/run_logs/event_budget_L09.log,1,1,node,A9,9.0,2681,67,2624,29,51,16,6,0.0249906751212234,0.0022379709063782,0.9787392763894068,0.0059679224170085,4.775029111990008,1.1283096446427912,3.3431242561988,0.0460891600336976,0.1730411902783631,0.0844648608363554,,,,,259.5959770960933,9.0,0.1111111111111111,900.0,0.0011111111111111,0.9,1.1111111111111112,0.09,11.11111111111111,,,,
event_budget,10,A1->A2->A3->A4->A5->A6->A7->A8->A9->A10,/opt/Projects/Soft2/NSGD/logs/sanitycheck_event_budget_L10_arr10.0_20260427_120742,/opt/Projects/Soft2/NSGD/results_figures/run_logs/event_budget_L10.log,1,1,graph,ALL,,24181,732,23559,234,619,113,3,0.0302717009222116,0.0001240643480418,0.9742773251726562,0.0046730904429097,48.69119633197924,10.413592856613118,34.64838257752672,0.481851741582707,2.700299013270917,0.4470701429857673,2426.0,21755.0,446.17286,412.5933781265308,231.66814307340923,10.0,0.1,1000.0,0.001,1.0,1.0,0.0999999999999999,10.0,1.0,0.01,10.0,100.0
event_budget,10,A1->A2->A3->A4->A5->A6->A7->A8->A9->A10,/opt/Projects/Soft2/NSGD/logs/sanitycheck_event_budget_L10_arr10.0_20260427_120742,/opt/Projects/Soft2/NSGD/results_figures/run_logs/event_budget_L10.log,1,1,node,A1,1.0,2426,73,2365,21,61,12,0,0.0300906842539159,0.0,0.9748557295960428,0.0049464138499587,4.766173576664273,1.0733899041196475,3.315258869100313,0.0222404568728411,0.3075550652441819,0.047729281327289,,,,,231.66814307340923,10.0,0.1,1000.0,0.001,1.0,1.0,0.1,10.0,,,,
event_budget,10,A1->A2->A3->A4->A5->A6->A7->A8->A9->A10,/opt/Projects/Soft2/NSGD/logs/sanitycheck_event_budget_L10_arr10.0_20260427_120742,/opt/Projects/Soft2/NSGD/results_figures/run_logs/event_budget_L10.log,1,1,node,A2,2.0,2424,64,2372,28,52,12,0,0.0264026402640264,0.0,0.9785478547854786,0.0049504950495049,4.719346545018233,1.0329895922955217,3.3846738736354145,0.0487134642331067,0.2306918031998228,0.0222778116543665,,,,,231.66814307340923,10.0,0.1,1000.0,0.001,1.0,1.0,0.1,10.0,,,,
event_budget,10,A1->A2->A3->A4->A5->A6->A7->A8->A9->A10,/opt/Projects/Soft2/NSGD/logs/sanitycheck_event_budget_L10_arr10.0_20260427_120742,/opt/Projects/Soft2/NSGD/results_figures/run_logs/event_budget_L10.log,1,1,node,A3,3.0,2423,63,2371,32,52,11,0,0.0260008254230293,0.0,0.9785390012381344,0.0045398266611638,4.534420020147915,1.015997230071818,3.2078969671584634,0.0862385113586283,0.1657687954045053,0.0585185161544994,,,,,231.66814307340923,10.0,0.1,1000.0,0.001,1.0,1.0,0.1,10.0,,,,
event_budget,10,A1->A2->A3->A4->A5->A6->A7->A8->A9->A10,/opt/Projects/Soft2/NSGD/logs/sanitycheck_event_budget_L10_arr10.0_20260427_120742,/opt/Projects/Soft2/NSGD/results_figures/run_logs/event_budget_L10.log,1,1,node,A4,4.0,2420,69,2361,19,59,10,0,0.0285123966942148,0.0,0.9756198347107438,0.0041322314049586,4.761787802290712,1.0267728207616018,3.327343357622315,0.0353397517487639,0.3161816267051837,0.0561502454528468,,,,,231.66814307340923,10.0,0.1,1000.0,0.001,1.0,1.0,0.1,10.0,,,,
event_budget,10,A1->A2->A3->A4->A5->A6->A7->A8->A9->A10,/opt/Projects/Soft2/NSGD/logs/sanitycheck_event_budget_L10_arr10.0_20260427_120742,/opt/Projects/Soft2/NSGD/results_figures/run_logs/event_budget_L10.log,1,1,node,A5,5.0,2419,66,2365,23,54,12,0,0.0272840016535758,0.0,0.9776767259198016,0.0049607275733774,5.377583335460594,1.044944914761549,3.989416632279232,0.0504488316161509,0.2546871699034938,0.0380857869001677,,,,,231.66814307340923,10.0,0.1,1000.0,0.001,1.0,1.0,0.1,10.0,,,,
event_budget,10,A1->A2->A3->A4->A5->A6->A7->A8->A9->A10,/opt/Projects/Soft2/NSGD/logs/sanitycheck_event_budget_L10_arr10.0_20260427_120742,/opt/Projects/Soft2/NSGD/results_figures/run_logs/event_budget_L10.log,1,1,node,A6,6.0,2417,68,2357,18,60,8,0,0.0281340504757964,0.0,0.9751758378154736,0.0033098882912701,4.662655215486415,1.0414900606903794,3.299933259802603,0.0437540138415793,0.24663258194965,0.0308452992022035,,,,,231.66814307340923,10.0,0.1,1000.0,0.001,1.0,1.0,0.1,10.0,,,,
event_budget,10,A1->A2->A3->A4->A5->A6->A7->A8->A9->A10,/opt/Projects/Soft2/NSGD/logs/sanitycheck_event_budget_L10_arr10.0_20260427_120742,/opt/Projects/Soft2/NSGD/results_figures/run_logs/event_budget_L10.log,1,1,node,A7,7.0,2416,87,2343,27,73,14,0,0.0360099337748344,0.0,0.9697847682119204,0.0057947019867549,5.09727526472578,1.0422038246735603,3.628379052849269,0.0533325899898663,0.3032770807822349,0.0700827164308476,,,,,231.66814307340923,10.0,0.1,1000.0,0.001,1.0,1.0,0.1,10.0,,,,
event_budget,10,A1->A2->A3->A4->A5->A6->A7->A8->A9->A10,/opt/Projects/Soft2/NSGD/logs/sanitycheck_event_budget_L10_arr10.0_20260427_120742,/opt/Projects/Soft2/NSGD/results_figures/run_logs/event_budget_L10.log,1,1,node,A8,8.0,2415,82,2344,20,71,11,0,0.0339544513457556,0.0,0.9706004140786748,0.0045548654244306,4.914969113821918,1.0521956301305364,3.471061219530593,0.0402261488354492,0.3054540015444946,0.0460321137808443,,,,,231.66814307340923,10.0,0.1,1000.0,0.001,1.0,1.0,0.1,10.0,,,,
event_budget,10,A1->A2->A3->A4->A5->A6->A7->A8->A9->A10,/opt/Projects/Soft2/NSGD/logs/sanitycheck_event_budget_L10_arr10.0_20260427_120742,/opt/Projects/Soft2/NSGD/results_figures/run_logs/event_budget_L10.log,1,1,node,A9,9.0,2411,67,2353,22,58,9,0,0.0277892990460389,0.0,0.9759435918705932,0.0037328909166321,4.760511746454072,1.0239798422995234,3.426292750094428,0.0456847885958733,0.2330927496225175,0.0314616158417297,,,,,231.66814307340923,10.0,0.1,1000.0,0.001,1.0,1.0,0.1,10.0,,,,
event_budget,10,A1->A2->A3->A4->A5->A6->A7->A8->A9->A10,/opt/Projects/Soft2/NSGD/logs/sanitycheck_event_budget_L10_arr10.0_20260427_120742,/opt/Projects/Soft2/NSGD/results_figures/run_logs/event_budget_L10.log,1,1,node,A10,10.0,2410,93,2328,24,79,14,3,0.0385892116182572,0.0012448132780082,0.9659751037344398,0.0058091286307053,5.09647371190932,1.059629036808981,3.598126595454086,0.0558731844904474,0.3369581389148328,0.0458867562409724,,,,,231.66814307340923,10.0,0.1,1000.0,0.001,1.0,1.0,0.1,10.0,,,,
event_budget,11,A1->A2->A3->A4->A5->A6->A7->A8->A9->A10->A11,/opt/Projects/Soft2/NSGD/logs/sanitycheck_event_budget_L11_arr10.0_20260427_120757,/opt/Projects/Soft2/NSGD/results_figures/run_logs/event_budget_L11.log,1,1,graph,ALL,,24158,777,23451,212,682,95,22,0.032163258547893,0.0009106714131964,0.9707343323122776,0.0039324447388028,49.657076808577,10.306208393123766,35.590367506994774,0.4942388450258483,2.8078282913277057,0.458433772104922,2207.0,21952.0,454.10242,426.9156542926664,211.79712924737717,11.0,0.0909090909090909,1100.0,0.0009090909090909,1.1,0.9090909090909092,0.11,9.090909090909092,1.0,0.01,10.0,100.0
event_budget,11,A1->A2->A3->A4->A5->A6->A7->A8->A9->A10->A11,/opt/Projects/Soft2/NSGD/logs/sanitycheck_event_budget_L11_arr10.0_20260427_120757,/opt/Projects/Soft2/NSGD/results_figures/run_logs/event_budget_L11.log,1,1,node,A1,1.0,2207,79,2138,25,69,10,0,0.0357951971001359,0.0,0.9687358405074762,0.0045310376076121,4.899949573381944,0.9766768335998738,3.4812087413013377,0.0276774855101148,0.3468830067457668,0.0675035062248507,,,,,211.79712924737717,11.0,0.0909090909090909,1100.0,0.0009090909090909,1.1,0.9090909090909092,0.11,9.090909090909092,,,,
event_budget,11,A1->A2->A3->A4->A5->A6->A7->A8->A9->A10->A11,/opt/Projects/Soft2/NSGD/logs/sanitycheck_event_budget_L11_arr10.0_20260427_120757,/opt/Projects/Soft2/NSGD/results_figures/run_logs/event_budget_L11.log,1,1,node,A2,2.0,2205,71,2145,18,60,11,0,0.0321995464852607,0.0,0.9727891156462584,0.0049886621315192,4.588671614181446,0.9321550992350628,3.361519930191042,0.0306721280835285,0.2188024444794638,0.0455220121923487,,,,,211.79712924737717,11.0,0.0909090909090909,1100.0,0.0009090909090909,1.1,0.9090909090909092,0.11,9.090909090909092,,,,
event_budget,11,A1->A2->A3->A4->A5->A6->A7->A8->A9->A10->A11,/opt/Projects/Soft2/NSGD/logs/sanitycheck_event_budget_L11_arr10.0_20260427_120757,/opt/Projects/Soft2/NSGD/results_figures/run_logs/event_budget_L11.log,1,1,node,A3,3.0,2202,59,2151,24,50,9,0,0.0267938237965485,0.0,0.9768392370572208,0.0040871934604904,4.705480026445799,0.9084278035083964,3.519678534244023,0.0469519145832491,0.17990961355422,0.0505121605559104,,,,,211.79712924737717,11.0,0.0909090909090909,1100.0,0.0009090909090909,1.1,0.9090909090909092,0.11,9.090909090909092,,,,
event_budget,11,A1->A2->A3->A4->A5->A6->A7->A8->A9->A10->A11,/opt/Projects/Soft2/NSGD/logs/sanitycheck_event_budget_L11_arr10.0_20260427_120757,/opt/Projects/Soft2/NSGD/results_figures/run_logs/event_budget_L11.log,1,1,node,A4,4.0,2200,68,2140,17,60,8,0,0.0309090909090909,0.0,0.9727272727272728,0.0036363636363636,4.290383772009623,0.928509228686188,2.960957713384356,0.0258041568679615,0.3093244798151791,0.0657881932559382,,,,,211.79712924737717,11.0,0.0909090909090909,1100.0,0.0009090909090909,1.1,0.9090909090909092,0.11,9.090909090909092,,,,
event_budget,11,A1->A2->A3->A4->A5->A6->A7->A8->A9->A10->A11,/opt/Projects/Soft2/NSGD/logs/sanitycheck_event_budget_L11_arr10.0_20260427_120757,/opt/Projects/Soft2/NSGD/results_figures/run_logs/event_budget_L11.log,1,1,node,A5,5.0,2199,72,2139,21,60,12,0,0.0327421555252387,0.0,0.9727148703956344,0.0054570259208731,4.422338152405008,0.923051862403868,3.139026925050572,0.0697098807547572,0.2627563907885214,0.0277930934072888,,,,,211.79712924737717,11.0,0.0909090909090909,1100.0,0.0009090909090909,1.1,0.9090909090909092,0.11,9.090909090909092,,,,
event_budget,11,A1->A2->A3->A4->A5->A6->A7->A8->A9->A10->A11,/opt/Projects/Soft2/NSGD/logs/sanitycheck_event_budget_L11_arr10.0_20260427_120757,/opt/Projects/Soft2/NSGD/results_figures/run_logs/event_budget_L11.log,1,1,node,A6,6.0,2198,64,2142,15,56,8,0,0.0291173794358507,0.0,0.9745222929936306,0.0036396724294813,4.587679486986609,0.9489152019942724,3.345501729506283,0.0296132899412925,0.2198650156887864,0.043784249855975,,,,,211.79712924737717,11.0,0.0909090909090909,1100.0,0.0009090909090909,1.1,0.9090909090909092,0.11,9.090909090909092,,,,
event_budget,11,A1->A2->A3->A4->A5->A6->A7->A8->A9->A10->A11,/opt/Projects/Soft2/NSGD/logs/sanitycheck_event_budget_L11_arr10.0_20260427_120757,/opt/Projects/Soft2/NSGD/results_figures/run_logs/event_budget_L11.log,1,1,node,A7,7.0,2198,81,2123,19,75,6,0,0.0368516833484986,0.0,0.9658780709736124,0.002729754322111,4.389799625703981,0.9479184096570012,3.043990100917006,0.0867845818076954,0.2860470806868423,0.025059452635437,,,,,211.79712924737717,11.0,0.0909090909090909,1100.0,0.0009090909090909,1.1,0.9090909090909092,0.11,9.090909090909092,,,,
event_budget,11,A1->A2->A3->A4->A5->A6->A7->A8->A9->A10->A11,/opt/Projects/Soft2/NSGD/logs/sanitycheck_event_budget_L11_arr10.0_20260427_120757,/opt/Projects/Soft2/NSGD/results_figures/run_logs/event_budget_L11.log,1,1,node,A8,8.0,2196,77,2129,22,66,11,0,0.035063752276867,0.0,0.9694899817850636,0.0050091074681238,4.36923941376258,0.9594381675934238,3.0251126240822432,0.0556089544195114,0.2669848410951004,0.062094826572301,,,,,211.79712924737717,11.0,0.0909090909090909,1100.0,0.0009090909090909,1.1,0.9090909090909092,0.11,9.090909090909092,,,,
event_budget,11,A1->A2->A3->A4->A5->A6->A7->A8->A9->A10->A11,/opt/Projects/Soft2/NSGD/logs/sanitycheck_event_budget_L11_arr10.0_20260427_120757,/opt/Projects/Soft2/NSGD/results_figures/run_logs/event_budget_L11.log,1,1,node,A9,9.0,2193,72,2122,16,68,4,3,0.0328317373461012,0.0013679890560875,0.967624259005928,0.0018239854081167,4.47912005891856,0.9257575376105724,3.235124986723438,0.0336180204157375,0.2655293516904674,0.0190901624783448,,,,,211.79712924737717,11.0,0.0909090909090909,1100.0,0.0009090909090909,1.1,0.9090909090909092,0.11,9.090909090909092,,,,
event_budget,11,A1->A2->A3->A4->A5->A6->A7->A8->A9->A10->A11,/opt/Projects/Soft2/NSGD/logs/sanitycheck_event_budget_L11_arr10.0_20260427_120757,/opt/Projects/Soft2/NSGD/results_figures/run_logs/event_budget_L11.log,1,1,node,A10,10.0,2188,77,2108,16,68,9,11,0.0351919561243144,0.0050274223034734,0.9634369287020108,0.0041133455210237,4.426618866174005,0.9507478217717638,3.1496537716048043,0.059798919562159,0.2500985311784106,0.0163198220568666,,,,,211.79712924737717,11.0,0.0909090909090909,1100.0,0.0009090909090909,1.1,0.9090909090909092,0.11,9.090909090909092,,,,
event_budget,11,A1->A2->A3->A4->A5->A6->A7->A8->A9->A10->A11,/opt/Projects/Soft2/NSGD/logs/sanitycheck_event_budget_L11_arr10.0_20260427_120757,/opt/Projects/Soft2/NSGD/results_figures/run_logs/event_budget_L11.log,1,1,node,A11,11.0,2172,57,2114,19,50,7,8,0.0262430939226519,0.003683241252302,0.9732965009208104,0.0032228360957642,4.497796218607451,0.904610427063342,3.328592449989661,0.027999513079841,0.2016275356049471,0.0349662928696603,,,,,211.79712924737717,11.0,0.0909090909090909,1100.0,0.0009090909090909,1.1,0.9090909090909092,0.11,9.090909090909092,,,,
event_budget,12,A1->A2->A3->A4->A5->A6->A7->A8->A9->A10->A11->A12,/opt/Projects/Soft2/NSGD/logs/sanitycheck_event_budget_L12_arr10.0_20260427_120813,/opt/Projects/Soft2/NSGD/results_figures/run_logs/event_budget_L12.log,1,1,graph,ALL,,24104,805,23372,218,715,90,17,0.0333969465648854,0.0007052771324261,0.9696315964155326,0.0037338201128443,51.15896556895812,10.338574133865889,36.93349786558559,0.5668910253212508,2.903843561613439,0.4161589825719541,2014.0,22091.0,459.32234,435.64029213111263,193.57118453322263,12.0,0.0833333333333333,1200.0,0.0008333333333333,1.2000000000000002,0.8333333333333333,0.12,8.333333333333334,1.0,0.01,10.0,100.0
event_budget,12,A1->A2->A3->A4->A5->A6->A7->A8->A9->A10->A11->A12,/opt/Projects/Soft2/NSGD/logs/sanitycheck_event_budget_L12_arr10.0_20260427_120813,/opt/Projects/Soft2/NSGD/results_figures/run_logs/event_budget_L12.log,1,1,node,A1,1.0,2014,58,1963,23,51,7,0,0.0287984111221449,0.0,0.9746772591857,0.003475670307845,4.440327614502921,0.8929498605217436,3.2061137990416806,0.0682976950241299,0.2282406003322899,0.0447256595830767,,,,,193.57118453322263,12.0,0.0833333333333333,1200.0,0.0008333333333333,1.2000000000000002,0.8333333333333333,0.12,8.333333333333334,,,,
event_budget,12,A1->A2->A3->A4->A5->A6->A7->A8->A9->A10->A11->A12,/opt/Projects/Soft2/NSGD/logs/sanitycheck_event_budget_L12_arr10.0_20260427_120813,/opt/Projects/Soft2/NSGD/results_figures/run_logs/event_budget_L12.log,1,1,node,A2,2.0,2013,67,1954,20,59,8,0,0.0332836562344759,0.0,0.9706905116741182,0.0039741679085941,4.1499915974342745,0.8497571110877188,3.0017062010180644,0.0462051220976714,0.234717516143513,0.017605647087307,,,,,193.57118453322263,12.0,0.0833333333333333,1200.0,0.0008333333333333,1.2000000000000002,0.8333333333333333,0.12,8.333333333333334,,,,
event_budget,12,A1->A2->A3->A4->A5->A6->A7->A8->A9->A10->A11->A12,/opt/Projects/Soft2/NSGD/logs/sanitycheck_event_budget_L12_arr10.0_20260427_120813,/opt/Projects/Soft2/NSGD/results_figures/run_logs/event_budget_L12.log,1,1,node,A3,3.0,2013,65,1957,17,56,9,0,0.0322901142573273,0.0,0.972180824639841,0.0044709388971684,4.055981325467959,0.8288122225944073,2.9496885809434006,0.012841527607349,0.2237881269774462,0.0408508673453562,,,,,193.57118453322263,12.0,0.0833333333333333,1200.0,0.0008333333333333,1.2000000000000002,0.8333333333333333,0.12,8.333333333333334,,,,
event_budget,12,A1->A2->A3->A4->A5->A6->A7->A8->A9->A10->A11->A12,/opt/Projects/Soft2/NSGD/logs/sanitycheck_event_budget_L12_arr10.0_20260427_120813,/opt/Projects/Soft2/NSGD/results_figures/run_logs/event_budget_L12.log,1,1,node,A4,4.0,2013,55,1965,16,48,7,0,0.0273224043715847,0.0,0.9761549925484352,0.0034773969200198,4.288310148725725,0.853534319731755,3.0911089781769325,0.060632959113437,0.2124396165858303,0.0705942751177701,,,,,193.57118453322263,12.0,0.0833333333333333,1200.0,0.0008333333333333,1.2000000000000002,0.8333333333333333,0.12,8.333333333333334,,,,
event_budget,12,A1->A2->A3->A4->A5->A6->A7->A8->A9->A10->A11->A12,/opt/Projects/Soft2/NSGD/logs/sanitycheck_event_budget_L12_arr10.0_20260427_120813,/opt/Projects/Soft2/NSGD/results_figures/run_logs/event_budget_L12.log,1,1,node,A5,5.0,2011,74,1950,22,61,13,0,0.0367976131277971,0.0,0.9696668324216808,0.0064644455494778,4.37158999329585,0.8555730074134218,3.1429550236549355,0.0713008562433634,0.2553493501126438,0.0464117558714851,,,,,193.57118453322263,12.0,0.0833333333333333,1200.0,0.0008333333333333,1.2000000000000002,0.8333333333333333,0.12,8.333333333333334,,,,
event_budget,12,A1->A2->A3->A4->A5->A6->A7->A8->A9->A10->A11->A12,/opt/Projects/Soft2/NSGD/logs/sanitycheck_event_budget_L12_arr10.0_20260427_120813,/opt/Projects/Soft2/NSGD/results_figures/run_logs/event_budget_L12.log,1,1,node,A6,6.0,2011,68,1949,20,62,6,0,0.0338140228741919,0.0,0.9691695673794132,0.0029835902536051,4.243572751949658,0.8645304164395157,3.0414211701928293,0.0584839365637968,0.2557319781124833,0.023405250641033,,,,,193.57118453322263,12.0,0.0833333333333333,1200.0,0.0008333333333333,1.2000000000000002,0.8333333333333333,0.12,8.333333333333334,,,,
event_budget,12,A1->A2->A3->A4->A5->A6->A7->A8->A9->A10->A11->A12,/opt/Projects/Soft2/NSGD/logs/sanitycheck_event_budget_L12_arr10.0_20260427_120813,/opt/Projects/Soft2/NSGD/results_figures/run_logs/event_budget_L12.log,1,1,node,A7,7.0,2010,78,1941,19,69,9,0,0.0388059701492537,0.0,0.9656716417910448,0.0044776119402985,4.436252719144128,0.8714698107065426,3.2015831464739777,0.0408460902981378,0.2947066744145846,0.0276469972508849,,,,,193.57118453322263,12.0,0.0833333333333333,1200.0,0.0008333333333333,1.2000000000000002,0.8333333333333333,0.12,8.333333333333334,,,,
event_budget,12,A1->A2->A3->A4->A5->A6->A7->A8->A9->A10->A11->A12,/opt/Projects/Soft2/NSGD/logs/sanitycheck_event_budget_L12_arr10.0_20260427_120813,/opt/Projects/Soft2/NSGD/results_figures/run_logs/event_budget_L12.log,1,1,node,A8,8.0,2010,71,1944,16,66,5,0,0.0353233830845771,0.0,0.9671641791044776,0.0024875621890547,4.269673093845279,0.8776665897332518,3.0344121880401054,0.0705466351150348,0.276277273107926,0.0107704078489614,,,,,193.57118453322263,12.0,0.0833333333333333,1200.0,0.0008333333333333,1.2000000000000002,0.8333333333333333,0.12,8.333333333333334,,,,
event_budget,12,A1->A2->A3->A4->A5->A6->A7->A8->A9->A10->A11->A12,/opt/Projects/Soft2/NSGD/logs/sanitycheck_event_budget_L12_arr10.0_20260427_120813,/opt/Projects/Soft2/NSGD/results_figures/run_logs/event_budget_L12.log,1,1,node,A9,9.0,2009,77,1940,18,69,8,0,0.0383275261324041,0.0,0.9656545545047288,0.0039820806371329,4.058381810213082,0.8447985084931978,2.8874495117612806,0.0332318764248611,0.2517765000413262,0.0411254134924165,,,,,193.57118453322263,12.0,0.0833333333333333,1200.0,0.0008333333333333,1.2000000000000002,0.8333333333333333,0.12,8.333333333333334,,,,
event_budget,12,A1->A2->A3->A4->A5->A6->A7->A8->A9->A10->A11->A12,/opt/Projects/Soft2/NSGD/logs/sanitycheck_event_budget_L12_arr10.0_20260427_120813,/opt/Projects/Soft2/NSGD/results_figures/run_logs/event_budget_L12.log,1,1,node,A10,10.0,2008,72,1940,16,65,7,3,0.0358565737051792,0.0014940239043824,0.9661354581673308,0.0034860557768924,4.639532101847292,0.879489584321697,3.435047338660887,0.0391342971724339,0.241880458375906,0.0439804233163675,,,,,193.57118453322263,12.0,0.0833333333333333,1200.0,0.0008333333333333,1.2000000000000002,0.8333333333333333,0.12,8.333333333333334,,,,
event_budget,12,A1->A2->A3->A4->A5->A6->A7->A8->A9->A10->A11->A12,/opt/Projects/Soft2/NSGD/logs/sanitycheck_event_budget_L12_arr10.0_20260427_120813,/opt/Projects/Soft2/NSGD/results_figures/run_logs/event_budget_L12.log,1,1,node,A11,11.0,2003,56,1935,12,54,2,14,0.0279580629056415,0.0069895157264103,0.966050923614578,0.00099850224663,4.031609070957616,0.8275422524142492,2.9419982560367512,0.0189583167421608,0.2279528349103882,0.0151574108540656,,,,,193.57118453322263,12.0,0.0833333333333333,1200.0,0.0008333333333333,1.2000000000000002,0.8333333333333333,0.12,8.333333333333334,,,,
event_budget,12,A1->A2->A3->A4->A5->A6->A7->A8->A9->A10->A11->A12,/opt/Projects/Soft2/NSGD/logs/sanitycheck_event_budget_L12_arr10.0_20260427_120813,/opt/Projects/Soft2/NSGD/results_figures/run_logs/event_budget_L12.log,1,1,node,A12,12.0,1989,64,1934,19,55,9,0,0.0321769733534439,0.0,0.972347913524384,0.004524886877828,4.17374334157434,0.8924504504083868,3.000013671584748,0.0464117129188744,0.2009826324991014,0.0338848741632296,,,,,193.57118453322263,12.0,0.0833333333333333,1200.0,0.0008333333333333,1.2000000000000002,0.8333333333333333,0.12,8.333333333333334,,,,
event_budget,13,A1->A2->A3->A4->A5->A6->A7->A8->A9->A10->A11->A12->A13,/opt/Projects/Soft2/NSGD/logs/sanitycheck_event_budget_L13_arr10.0_20260427_120830,/opt/Projects/Soft2/NSGD/results_figures/run_logs/event_budget_L13.log,1,1,graph,ALL,,24089,848,23305,227,740,108,44,0.0352027896550292,0.0018265598405911,0.967454024658558,0.0044833741541782,53.28778026829919,10.36906809759409,38.808247550603696,0.4547150553160396,3.1454971591150644,0.5102524056702936,1862.0,22227.0,498.94862,474.1128427778453,178.52789883549298,13.0,0.0769230769230769,1300.0,0.0007692307692307,1.3,0.7692307692307692,0.13,7.692307692307692,1.0,0.01,10.0,100.0
event_budget,13,A1->A2->A3->A4->A5->A6->A7->A8->A9->A10->A11->A12->A13,/opt/Projects/Soft2/NSGD/logs/sanitycheck_event_budget_L13_arr10.0_20260427_120830,/opt/Projects/Soft2/NSGD/results_figures/run_logs/event_budget_L13.log,1,1,node,A1,1.0,1862,69,1804,15,58,11,0,0.0370569280343716,0.0,0.9688506981740064,0.005907626208378,4.376881194099855,0.822983718023837,3.212542548719344,0.0323021563487477,0.2575921247263544,0.0514606462815716,,,,,178.52789883549298,13.0,0.0769230769230769,1300.0,0.0007692307692307,1.3,0.7692307692307692,0.13,7.692307692307692,,,,
event_budget,13,A1->A2->A3->A4->A5->A6->A7->A8->A9->A10->A11->A12->A13,/opt/Projects/Soft2/NSGD/logs/sanitycheck_event_budget_L13_arr10.0_20260427_120830,/opt/Projects/Soft2/NSGD/results_figures/run_logs/event_budget_L13.log,1,1,node,A2,2.0,1861,59,1810,19,51,8,0,0.0317033852767329,0.0,0.9725953788285868,0.0042987641053197,4.071079423706567,0.7843577114641808,3.02549943361231,0.0275546426486546,0.1700693501221432,0.0635982858592782,,,,,178.52789883549298,13.0,0.0769230769230769,1300.0,0.0007692307692307,1.3,0.7692307692307692,0.13,7.692307692307692,,,,
event_budget,13,A1->A2->A3->A4->A5->A6->A7->A8->A9->A10->A11->A12->A13,/opt/Projects/Soft2/NSGD/logs/sanitycheck_event_budget_L13_arr10.0_20260427_120830,/opt/Projects/Soft2/NSGD/results_figures/run_logs/event_budget_L13.log,1,1,node,A3,3.0,1860,55,1813,26,47,8,0,0.0295698924731182,0.0,0.9747311827956988,0.0043010752688172,3.8407464029200606,0.7606899191056291,2.8023378561751207,0.0654096318355593,0.1808684554559906,0.031440540347761,,,,,178.52789883549298,13.0,0.0769230769230769,1300.0,0.0007692307692307,1.3,0.7692307692307692,0.13,7.692307692307692,,,,
event_budget,13,A1->A2->A3->A4->A5->A6->A7->A8->A9->A10->A11->A12->A13,/opt/Projects/Soft2/NSGD/logs/sanitycheck_event_budget_L13_arr10.0_20260427_120830,/opt/Projects/Soft2/NSGD/results_figures/run_logs/event_budget_L13.log,1,1,node,A4,4.0,1859,63,1806,20,53,10,0,0.0338891877353415,0.0,0.9714900484131254,0.0053792361484669,4.273150375114222,0.7984840481419009,3.0898332030517524,0.0379124420569036,0.2830762077765015,0.0638444740871632,,,,,178.52789883549298,13.0,0.0769230769230769,1300.0,0.0007692307692307,1.3,0.7692307692307692,0.13,7.692307692307692,,,,
event_budget,13,A1->A2->A3->A4->A5->A6->A7->A8->A9->A10->A11->A12->A13,/opt/Projects/Soft2/NSGD/logs/sanitycheck_event_budget_L13_arr10.0_20260427_120830,/opt/Projects/Soft2/NSGD/results_figures/run_logs/event_budget_L13.log,1,1,node,A5,5.0,1858,55,1808,19,50,5,0,0.0296017222820236,0.0,0.9730893433799784,0.0026910656620021,4.007591607451602,0.7875900394132269,2.906795170234936,0.0746735247198056,0.2195481195723352,0.0189847535112982,,,,,178.52789883549298,13.0,0.0769230769230769,1300.0,0.0007692307692307,1.3,0.7692307692307692,0.13,7.692307692307692,,,,
event_budget,13,A1->A2->A3->A4->A5->A6->A7->A8->A9->A10->A11->A12->A13,/opt/Projects/Soft2/NSGD/logs/sanitycheck_event_budget_L13_arr10.0_20260427_120830,/opt/Projects/Soft2/NSGD/results_figures/run_logs/event_budget_L13.log,1,1,node,A6,6.0,1858,67,1804,21,54,13,0,0.0360602798708288,0.0,0.9709364908503768,0.0069967707212055,4.057319214397885,0.8065522570960458,2.9417162860165185,0.0233308150170446,0.2267986518376789,0.0589212044305971,,,,,178.52789883549298,13.0,0.0769230769230769,1300.0,0.0007692307692307,1.3,0.7692307692307692,0.13,7.692307692307692,,,,
event_budget,13,A1->A2->A3->A4->A5->A6->A7->A8->A9->A10->A11->A12->A13,/opt/Projects/Soft2/NSGD/logs/sanitycheck_event_budget_L13_arr10.0_20260427_120830,/opt/Projects/Soft2/NSGD/results_figures/run_logs/event_budget_L13.log,1,1,node,A7,7.0,1854,66,1796,19,58,8,0,0.0355987055016181,0.0,0.9687162891046386,0.0043149946062567,3.975652263533923,0.8082169535321732,2.8449732606598115,0.0287350654265208,0.2644190312860927,0.0293079526293248,,,,,178.52789883549298,13.0,0.0769230769230769,1300.0,0.0007692307692307,1.3,0.7692307692307692,0.13,7.692307692307692,,,,
event_budget,13,A1->A2->A3->A4->A5->A6->A7->A8->A9->A10->A11->A12->A13,/opt/Projects/Soft2/NSGD/logs/sanitycheck_event_budget_L13_arr10.0_20260427_120830,/opt/Projects/Soft2/NSGD/results_figures/run_logs/event_budget_L13.log,1,1,node,A8,8.0,1853,69,1792,20,61,8,0,0.0372369131138694,0.0,0.9670804101457096,0.004317323259579,4.098686783911752,0.8148787377525952,2.9271627240351368,0.0363391232475043,0.2874763712303009,0.032829827646215,,,,,178.52789883549298,13.0,0.0769230769230769,1300.0,0.0007692307692307,1.3,0.7692307692307692,0.13,7.692307692307692,,,,
event_budget,13,A1->A2->A3->A4->A5->A6->A7->A8->A9->A10->A11->A12->A13,/opt/Projects/Soft2/NSGD/logs/sanitycheck_event_budget_L13_arr10.0_20260427_120830,/opt/Projects/Soft2/NSGD/results_figures/run_logs/event_budget_L13.log,1,1,node,A9,9.0,1852,68,1792,16,60,8,0,0.0367170626349892,0.0,0.9676025917926566,0.0043196544276457,4.224213122602346,0.7778586182679993,3.146387716317421,0.0262215886425635,0.237776881289378,0.035968318084984,,,,,178.52789883549298,13.0,0.0769230769230769,1300.0,0.0007692307692307,1.3,0.7692307692307692,0.13,7.692307692307692,,,,
event_budget,13,A1->A2->A3->A4->A5->A6->A7->A8->A9->A10->A11->A12->A13,/opt/Projects/Soft2/NSGD/logs/sanitycheck_event_budget_L13_arr10.0_20260427_120830,/opt/Projects/Soft2/NSGD/results_figures/run_logs/event_budget_L13.log,1,1,node,A10,10.0,1850,76,1784,17,66,10,0,0.041081081081081,0.0,0.9643243243243244,0.0054054054054054,4.306077923281332,0.8068962716257588,3.1717836377731325,0.0359476110417701,0.2610818263565575,0.0303685764841117,,,,,178.52789883549298,13.0,0.0769230769230769,1300.0,0.0007692307692307,1.3,0.7692307692307692,0.13,7.692307692307692,,,,
event_budget,13,A1->A2->A3->A4->A5->A6->A7->A8->A9->A10->A11->A12->A13,/opt/Projects/Soft2/NSGD/logs/sanitycheck_event_budget_L13_arr10.0_20260427_120830,/opt/Projects/Soft2/NSGD/results_figures/run_logs/event_budget_L13.log,1,1,node,A11,11.0,1849,72,1782,18,59,13,8,0.038939967550027,0.0043266630611141,0.9637641968631692,0.0070308274743104,3.663347654683693,0.7737577491260234,2.5857086903963107,0.0349091246748833,0.2189033104404055,0.0500687800460703,,,,,178.52789883549298,13.0,0.0769230769230769,1300.0,0.0007692307692307,1.3,0.7692307692307692,0.13,7.692307692307692,,,,
event_budget,13,A1->A2->A3->A4->A5->A6->A7->A8->A9->A10->A11->A12->A13,/opt/Projects/Soft2/NSGD/logs/sanitycheck_event_budget_L13_arr10.0_20260427_120830,/opt/Projects/Soft2/NSGD/results_figures/run_logs/event_budget_L13.log,1,1,node,A12,12.0,1841,72,1765,10,69,3,7,0.0391091797935904,0.0038022813688212,0.9587180879956544,0.0016295491580662,4.093125761863148,0.8155359087116755,2.9364799197835425,0.0218340064798413,0.2819055608179896,0.0373703660701001,,,,,178.52789883549298,13.0,0.0769230769230769,1300.0,0.0007692307692307,1.3,0.7692307692307692,0.13,7.692307692307692,,,,
event_budget,13,A1->A2->A3->A4->A5->A6->A7->A8->A9->A10->A11->A12->A13,/opt/Projects/Soft2/NSGD/logs/sanitycheck_event_budget_L13_arr10.0_20260427_120830,/opt/Projects/Soft2/NSGD/results_figures/run_logs/event_budget_L13.log,1,1,node,A13,13.0,1832,57,1749,7,54,3,29,0.0311135371179039,0.0158296943231441,0.9546943231441049,0.0016375545851528,4.299908540732805,0.8112661653330456,3.2170271038283644,0.0095453231762404,0.2559812682033363,0.006088680191818,,,,,178.52789883549298,13.0,0.0769230769230769,1300.0,0.0007692307692307,1.3,0.7692307692307692,0.13,7.692307692307692,,,,
event_budget,14,A1->A2->A3->A4->A5->A6->A7->A8->A9->A10->A11->A12->A13->A14,/opt/Projects/Soft2/NSGD/logs/sanitycheck_event_budget_L14_arr10.0_20260427_120848,/opt/Projects/Soft2/NSGD/results_figures/run_logs/event_budget_L14.log,1,1,graph,ALL,,23999,925,23127,233,830,95,41,0.0385432726363598,0.0017084045168548,0.9636651527146964,0.0039584982707612,55.466653058398855,10.3268981899185,40.65345726861634,0.5398387096923426,3.4681055399688225,0.4783533502028444,1726.0,22274.0,542.6352,508.7111897436383,165.74803345545544,14.0,0.0714285714285714,1400.0,0.0007142857142857,1.4,0.7142857142857142,0.14,7.142857142857142,1.0,0.01,9.999999999999998,100.0
event_budget,14,A1->A2->A3->A4->A5->A6->A7->A8->A9->A10->A11->A12->A13->A14,/opt/Projects/Soft2/NSGD/logs/sanitycheck_event_budget_L14_arr10.0_20260427_120848,/opt/Projects/Soft2/NSGD/results_figures/run_logs/event_budget_L14.log,1,1,node,A1,1.0,1726,59,1671,16,55,4,0,0.0341830822711471,0.0,0.9681344148319816,0.0023174971031286,4.026242589844562,0.7687478143335447,2.9205655427118544,0.0220751691044972,0.3004401987902453,0.0144138649044204,,,,,165.74803345545544,14.0,0.0714285714285714,1400.0,0.0007142857142857,1.4,0.7142857142857142,0.14,7.142857142857142,,,,
event_budget,14,A1->A2->A3->A4->A5->A6->A7->A8->A9->A10->A11->A12->A13->A14,/opt/Projects/Soft2/NSGD/logs/sanitycheck_event_budget_L14_arr10.0_20260427_120848,/opt/Projects/Soft2/NSGD/results_figures/run_logs/event_budget_L14.log,1,1,node,A2,2.0,1724,68,1663,22,61,7,0,0.0394431554524361,0.0,0.96461716937355,0.004060324825986,3.7353492756979416,0.7266161820924534,2.7031096301538984,0.0555128730400655,0.2111080771155776,0.0390025132959467,,,,,165.74803345545544,14.0,0.0714285714285714,1400.0,0.0007142857142857,1.4,0.7142857142857142,0.14,7.142857142857142,,,,
event_budget,14,A1->A2->A3->A4->A5->A6->A7->A8->A9->A10->A11->A12->A13->A14,/opt/Projects/Soft2/NSGD/logs/sanitycheck_event_budget_L14_arr10.0_20260427_120848,/opt/Projects/Soft2/NSGD/results_figures/run_logs/event_budget_L14.log,1,1,node,A3,3.0,1723,53,1674,11,49,4,0,0.0307603017991874,0.0,0.971561230412072,0.0023215322112594,3.730672260204368,0.7025744861524658,2.800119631114848,0.0137049171483603,0.1952063346003718,0.0190668911883211,,,,,165.74803345545544,14.0,0.0714285714285714,1400.0,0.0007142857142857,1.4,0.7142857142857142,0.14,7.142857142857142,,,,
event_budget,14,A1->A2->A3->A4->A5->A6->A7->A8->A9->A10->A11->A12->A13->A14,/opt/Projects/Soft2/NSGD/logs/sanitycheck_event_budget_L14_arr10.0_20260427_120848,/opt/Projects/Soft2/NSGD/results_figures/run_logs/event_budget_L14.log,1,1,node,A4,4.0,1722,70,1663,20,59,11,0,0.040650406504065,0.0,0.9657375145180024,0.0063879210220673,4.028428535151523,0.7411756727537038,2.8748385920697106,0.041205110323734,0.2955843278251679,0.0756248321792068,,,,,165.74803345545544,14.0,0.0714285714285714,1400.0,0.0007142857142857,1.4,0.7142857142857142,0.14,7.142857142857142,,,,
event_budget,14,A1->A2->A3->A4->A5->A6->A7->A8->A9->A10->A11->A12->A13->A14,/opt/Projects/Soft2/NSGD/logs/sanitycheck_event_budget_L14_arr10.0_20260427_120848,/opt/Projects/Soft2/NSGD/results_figures/run_logs/event_budget_L14.log,1,1,node,A5,5.0,1721,72,1657,22,64,8,0,0.041836141778036,0.0,0.9628123184195236,0.0046484601975595,4.140949194384836,0.7280151212299941,3.0338145310389546,0.0680826388448419,0.2604775916181328,0.0505593116529124,,,,,165.74803345545544,14.0,0.0714285714285714,1400.0,0.0007142857142857,1.4,0.7142857142857142,0.14,7.142857142857142,,,,
event_budget,14,A1->A2->A3->A4->A5->A6->A7->A8->A9->A10->A11->A12->A13->A14,/opt/Projects/Soft2/NSGD/logs/sanitycheck_event_budget_L14_arr10.0_20260427_120848,/opt/Projects/Soft2/NSGD/results_figures/run_logs/event_budget_L14.log,1,1,node,A6,6.0,1720,70,1654,14,66,4,0,0.0406976744186046,0.0,0.9616279069767442,0.0023255813953488,4.175497440829313,0.747571717152285,3.106076075782595,0.0410246987951949,0.2624098820928416,0.0184150670063956,,,,,165.74803345545544,14.0,0.0714285714285714,1400.0,0.0007142857142857,1.4,0.7142857142857142,0.14,7.142857142857142,,,,
event_budget,14,A1->A2->A3->A4->A5->A6->A7->A8->A9->A10->A11->A12->A13->A14,/opt/Projects/Soft2/NSGD/logs/sanitycheck_event_budget_L14_arr10.0_20260427_120848,/opt/Projects/Soft2/NSGD/results_figures/run_logs/event_budget_L14.log,1,1,node,A7,7.0,1719,75,1653,18,66,9,0,0.0436300174520069,0.0,0.961605584642234,0.0052356020942408,3.935836874181914,0.7512109093253708,2.8405143923467198,0.0434754326908483,0.2555543687882934,0.0450817710306826,,,,,165.74803345545544,14.0,0.0714285714285714,1400.0,0.0007142857142857,1.4,0.7142857142857142,0.14,7.142857142857142,,,,
event_budget,14,A1->A2->A3->A4->A5->A6->A7->A8->A9->A10->A11->A12->A13->A14,/opt/Projects/Soft2/NSGD/logs/sanitycheck_event_budget_L14_arr10.0_20260427_120848,/opt/Projects/Soft2/NSGD/results_figures/run_logs/event_budget_L14.log,1,1,node,A8,8.0,1719,81,1646,18,72,9,0,0.0471204188481675,0.0,0.9575334496800464,0.0052356020942408,4.155769999064468,0.7505569209957691,3.014730996957783,0.0331724315390922,0.3085815891652975,0.048728060406525,,,,,165.74803345545544,14.0,0.0714285714285714,1400.0,0.0007142857142857,1.4,0.7142857142857142,0.14,7.142857142857142,,,,
event_budget,14,A1->A2->A3->A4->A5->A6->A7->A8->A9->A10->A11->A12->A13->A14,/opt/Projects/Soft2/NSGD/logs/sanitycheck_event_budget_L14_arr10.0_20260427_120848,/opt/Projects/Soft2/NSGD/results_figures/run_logs/event_budget_L14.log,1,1,node,A9,9.0,1718,67,1660,18,58,9,0,0.0389988358556461,0.0,0.9662398137369034,0.0052386495925494,3.9716712788865633,0.7187099177781303,2.9533644574670004,0.01873775381253,0.2455150120878058,0.0353441377410962,,,,,165.74803345545544,14.0,0.0714285714285714,1400.0,0.0007142857142857,1.4,0.7142857142857142,0.14,7.142857142857142,,,,
event_budget,14,A1->A2->A3->A4->A5->A6->A7->A8->A9->A10->A11->A12->A13->A14,/opt/Projects/Soft2/NSGD/logs/sanitycheck_event_budget_L14_arr10.0_20260427_120848,/opt/Projects/Soft2/NSGD/results_figures/run_logs/event_budget_L14.log,1,1,node,A10,10.0,1715,75,1646,16,69,6,0,0.0437317784256559,0.0,0.9597667638483964,0.0034985422740524,4.120066279966004,0.7475865908790337,3.0274814439549638,0.0447953840117016,0.2693213724284748,0.0308814886918298,,,,,165.74803345545544,14.0,0.0714285714285714,1400.0,0.0007142857142857,1.4,0.7142857142857142,0.14,7.142857142857142,,,,
event_budget,14,A1->A2->A3->A4->A5->A6->A7->A8->A9->A10->A11->A12->A13->A14,/opt/Projects/Soft2/NSGD/logs/sanitycheck_event_budget_L14_arr10.0_20260427_120848,/opt/Projects/Soft2/NSGD/results_figures/run_logs/event_budget_L14.log,1,1,node,A11,11.0,1712,60,1654,7,55,5,3,0.0350467289719626,0.0017523364485981,0.9661214953271028,0.0029205607476635,3.695190533676535,0.714937851766941,2.760204985271601,0.0146811225012701,0.1975554653111785,0.0078111088255444,,,,,165.74803345545544,14.0,0.0714285714285714,1400.0,0.0007142857142857,1.4,0.7142857142857142,0.14,7.142857142857142,,,,
event_budget,14,A1->A2->A3->A4->A5->A6->A7->A8->A9->A10->A11->A12->A13->A14,/opt/Projects/Soft2/NSGD/logs/sanitycheck_event_budget_L14_arr10.0_20260427_120848,/opt/Projects/Soft2/NSGD/results_figures/run_logs/event_budget_L14.log,1,1,node,A12,12.0,1709,58,1644,16,53,5,12,0.0339379754242246,0.0070216500877706,0.9619660620245758,0.002925687536571,3.762818531518817,0.75828194888716,2.759612051805368,0.0566552438511698,0.1793564873399596,0.0089127996351589,,,,,165.74803345545544,14.0,0.0714285714285714,1400.0,0.0007142857142857,1.4,0.7142857142857142,0.14,7.142857142857142,,,,
event_budget,14,A1->A2->A3->A4->A5->A6->A7->A8->A9->A10->A11->A12->A13->A14,/opt/Projects/Soft2/NSGD/logs/sanitycheck_event_budget_L14_arr10.0_20260427_120848,/opt/Projects/Soft2/NSGD/results_figures/run_logs/event_budget_L14.log,1,1,node,A13,13.0,1697,44,1637,18,38,6,22,0.0259281084266352,0.0129640542133176,0.9646434885091336,0.0035356511490866,4.220632660802509,0.7565119751281778,3.2052846921346707,0.0372982578111978,0.1985397751112967,0.0229979606171659,,,,,165.74803345545544,14.0,0.0714285714285714,1400.0,0.0007142857142857,1.4,0.7142857142857142,0.14,7.142857142857142,,,,
event_budget,14,A1->A2->A3->A4->A5->A6->A7->A8->A9->A10->A11->A12->A13->A14,/opt/Projects/Soft2/NSGD/logs/sanitycheck_event_budget_L14_arr10.0_20260427_120848,/opt/Projects/Soft2/NSGD/results_figures/run_logs/event_budget_L14.log,1,1,node,A14,14.0,1674,73,1605,17,65,8,4,0.0436081242532855,0.002389486260454,0.9587813620071683,0.004778972520908,3.767527604189502,0.714401081443472,2.6537402458063752,0.0494176762178382,0.2884550576941785,0.0615135430276381,,,,,165.74803345545544,14.0,0.0714285714285714,1400.0,0.0007142857142857,1.4,0.7142857142857142,0.14,7.142857142857142,,,,
event_budget,15,A1->A2->A3->A4->A5->A6->A7->A8->A9->A10->A11->A12->A13->A14->A15,/opt/Projects/Soft2/NSGD/logs/sanitycheck_event_budget_L15_arr10.0_20260427_120908,/opt/Projects/Soft2/NSGD/results_figures/run_logs/event_budget_L15.log,1,1,graph,ALL,,23990,962,23089,224,852,110,49,0.040100041684035,0.0020425177157148,0.962442684451855,0.0045852438516048,57.71753444112028,10.312343863060136,42.87362508426212,0.5104601364691475,3.5857850995733167,0.4353202577555512,1614.0,22377.0,547.52938,520.8279572334607,154.6937077854992,15.0,0.0666666666666666,1500.0,0.0006666666666666,1.5,0.6666666666666666,0.15,6.666666666666667,1.0,0.01,10.0,100.0
event_budget,15,A1->A2->A3->A4->A5->A6->A7->A8->A9->A10->A11->A12->A13->A14->A15,/opt/Projects/Soft2/NSGD/logs/sanitycheck_event_budget_L15_arr10.0_20260427_120908,/opt/Projects/Soft2/NSGD/results_figures/run_logs/event_budget_L15.log,1,1,node,A1,1.0,1614,57,1561,16,53,4,0,0.0353159851301115,0.0,0.9671623296158612,0.0024783147459727,3.934886550040795,0.7170364181941699,2.904545554930562,0.0472025755410086,0.2488694543672353,0.0172325470078189,,,,,154.6937077854992,15.0,0.0666666666666666,1500.0,0.0006666666666666,1.5,0.6666666666666666,0.15,6.666666666666667,,,,
event_budget,15,A1->A2->A3->A4->A5->A6->A7->A8->A9->A10->A11->A12->A13->A14->A15,/opt/Projects/Soft2/NSGD/logs/sanitycheck_event_budget_L15_arr10.0_20260427_120908,/opt/Projects/Soft2/NSGD/results_figures/run_logs/event_budget_L15.log,1,1,node,A2,2.0,1613,76,1544,11,69,7,0,0.0471171729696218,0.0,0.9572225666460012,0.004339739615623,3.874477465525048,0.6839637304011185,2.889314848932068,0.0180373199809064,0.2580161339610454,0.0251454322499091,,,,,154.6937077854992,15.0,0.0666666666666666,1500.0,0.0006666666666666,1.5,0.6666666666666666,0.15,6.666666666666667,,,,
event_budget,15,A1->A2->A3->A4->A5->A6->A7->A8->A9->A10->A11->A12->A13->A14->A15,/opt/Projects/Soft2/NSGD/logs/sanitycheck_event_budget_L15_arr10.0_20260427_120908,/opt/Projects/Soft2/NSGD/results_figures/run_logs/event_budget_L15.log,1,1,node,A3,3.0,1612,54,1567,17,45,9,0,0.0334987593052109,0.0,0.9720843672456576,0.0055831265508684,3.5230894172917457,0.667898473955329,2.624370899569588,0.0168758095983273,0.1804479289421902,0.0334963052263123,,,,,154.6937077854992,15.0,0.0666666666666666,1500.0,0.0006666666666666,1.5,0.6666666666666666,0.15,6.666666666666667,,,,
event_budget,15,A1->A2->A3->A4->A5->A6->A7->A8->A9->A10->A11->A12->A13->A14->A15,/opt/Projects/Soft2/NSGD/logs/sanitycheck_event_budget_L15_arr10.0_20260427_120908,/opt/Projects/Soft2/NSGD/results_figures/run_logs/event_budget_L15.log,1,1,node,A4,4.0,1612,55,1566,19,46,9,0,0.0341191066997518,0.0,0.9714640198511166,0.0055831265508684,3.979830040485424,0.6857281534357104,2.9499388329948952,0.0578189885090571,0.2386145956652396,0.0477294698805218,,,,,154.6937077854992,15.0,0.0666666666666666,1500.0,0.0006666666666666,1.5,0.6666666666666666,0.15,6.666666666666667,,,,
event_budget,15,A1->A2->A3->A4->A5->A6->A7->A8->A9->A10->A11->A12->A13->A14->A15,/opt/Projects/Soft2/NSGD/logs/sanitycheck_event_budget_L15_arr10.0_20260427_120908,/opt/Projects/Soft2/NSGD/results_figures/run_logs/event_budget_L15.log,1,1,node,A5,5.0,1612,70,1550,16,62,8,0,0.043424317617866,0.0,0.9615384615384616,0.0049627791563275,4.203230585667829,0.6738676511264533,3.185468052474214,0.0474521335758503,0.2717795461841442,0.0246632023071674,,,,,154.6937077854992,15.0,0.0666666666666666,1500.0,0.0006666666666666,1.5,0.6666666666666666,0.15,6.666666666666667,,,,
event_budget,15,A1->A2->A3->A4->A5->A6->A7->A8->A9->A10->A11->A12->A13->A14->A15,/opt/Projects/Soft2/NSGD/logs/sanitycheck_event_budget_L15_arr10.0_20260427_120908,/opt/Projects/Soft2/NSGD/results_figures/run_logs/event_budget_L15.log,1,1,node,A6,6.0,1610,76,1544,15,66,10,0,0.0472049689440993,0.0,0.9590062111801242,0.0062111801242236,3.885073875636361,0.6989275439427927,2.8575469313835185,0.0311753955383013,0.2657816358774048,0.0316423688943431,,,,,154.6937077854992,15.0,0.0666666666666666,1500.0,0.0006666666666666,1.5,0.6666666666666666,0.15,6.666666666666667,,,,
event_budget,15,A1->A2->A3->A4->A5->A6->A7->A8->A9->A10->A11->A12->A13->A14->A15,/opt/Projects/Soft2/NSGD/logs/sanitycheck_event_budget_L15_arr10.0_20260427_120908,/opt/Projects/Soft2/NSGD/results_figures/run_logs/event_budget_L15.log,1,1,node,A7,7.0,1608,74,1547,22,61,13,0,0.0460199004975124,0.0,0.9620646766169154,0.0080845771144278,3.816261120677999,0.700616589228882,2.775889003459195,0.0524695346918018,0.2514730802795504,0.0358129130185695,,,,,154.6937077854992,15.0,0.0666666666666666,1500.0,0.0006666666666666,1.5,0.6666666666666666,0.15,6.666666666666667,,,,
event_budget,15,A1->A2->A3->A4->A5->A6->A7->A8->A9->A10->A11->A12->A13->A14->A15,/opt/Projects/Soft2/NSGD/logs/sanitycheck_event_budget_L15_arr10.0_20260427_120908,/opt/Projects/Soft2/NSGD/results_figures/run_logs/event_budget_L15.log,1,1,node,A8,8.0,1602,75,1533,12,69,6,0,0.046816479400749,0.0,0.9569288389513108,0.0037453183520599,3.908194358153144,0.7086086957301564,2.8428700891363854,0.0319861253589297,0.2959423719699118,0.0287870759577603,,,,,154.6937077854992,15.0,0.0666666666666666,1500.0,0.0006666666666666,1.5,0.6666666666666666,0.15,6.666666666666667,,,,
event_budget,15,A1->A2->A3->A4->A5->A6->A7->A8->A9->A10->A11->A12->A13->A14->A15,/opt/Projects/Soft2/NSGD/logs/sanitycheck_event_budget_L15_arr10.0_20260427_120908,/opt/Projects/Soft2/NSGD/results_figures/run_logs/event_budget_L15.log,1,1,node,A9,9.0,1601,74,1538,21,63,11,0,0.0462211118051218,0.0,0.9606495940037476,0.0068707058088694,3.627892881643064,0.6671840537755057,2.636702179144092,0.0475416550692988,0.2317640159994862,0.0447009776546815,,,,,154.6937077854992,15.0,0.0666666666666666,1500.0,0.0006666666666666,1.5,0.6666666666666666,0.15,6.666666666666667,,,,
event_budget,15,A1->A2->A3->A4->A5->A6->A7->A8->A9->A10->A11->A12->A13->A14->A15,/opt/Projects/Soft2/NSGD/logs/sanitycheck_event_budget_L15_arr10.0_20260427_120908,/opt/Projects/Soft2/NSGD/results_figures/run_logs/event_budget_L15.log,1,1,node,A10,10.0,1601,66,1539,11,62,4,0,0.0412242348532167,0.0,0.9612742036227356,0.0024984384759525,4.138953243837781,0.6986345709111951,3.142459101432131,0.028690103110509,0.2533961860314198,0.0157732823525255,,,,,154.6937077854992,15.0,0.0666666666666666,1500.0,0.0006666666666666,1.5,0.6666666666666666,0.15,6.666666666666667,,,,
event_budget,15,A1->A2->A3->A4->A5->A6->A7->A8->A9->A10->A11->A12->A13->A14->A15,/opt/Projects/Soft2/NSGD/logs/sanitycheck_event_budget_L15_arr10.0_20260427_120908,/opt/Projects/Soft2/NSGD/results_figures/run_logs/event_budget_L15.log,1,1,node,A11,11.0,1598,59,1544,11,53,6,1,0.0369211514392991,0.0006257822277847,0.9662077596996246,0.0037546933667083,3.7989303098802143,0.6728858157486618,2.899225906292576,0.0209631032327895,0.1782181602164406,0.027637324389746,,,,,154.6937077854992,15.0,0.0666666666666666,1500.0,0.0006666666666666,1.5,0.6666666666666666,0.15,6.666666666666667,,,,
event_budget,15,A1->A2->A3->A4->A5->A6->A7->A8->A9->A10->A11->A12->A13->A14->A15,/opt/Projects/Soft2/NSGD/logs/sanitycheck_event_budget_L15_arr10.0_20260427_120908,/opt/Projects/Soft2/NSGD/results_figures/run_logs/event_budget_L15.log,1,1,node,A12,12.0,1596,62,1536,13,56,6,4,0.0388471177944862,0.0025062656641604,0.962406015037594,0.0037593984962406,3.769863489688457,0.7083143946401228,2.816617507871575,0.0225542704026931,0.2107430028070262,0.0116343139670404,,,,,154.6937077854992,15.0,0.0666666666666666,1500.0,0.0006666666666666,1.5,0.6666666666666666,0.15,6.666666666666667,,,,
event_budget,15,A1->A2->A3->A4->A5->A6->A7->A8->A9->A10->A11->A12->A13->A14->A15,/opt/Projects/Soft2/NSGD/logs/sanitycheck_event_budget_L15_arr10.0_20260427_120908,/opt/Projects/Soft2/NSGD/results_figures/run_logs/event_budget_L15.log,1,1,node,A13,13.0,1591,53,1518,13,49,4,24,0.0333123821495914,0.0150848522941546,0.9541169076052796,0.0025141420490257,3.940107340098983,0.7121721060366931,2.9520638437344884,0.028503017712625,0.2136873248594849,0.0336810477556909,,,,,154.6937077854992,15.0,0.0666666666666666,1500.0,0.0006666666666666,1.5,0.6666666666666666,0.15,6.666666666666667,,,,
event_budget,15,A1->A2->A3->A4->A5->A6->A7->A8->A9->A10->A11->A12->A13->A14->A15,/opt/Projects/Soft2/NSGD/logs/sanitycheck_event_budget_L15_arr10.0_20260427_120908,/opt/Projects/Soft2/NSGD/results_figures/run_logs/event_budget_L15.log,1,1,node,A14,14.0,1566,58,1502,12,52,6,12,0.037037037037037,0.0076628352490421,0.959131545338442,0.003831417624521,3.703558745898151,0.652835241718637,2.7386160102006025,0.0134357924011159,0.2699894000910898,0.0286823014867055,,,,,154.6937077854992,15.0,0.0666666666666666,1500.0,0.0006666666666666,1.5,0.6666666666666666,0.15,6.666666666666667,,,,
event_budget,15,A1->A2->A3->A4->A5->A6->A7->A8->A9->A10->A11->A12->A13->A14->A15,/opt/Projects/Soft2/NSGD/logs/sanitycheck_event_budget_L15_arr10.0_20260427_120908,/opt/Projects/Soft2/NSGD/results_figures/run_logs/event_budget_L15.log,1,1,node,A15,15.0,1554,53,1500,15,46,7,8,0.0341055341055341,0.0051480051480051,0.9652509652509652,0.0045045045045045,3.613185016595291,0.6636704242147116,2.657996322706241,0.0457543117459331,0.2170622623216474,0.0287016956067584,,,,,154.6937077854992,15.0,0.0666666666666666,1500.0,0.0006666666666666,1.5,0.6666666666666666,0.15,6.666666666666667,,,,
event_budget,16,A1->A2->A3->A4->A5->A6->A7->A8->A9->A10->A11->A12->A13->A14->A15->A16,/opt/Projects/Soft2/NSGD/logs/sanitycheck_event_budget_L16_arr10.0_20260427_120928,/opt/Projects/Soft2/NSGD/results_figures/run_logs/event_budget_L16.log,1,1,graph,ALL,,23981,962,23072,238,857,105,51,0.0401150911137984,0.002126683624536,0.9620949918685626,0.0043784662858095,57.43550166491074,10.222010517122854,42.65673100796501,0.5484938431453241,3.5846364186201614,0.4236298780574006,1521.0,22461.0,550.82094,519.1459028999236,145.9119771145685,16.0,0.0625,1600.0,0.000625,1.6,0.625,0.16,6.25,1.0,0.01,10.0,100.0
event_budget,16,A1->A2->A3->A4->A5->A6->A7->A8->A9->A10->A11->A12->A13->A14->A15->A16,/opt/Projects/Soft2/NSGD/logs/sanitycheck_event_budget_L16_arr10.0_20260427_120928,/opt/Projects/Soft2/NSGD/results_figures/run_logs/event_budget_L16.log,1,1,node,A1,1.0,1521,61,1468,19,53,8,0,0.0401051939513477,0.0,0.965154503616042,0.0052596975673898,3.64722117207809,0.6630370948806361,2.6650209464151056,0.0441539265982473,0.210605564883126,0.0644036393009746,,,,,145.9119771145685,16.0,0.0625,1600.0,0.000625,1.6,0.625,0.16,6.25,,,,
event_budget,16,A1->A2->A3->A4->A5->A6->A7->A8->A9->A10->A11->A12->A13->A14->A15->A16,/opt/Projects/Soft2/NSGD/logs/sanitycheck_event_budget_L16_arr10.0_20260427_120928,/opt/Projects/Soft2/NSGD/results_figures/run_logs/event_budget_L16.log,1,1,node,A2,2.0,1517,81,1441,12,76,5,0,0.053394858272907,0.0,0.949901120632828,0.003295978905735,3.628183613590602,0.6366894883890286,2.6808629816172846,0.0290562394991287,0.2682865789026722,0.013288325182488,,,,,145.9119771145685,16.0,0.0625,1600.0,0.000625,1.6,0.625,0.16,6.25,,,,
event_budget,16,A1->A2->A3->A4->A5->A6->A7->A8->A9->A10->A11->A12->A13->A14->A15->A16,/opt/Projects/Soft2/NSGD/logs/sanitycheck_event_budget_L16_arr10.0_20260427_120928,/opt/Projects/Soft2/NSGD/results_figures/run_logs/event_budget_L16.log,1,1,node,A3,3.0,1513,42,1480,24,33,9,0,0.0277594183740912,0.0,0.9781890284203568,0.0059484467944481,3.593276335931114,0.6216395969435496,2.7508438137373727,0.0463704461883496,0.1394433971715611,0.0349790818902801,,,,,145.9119771145685,16.0,0.0625,1600.0,0.000625,1.6,0.625,0.16,6.25,,,,
event_budget,16,A1->A2->A3->A4->A5->A6->A7->A8->A9->A10->A11->A12->A13->A14->A15->A16,/opt/Projects/Soft2/NSGD/logs/sanitycheck_event_budget_L16_arr10.0_20260427_120928,/opt/Projects/Soft2/NSGD/results_figures/run_logs/event_budget_L16.log,1,1,node,A4,4.0,1510,53,1464,19,46,7,0,0.0350993377483443,0.0,0.9695364238410596,0.0046357615894039,3.51589159738973,0.6403227600291335,2.537175133047948,0.0635753876987317,0.2442378355904094,0.0305804810235068,,,,,145.9119771145685,16.0,0.0625,1600.0,0.000625,1.6,0.625,0.16,6.25,,,,
event_budget,16,A1->A2->A3->A4->A5->A6->A7->A8->A9->A10->A11->A12->A13->A14->A15->A16,/opt/Projects/Soft2/NSGD/logs/sanitycheck_event_budget_L16_arr10.0_20260427_120928,/opt/Projects/Soft2/NSGD/results_figures/run_logs/event_budget_L16.log,1,1,node,A5,5.0,1509,53,1459,7,50,3,0,0.0351225977468522,0.0,0.9668654738237245,0.0019880715705765,3.7220772265479294,0.6290261147290221,2.857979676918606,0.0096703636317306,0.2181784947800406,0.0072225764885289,,,,,145.9119771145685,16.0,0.0625,1600.0,0.000625,1.6,0.625,0.16,6.25,,,,
event_budget,16,A1->A2->A3->A4->A5->A6->A7->A8->A9->A10->A11->A12->A13->A14->A15->A16,/opt/Projects/Soft2/NSGD/logs/sanitycheck_event_budget_L16_arr10.0_20260427_120928,/opt/Projects/Soft2/NSGD/results_figures/run_logs/event_budget_L16.log,1,1,node,A6,6.0,1509,56,1459,16,50,6,0,0.0371106693174287,0.0,0.9668654738237245,0.003976143141153,3.74668922548704,0.6589491575106514,2.8184416379658743,0.0329383234263442,0.2048822177781888,0.0314778888059807,,,,,145.9119771145685,16.0,0.0625,1600.0,0.000625,1.6,0.625,0.16,6.25,,,,
event_budget,16,A1->A2->A3->A4->A5->A6->A7->A8->A9->A10->A11->A12->A13->A14->A15->A16,/opt/Projects/Soft2/NSGD/logs/sanitycheck_event_budget_L16_arr10.0_20260427_120928,/opt/Projects/Soft2/NSGD/results_figures/run_logs/event_budget_L16.log,1,1,node,A7,7.0,1507,70,1449,21,58,12,0,0.046449900464499,0.0,0.9615129396151294,0.0079628400796284,3.566502399352775,0.6399685378158294,2.6053591766026485,0.0383629914836665,0.2396169210880965,0.0431947723625335,,,,,145.9119771145685,16.0,0.0625,1600.0,0.000625,1.6,0.625,0.16,6.25,,,,
event_budget,16,A1->A2->A3->A4->A5->A6->A7->A8->A9->A10->A11->A12->A13->A14->A15->A16,/opt/Projects/Soft2/NSGD/logs/sanitycheck_event_budget_L16_arr10.0_20260427_120928,/opt/Projects/Soft2/NSGD/results_figures/run_logs/event_budget_L16.log,1,1,node,A8,8.0,1504,64,1447,14,57,7,0,0.0425531914893617,0.0,0.9621010638297872,0.0046542553191489,3.844394366081674,0.6558635067598519,2.874370717723065,0.0225751463330293,0.250290343985837,0.0412946512798909,,,,,145.9119771145685,16.0,0.0625,1600.0,0.000625,1.6,0.625,0.16,6.25,,,,
event_budget,16,A1->A2->A3->A4->A5->A6->A7->A8->A9->A10->A11->A12->A13->A14->A15->A16,/opt/Projects/Soft2/NSGD/logs/sanitycheck_event_budget_L16_arr10.0_20260427_120928,/opt/Projects/Soft2/NSGD/results_figures/run_logs/event_budget_L16.log,1,1,node,A9,9.0,1502,62,1447,17,55,7,0,0.0412782956058588,0.0,0.9633821571238348,0.0046604527296937,3.494483983790347,0.6260757970300896,2.5893735894646093,0.0374509299937065,0.2214213979377626,0.0201622693641788,,,,,145.9119771145685,16.0,0.0625,1600.0,0.000625,1.6,0.625,0.16,6.25,,,,
event_budget,16,A1->A2->A3->A4->A5->A6->A7->A8->A9->A10->A11->A12->A13->A14->A15->A16,/opt/Projects/Soft2/NSGD/logs/sanitycheck_event_budget_L16_arr10.0_20260427_120928,/opt/Projects/Soft2/NSGD/results_figures/run_logs/event_budget_L16.log,1,1,node,A10,10.0,1502,58,1450,14,52,6,0,0.0386151797603195,0.0,0.9653794940079894,0.0039946737683089,3.4568408263564985,0.6461537173069282,2.5460466237556565,0.0323222579995262,0.2160564009537638,0.0162618263406241,,,,,145.9119771145685,16.0,0.0625,1600.0,0.000625,1.6,0.625,0.16,6.25,,,,
event_budget,16,A1->A2->A3->A4->A5->A6->A7->A8->A9->A10->A11->A12->A13->A14->A15->A16,/opt/Projects/Soft2/NSGD/logs/sanitycheck_event_budget_L16_arr10.0_20260427_120928,/opt/Projects/Soft2/NSGD/results_figures/run_logs/event_budget_L16.log,1,1,node,A11,11.0,1501,60,1446,13,55,5,0,0.0399733510992671,0.0,0.9633577614923384,0.0033311125916055,3.3898665171830453,0.6249276101974229,2.532870298083463,0.0442337767418916,0.1774526825686271,0.0103821495916404,,,,,145.9119771145685,16.0,0.0625,1600.0,0.000625,1.6,0.625,0.16,6.25,,,,
event_budget,16,A1->A2->A3->A4->A5->A6->A7->A8->A9->A10->A11->A12->A13->A14->A15->A16,/opt/Projects/Soft2/NSGD/logs/sanitycheck_event_budget_L16_arr10.0_20260427_120928,/opt/Projects/Soft2/NSGD/results_figures/run_logs/event_budget_L16.log,1,1,node,A12,12.0,1498,63,1443,21,54,9,0,0.0420560747663551,0.0,0.9632843791722296,0.0060080106809078,3.5545531039772693,0.655709282695676,2.6264494266982275,0.0305529035191213,0.1974858604719404,0.0443556305923042,,,,,145.9119771145685,16.0,0.0625,1600.0,0.000625,1.6,0.625,0.16,6.25,,,,
event_budget,16,A1->A2->A3->A4->A5->A6->A7->A8->A9->A10->A11->A12->A13->A14->A15->A16,/opt/Projects/Soft2/NSGD/logs/sanitycheck_event_budget_L16_arr10.0_20260427_120928,/opt/Projects/Soft2/NSGD/results_figures/run_logs/event_budget_L16.log,1,1,node,A13,13.0,1494,59,1428,11,53,6,13,0.0394912985274431,0.0087014725568942,0.9558232931726908,0.0040160642570281,3.7623400388480976,0.6659401334652287,2.8081569952847243,0.0205735414770194,0.2443972387169979,0.0232721299041267,,,,,145.9119771145685,16.0,0.0625,1600.0,0.000625,1.6,0.625,0.16,6.25,,,,
event_budget,16,A1->A2->A3->A4->A5->A6->A7->A8->A9->A10->A11->A12->A13->A14->A15->A16,/opt/Projects/Soft2/NSGD/logs/sanitycheck_event_budget_L16_arr10.0_20260427_120928,/opt/Projects/Soft2/NSGD/results_figures/run_logs/event_budget_L16.log,1,1,node,A14,14.0,1481,61,1406,14,54,7,21,0.0411883862255232,0.0141796083727211,0.949358541525996,0.0047265361242403,3.439848941454013,0.6106128601261412,2.487009234433711,0.0643925682402642,0.2615519968209539,0.0162822818329428,,,,,145.9119771145685,16.0,0.0625,1600.0,0.000625,1.6,0.625,0.16,6.25,,,,
event_budget,16,A1->A2->A3->A4->A5->A6->A7->A8->A9->A10->A11->A12->A13->A14->A15->A16,/opt/Projects/Soft2/NSGD/logs/sanitycheck_event_budget_L16_arr10.0_20260427_120928,/opt/Projects/Soft2/NSGD/results_figures/run_logs/event_budget_L16.log,1,1,node,A15,15.0,1460,58,1399,10,54,4,7,0.0397260273972602,0.0047945205479452,0.9582191780821918,0.0027397260273972,3.536907701825408,0.6184181043431913,2.61875734783694,0.0271667934960512,0.2631522890595555,0.00941316708967,,,,,145.9119771145685,16.0,0.0625,1600.0,0.000625,1.6,0.625,0.16,6.25,,,,
event_budget,16,A1->A2->A3->A4->A5->A6->A7->A8->A9->A10->A11->A12->A13->A14->A15->A16,/opt/Projects/Soft2/NSGD/logs/sanitycheck_event_budget_L16_arr10.0_20260427_120928,/opt/Projects/Soft2/NSGD/results_figures/run_logs/event_budget_L16.log,1,1,node,A16,16.0,1453,61,1386,6,57,4,10,0.0419821059876118,0.0068823124569855,0.9538885065381968,0.0027529249827942,3.536424615017114,0.6286767549004729,2.658013408379768,0.0050982468185151,0.2275771979106281,0.0170590070077294,,,,,145.9119771145685,16.0,0.0625,1600.0,0.000625,1.6,0.625,0.16,6.25,,,,
event_budget,17,A1->A2->A3->A4->A5->A6->A7->A8->A9->A10->A11->A12->A13->A14->A15->A16->A17,/opt/Projects/Soft2/NSGD/logs/sanitycheck_event_budget_L17_arr10.0_20260427_120951,/opt/Projects/Soft2/NSGD/results_figures/run_logs/event_budget_L17.log,1,1,graph,ALL,,23919,1023,22959,218,922,101,37,0.0427693465445879,0.001546887411681,0.9598645428320582,0.0042225845562105,60.16319215447102,10.311576324969518,44.986997232687536,0.4939349544722463,4.007445630252936,0.3632380120887926,1421.0,22498.0,585.29308,561.6770280085892,136.0397838892765,17.0,0.0588235294117647,1700.0,0.0005882352941176,1.7000000000000002,0.588235294117647,0.17,5.88235294117647,1.0,0.0099999999999999,9.999999999999998,100.0
event_budget,17,A1->A2->A3->A4->A5->A6->A7->A8->A9->A10->A11->A12->A13->A14->A15->A16->A17,/opt/Projects/Soft2/NSGD/logs/sanitycheck_event_budget_L17_arr10.0_20260427_120951,/opt/Projects/Soft2/NSGD/results_figures/run_logs/event_budget_L17.log,1,1,node,A1,1.0,1421,65,1362,13,59,6,0,0.0457424349049964,0.0,0.9584799437016186,0.004222378606615,3.520485020868656,0.6288713482172966,2.5571481399387768,0.0259820277924089,0.2944563431333702,0.0140271617868034,,,,,136.0397838892765,17.0,0.0588235294117647,1700.0,0.0005882352941176,1.7000000000000002,0.588235294117647,0.17,5.88235294117647,,,,
event_budget,17,A1->A2->A3->A4->A5->A6->A7->A8->A9->A10->A11->A12->A13->A14->A15->A16->A17,/opt/Projects/Soft2/NSGD/logs/sanitycheck_event_budget_L17_arr10.0_20260427_120951,/opt/Projects/Soft2/NSGD/results_figures/run_logs/event_budget_L17.log,1,1,node,A2,2.0,1419,66,1360,14,57,9,2,0.0465116279069767,0.0014094432699083,0.9584214235377028,0.0063424947145877,3.4501165846870463,0.6008044362679819,2.5866622869852947,0.0185346260071814,0.2124841662337019,0.0316310691928864,,,,,136.0397838892765,17.0,0.0588235294117647,1700.0,0.0005882352941176,1.7000000000000002,0.588235294117647,0.17,5.88235294117647,,,,
event_budget,17,A1->A2->A3->A4->A5->A6->A7->A8->A9->A10->A11->A12->A13->A14->A15->A16->A17,/opt/Projects/Soft2/NSGD/logs/sanitycheck_event_budget_L17_arr10.0_20260427_120951,/opt/Projects/Soft2/NSGD/results_figures/run_logs/event_budget_L17.log,1,1,node,A3,3.0,1416,49,1372,11,44,5,0,0.0346045197740113,0.0,0.9689265536723164,0.0035310734463276,3.316758891179991,0.5824904479577481,2.511750568063233,0.0142687611983832,0.1823580364243864,0.02589107753624,,,,,136.0397838892765,17.0,0.0588235294117647,1700.0,0.0005882352941176,1.7000000000000002,0.588235294117647,0.17,5.88235294117647,,,,
event_budget,17,A1->A2->A3->A4->A5->A6->A7->A8->A9->A10->A11->A12->A13->A14->A15->A16->A17,/opt/Projects/Soft2/NSGD/logs/sanitycheck_event_budget_L17_arr10.0_20260427_120951,/opt/Projects/Soft2/NSGD/results_figures/run_logs/event_budget_L17.log,1,1,node,A4,4.0,1416,63,1360,15,55,8,1,0.0444915254237288,0.0007062146892655,0.96045197740113,0.0056497175141242,3.569932673060079,0.6091078509946901,2.593046455479319,0.0358105236726387,0.3030751025348491,0.028892740378582,,,,,136.0397838892765,17.0,0.0588235294117647,1700.0,0.0005882352941176,1.7000000000000002,0.588235294117647,0.17,5.88235294117647,,,,
event_budget,17,A1->A2->A3->A4->A5->A6->A7->A8->A9->A10->A11->A12->A13->A14->A15->A16->A17,/opt/Projects/Soft2/NSGD/logs/sanitycheck_event_budget_L17_arr10.0_20260427_120951,/opt/Projects/Soft2/NSGD/results_figures/run_logs/event_budget_L17.log,1,1,node,A5,5.0,1415,51,1368,11,47,4,0,0.0360424028268551,0.0,0.9667844522968198,0.0028268551236749,3.491699817085557,0.5944188377757084,2.6519706851916096,0.0343402568559842,0.2057643890838316,0.0052056481784236,,,,,136.0397838892765,17.0,0.0588235294117647,1700.0,0.0005882352941176,1.7000000000000002,0.588235294117647,0.17,5.88235294117647,,,,
event_budget,17,A1->A2->A3->A4->A5->A6->A7->A8->A9->A10->A11->A12->A13->A14->A15->A16->A17,/opt/Projects/Soft2/NSGD/logs/sanitycheck_event_budget_L17_arr10.0_20260427_120951,/opt/Projects/Soft2/NSGD/results_figures/run_logs/event_budget_L17.log,1,1,node,A6,6.0,1414,67,1354,16,60,7,0,0.0473833097595473,0.0,0.9575671852899575,0.0049504950495049,3.8236744306455503,0.6199157102457832,2.887875079869659,0.0399929991997502,0.2488576340853822,0.0270330072449756,,,,,136.0397838892765,17.0,0.0588235294117647,1700.0,0.0005882352941176,1.7000000000000002,0.588235294117647,0.17,5.88235294117647,,,,
event_budget,17,A1->A2->A3->A4->A5->A6->A7->A8->A9->A10->A11->A12->A13->A14->A15->A16->A17,/opt/Projects/Soft2/NSGD/logs/sanitycheck_event_budget_L17_arr10.0_20260427_120951,/opt/Projects/Soft2/NSGD/results_figures/run_logs/event_budget_L17.log,1,1,node,A7,7.0,1413,73,1345,16,67,6,0,0.0516631280962491,0.0,0.9518754423213022,0.0042462845010615,3.604341678027101,0.6017535732963389,2.657829554335339,0.033667389338015,0.2791724498853647,0.0319187111720426,,,,,136.0397838892765,17.0,0.0588235294117647,1700.0,0.0005882352941176,1.7000000000000002,0.588235294117647,0.17,5.88235294117647,,,,
event_budget,17,A1->A2->A3->A4->A5->A6->A7->A8->A9->A10->A11->A12->A13->A14->A15->A16->A17,/opt/Projects/Soft2/NSGD/logs/sanitycheck_event_budget_L17_arr10.0_20260427_120951,/opt/Projects/Soft2/NSGD/results_figures/run_logs/event_budget_L17.log,1,1,node,A8,8.0,1411,58,1356,11,55,3,0,0.0411055988660524,0.0,0.961020552799433,0.0021261516654854,3.554737609521981,0.6266413562576949,2.63042974001279,0.0193286797100363,0.2736220405475975,0.0047157929938617,,,,,136.0397838892765,17.0,0.0588235294117647,1700.0,0.0005882352941176,1.7000000000000002,0.588235294117647,0.17,5.88235294117647,,,,
event_budget,17,A1->A2->A3->A4->A5->A6->A7->A8->A9->A10->A11->A12->A13->A14->A15->A16->A17,/opt/Projects/Soft2/NSGD/logs/sanitycheck_event_budget_L17_arr10.0_20260427_120951,/opt/Projects/Soft2/NSGD/results_figures/run_logs/event_budget_L17.log,1,1,node,A9,9.0,1410,60,1358,16,52,8,0,0.0425531914893617,0.0,0.9631205673758864,0.0056737588652482,3.4665539606057405,0.5903669079342505,2.604889693072134,0.0289055944320526,0.2109974106868206,0.0313943544804829,,,,,136.0397838892765,17.0,0.0588235294117647,1700.0,0.0005882352941176,1.7000000000000002,0.588235294117647,0.17,5.88235294117647,,,,
event_budget,17,A1->A2->A3->A4->A5->A6->A7->A8->A9->A10->A11->A12->A13->A14->A15->A16->A17,/opt/Projects/Soft2/NSGD/logs/sanitycheck_event_budget_L17_arr10.0_20260427_120951,/opt/Projects/Soft2/NSGD/results_figures/run_logs/event_budget_L17.log,1,1,node,A10,10.0,1409,60,1355,13,54,6,0,0.042583392476934,0.0,0.9616749467707594,0.0042583392476933,3.404729355294836,0.6172894937583592,2.520231665466156,0.040464979498133,0.2107538279009613,0.015989388671227,,,,,136.0397838892765,17.0,0.0588235294117647,1700.0,0.0005882352941176,1.7000000000000002,0.588235294117647,0.17,5.88235294117647,,,,
event_budget,17,A1->A2->A3->A4->A5->A6->A7->A8->A9->A10->A11->A12->A13->A14->A15->A16->A17,/opt/Projects/Soft2/NSGD/logs/sanitycheck_event_budget_L17_arr10.0_20260427_120951,/opt/Projects/Soft2/NSGD/results_figures/run_logs/event_budget_L17.log,1,1,node,A11,11.0,1409,67,1346,13,63,4,0,0.0475514549325762,0.0,0.9552874378992192,0.0028388928317956,3.484862693365568,0.5864534943072752,2.602509328905533,0.0276395932269249,0.2473790940863261,0.0208811828395086,,,,,136.0397838892765,17.0,0.0588235294117647,1700.0,0.0005882352941176,1.7000000000000002,0.588235294117647,0.17,5.88235294117647,,,,
event_budget,17,A1->A2->A3->A4->A5->A6->A7->A8->A9->A10->A11->A12->A13->A14->A15->A16->A17,/opt/Projects/Soft2/NSGD/logs/sanitycheck_event_budget_L17_arr10.0_20260427_120951,/opt/Projects/Soft2/NSGD/results_figures/run_logs/event_budget_L17.log,1,1,node,A12,12.0,1409,64,1353,14,56,8,0,0.0454222853087296,0.0,0.9602555003548616,0.0056777856635912,3.3532207441685133,0.6358091489684269,2.4656704428404805,0.0364644746545558,0.1885346945954142,0.0267419831096354,,,,,136.0397838892765,17.0,0.0588235294117647,1700.0,0.0005882352941176,1.7000000000000002,0.588235294117647,0.17,5.88235294117647,,,,
event_budget,17,A1->A2->A3->A4->A5->A6->A7->A8->A9->A10->A11->A12->A13->A14->A15->A16->A17,/opt/Projects/Soft2/NSGD/logs/sanitycheck_event_budget_L17_arr10.0_20260427_120951,/opt/Projects/Soft2/NSGD/results_figures/run_logs/event_budget_L17.log,1,1,node,A13,13.0,1408,64,1345,8,58,6,5,0.0454545454545454,0.0035511363636363,0.9552556818181818,0.0042613636363636,4.387211125281918,0.6381296773520145,3.457505129609601,0.0047560615696805,0.2666045863081268,0.020215670442495,,,,,136.0397838892765,17.0,0.0588235294117647,1700.0,0.0005882352941176,1.7000000000000002,0.588235294117647,0.17,5.88235294117647,,,,
event_budget,17,A1->A2->A3->A4->A5->A6->A7->A8->A9->A10->A11->A12->A13->A14->A15->A16->A17,/opt/Projects/Soft2/NSGD/logs/sanitycheck_event_budget_L17_arr10.0_20260427_120951,/opt/Projects/Soft2/NSGD/results_figures/run_logs/event_budget_L17.log,1,1,node,A14,14.0,1402,68,1341,10,60,8,1,0.0485021398002853,0.0007132667617689,0.956490727532097,0.0057061340941512,3.4179153161708284,0.5847861753551832,2.478788015536596,0.0219433492742691,0.3051066996137183,0.0272910763910616,,,,,136.0397838892765,17.0,0.0588235294117647,1700.0,0.0005882352941176,1.7000000000000002,0.588235294117647,0.17,5.88235294117647,,,,
event_budget,17,A1->A2->A3->A4->A5->A6->A7->A8->A9->A10->A11->A12->A13->A14->A15->A16->A17,/opt/Projects/Soft2/NSGD/logs/sanitycheck_event_budget_L17_arr10.0_20260427_120951,/opt/Projects/Soft2/NSGD/results_figures/run_logs/event_budget_L17.log,1,1,node,A15,15.0,1398,50,1329,5,50,0,19,0.0357653791130186,0.013590844062947,0.9506437768240344,0.0,3.5055695214141718,0.5872431960952426,2.644779259806354,0.0194026210529576,0.2541444444596165,0.0,,,,,136.0397838892765,17.0,0.0588235294117647,1700.0,0.0005882352941176,1.7000000000000002,0.588235294117647,0.17,5.88235294117647,,,,
event_budget,17,A1->A2->A3->A4->A5->A6->A7->A8->A9->A10->A11->A12->A13->A14->A15->A16->A17,/opt/Projects/Soft2/NSGD/logs/sanitycheck_event_budget_L17_arr10.0_20260427_120951,/opt/Projects/Soft2/NSGD/results_figures/run_logs/event_budget_L17.log,1,1,node,A16,16.0,1379,47,1328,17,42,5,9,0.0340826686004351,0.0065264684554024,0.9630166787527192,0.0036258158085569,3.4125228340460154,0.6017312094096612,2.575668186157094,0.0511950380978017,0.1682982581816045,0.0156301421998536,,,,,136.0397838892765,17.0,0.0588235294117647,1700.0,0.0005882352941176,1.7000000000000002,0.588235294117647,0.17,5.88235294117647,,,,
event_budget,17,A1->A2->A3->A4->A5->A6->A7->A8->A9->A10->A11->A12->A13->A14->A15->A16->A17,/opt/Projects/Soft2/NSGD/logs/sanitycheck_event_budget_L17_arr10.0_20260427_120951,/opt/Projects/Soft2/NSGD/results_figures/run_logs/event_budget_L17.log,1,1,node,A17,17.0,1370,51,1327,15,43,8,0,0.0372262773722627,0.0,0.9686131386861314,0.0058394160583941,3.398859899047471,0.6057634607758622,2.560243001417561,0.0412379788914723,0.1558364524918632,0.0357790054707125,,,,,136.0397838892765,17.0,0.0588235294117647,1700.0,0.0005882352941176,1.7000000000000002,0.588235294117647,0.17,5.88235294117647,,,,
event_budget,18,A1->A2->A3->A4->A5->A6->A7->A8->A9->A10->A11->A12->A13->A14->A15->A16->A17->A18,/opt/Projects/Soft2/NSGD/logs/sanitycheck_event_budget_L18_arr10.0_20260427_121014,/opt/Projects/Soft2/NSGD/results_figures/run_logs/event_budget_L18.log,1,1,graph,ALL,,23893,1041,22888,209,960,81,45,0.043569246222743,0.0018833968107814,0.957937471225882,0.0033901142594065,62.26241485871175,10.26021620052384,47.096542914303136,0.4607218832790981,4.065055888048578,0.3798779725571032,1341.0,22552.0,599.98598,573.4749668091152,128.97939258253783,18.0,0.0555555555555555,1800.0,0.0005555555555555,1.8,0.5555555555555556,0.18,5.555555555555555,1.0,0.01,10.0,100.0
event_budget,18,A1->A2->A3->A4->A5->A6->A7->A8->A9->A10->A11->A12->A13->A14->A15->A16->A17->A18,/opt/Projects/Soft2/NSGD/logs/sanitycheck_event_budget_L18_arr10.0_20260427_121014,/opt/Projects/Soft2/NSGD/results_figures/run_logs/event_budget_L18.log,1,1,node,A1,1.0,1341,60,1282,9,59,1,0,0.0447427293064877,0.0,0.9560029828486204,0.0007457121551081,3.510404617962442,0.5947615997608141,2.612102810813876,0.0109915575415978,0.288302474762407,0.0042461750837473,,,,,128.97939258253783,18.0,0.0555555555555555,1800.0,0.0005555555555555,1.8,0.5555555555555556,0.18,5.555555555555555,,,,
event_budget,18,A1->A2->A3->A4->A5->A6->A7->A8->A9->A10->A11->A12->A13->A14->A15->A16->A17->A18,/opt/Projects/Soft2/NSGD/logs/sanitycheck_event_budget_L18_arr10.0_20260427_121014,/opt/Projects/Soft2/NSGD/results_figures/run_logs/event_budget_L18.log,1,1,node,A2,2.0,1339,61,1286,13,53,8,0,0.0455563853622106,0.0,0.9604182225541448,0.0059746079163554,3.0862706236819637,0.5654570503394785,2.279197104672934,0.0223427675878018,0.1850661729289781,0.0342075281527706,,,,,128.97939258253783,18.0,0.0555555555555555,1800.0,0.0005555555555555,1.8,0.5555555555555556,0.18,5.555555555555555,,,,
event_budget,18,A1->A2->A3->A4->A5->A6->A7->A8->A9->A10->A11->A12->A13->A14->A15->A16->A17->A18,/opt/Projects/Soft2/NSGD/logs/sanitycheck_event_budget_L18_arr10.0_20260427_121014,/opt/Projects/Soft2/NSGD/results_figures/run_logs/event_budget_L18.log,1,1,node,A3,3.0,1339,47,1298,13,41,6,0,0.0351008215085885,0.0,0.969380134428678,0.0044809559372666,3.3343565544578007,0.5458084039331568,2.569733036016137,0.022188677213646,0.1798471567840264,0.0167792805108344,,,,,128.97939258253783,18.0,0.0555555555555555,1800.0,0.0005555555555555,1.8,0.5555555555555556,0.18,5.555555555555555,,,,
event_budget,18,A1->A2->A3->A4->A5->A6->A7->A8->A9->A10->A11->A12->A13->A14->A15->A16->A17->A18,/opt/Projects/Soft2/NSGD/logs/sanitycheck_event_budget_L18_arr10.0_20260427_121014,/opt/Projects/Soft2/NSGD/results_figures/run_logs/event_budget_L18.log,1,1,node,A4,4.0,1338,53,1287,11,50,3,1,0.0396113602391629,0.0007473841554559,0.9618834080717488,0.0022421524663677,3.457001244332851,0.5719485871127848,2.5572567888229463,0.0329911855443504,0.2853013678413148,0.0095033150114552,,,,,128.97939258253783,18.0,0.0555555555555555,1800.0,0.0005555555555555,1.8,0.5555555555555556,0.18,5.555555555555555,,,,
event_budget,18,A1->A2->A3->A4->A5->A6->A7->A8->A9->A10->A11->A12->A13->A14->A15->A16->A17->A18,/opt/Projects/Soft2/NSGD/logs/sanitycheck_event_budget_L18_arr10.0_20260427_121014,/opt/Projects/Soft2/NSGD/results_figures/run_logs/event_budget_L18.log,1,1,node,A5,5.0,1337,59,1280,7,57,2,0,0.044128646222887,0.0,0.9573672400897532,0.0014958863126402,3.627553544699207,0.5547979453189749,2.7901199225601774,0.0261233555257405,0.2437834625448033,0.012728858749511,,,,,128.97939258253783,18.0,0.0555555555555555,1800.0,0.0005555555555555,1.8,0.5555555555555556,0.18,5.555555555555555,,,,
event_budget,18,A1->A2->A3->A4->A5->A6->A7->A8->A9->A10->A11->A12->A13->A14->A15->A16->A17->A18,/opt/Projects/Soft2/NSGD/logs/sanitycheck_event_budget_L18_arr10.0_20260427_121014,/opt/Projects/Soft2/NSGD/results_figures/run_logs/event_budget_L18.log,1,1,node,A6,6.0,1336,54,1286,8,50,4,0,0.0404191616766467,0.0,0.9625748502994012,0.0029940119760479,3.5747957973687745,0.5847034123235916,2.7654459102895745,0.0171547674369621,0.1945945752614958,0.0128971320571497,,,,,128.97939258253783,18.0,0.0555555555555555,1800.0,0.0005555555555555,1.8,0.5555555555555556,0.18,5.555555555555555,,,,
event_budget,18,A1->A2->A3->A4->A5->A6->A7->A8->A9->A10->A11->A12->A13->A14->A15->A16->A17->A18,/opt/Projects/Soft2/NSGD/logs/sanitycheck_event_budget_L18_arr10.0_20260427_121014,/opt/Projects/Soft2/NSGD/results_figures/run_logs/event_budget_L18.log,1,1,node,A7,7.0,1335,67,1273,14,62,5,0,0.0501872659176029,0.0,0.9535580524344568,0.0037453183520599,3.413178981751388,0.5697603956205892,2.5221144477410085,0.0280965555258022,0.2777123437082662,0.0154952391557208,,,,,128.97939258253783,18.0,0.0555555555555555,1800.0,0.0005555555555555,1.8,0.5555555555555556,0.18,5.555555555555555,,,,
event_budget,18,A1->A2->A3->A4->A5->A6->A7->A8->A9->A10->A11->A12->A13->A14->A15->A16->A17->A18,/opt/Projects/Soft2/NSGD/logs/sanitycheck_event_budget_L18_arr10.0_20260427_121014,/opt/Projects/Soft2/NSGD/results_figures/run_logs/event_budget_L18.log,1,1,node,A8,8.0,1335,66,1274,10,61,5,0,0.049438202247191,0.0,0.954307116104869,0.0037453183520599,3.449400387224758,0.5866531982889814,2.546832967819264,0.0096966839618164,0.2442939253282862,0.0619236118264095,,,,,128.97939258253783,18.0,0.0555555555555555,1800.0,0.0005555555555555,1.8,0.5555555555555556,0.18,5.555555555555555,,,,
event_budget,18,A1->A2->A3->A4->A5->A6->A7->A8->A9->A10->A11->A12->A13->A14->A15->A16->A17->A18,/opt/Projects/Soft2/NSGD/logs/sanitycheck_event_budget_L18_arr10.0_20260427_121014,/opt/Projects/Soft2/NSGD/results_figures/run_logs/event_budget_L18.log,1,1,node,A9,9.0,1335,58,1288,17,47,11,0,0.0434456928838951,0.0,0.9647940074906368,0.0082397003745318,3.40211305319965,0.5583618652028225,2.586702640090424,0.0216316354588438,0.1838169092013558,0.0516000032462038,,,,,128.97939258253783,18.0,0.0555555555555555,1800.0,0.0005555555555555,1.8,0.5555555555555556,0.18,5.555555555555555,,,,
event_budget,18,A1->A2->A3->A4->A5->A6->A7->A8->A9->A10->A11->A12->A13->A14->A15->A16->A17->A18,/opt/Projects/Soft2/NSGD/logs/sanitycheck_event_budget_L18_arr10.0_20260427_121014,/opt/Projects/Soft2/NSGD/results_figures/run_logs/event_budget_L18.log,1,1,node,A10,10.0,1335,56,1283,13,52,4,0,0.0419475655430711,0.0,0.9610486891385768,0.0029962546816479,3.6810439609395504,0.5803207916220335,2.842192120186686,0.0426359182097359,0.1905519037797266,0.0253432271413676,,,,,128.97939258253783,18.0,0.0555555555555555,1800.0,0.0005555555555555,1.8,0.5555555555555556,0.18,5.555555555555555,,,,
event_budget,18,A1->A2->A3->A4->A5->A6->A7->A8->A9->A10->A11->A12->A13->A14->A15->A16->A17->A18,/opt/Projects/Soft2/NSGD/logs/sanitycheck_event_budget_L18_arr10.0_20260427_121014,/opt/Projects/Soft2/NSGD/results_figures/run_logs/event_budget_L18.log,1,1,node,A11,11.0,1335,58,1280,11,55,3,0,0.0434456928838951,0.0,0.9588014981273408,0.0022471910112359,3.370391211819324,0.5537830915935478,2.578142092241122,0.0155269776889968,0.2157782265252834,0.0071608237703741,,,,,128.97939258253783,18.0,0.0555555555555555,1800.0,0.0005555555555555,1.8,0.5555555555555556,0.18,5.555555555555555,,,,
event_budget,18,A1->A2->A3->A4->A5->A6->A7->A8->A9->A10->A11->A12->A13->A14->A15->A16->A17->A18,/opt/Projects/Soft2/NSGD/logs/sanitycheck_event_budget_L18_arr10.0_20260427_121014,/opt/Projects/Soft2/NSGD/results_figures/run_logs/event_budget_L18.log,1,1,node,A12,12.0,1333,67,1268,9,65,2,0,0.0502625656414103,0.0,0.9512378094523632,0.0015003750937734,3.580866750732034,0.6097171735373059,2.68972192363076,0.0172809311914318,0.2582574989062565,0.0058892234662801,,,,,128.97939258253783,18.0,0.0555555555555555,1800.0,0.0005555555555555,1.8,0.5555555555555556,0.18,5.555555555555555,,,,
event_budget,18,A1->A2->A3->A4->A5->A6->A7->A8->A9->A10->A11->A12->A13->A14->A15->A16->A17->A18,/opt/Projects/Soft2/NSGD/logs/sanitycheck_event_budget_L18_arr10.0_20260427_121014,/opt/Projects/Soft2/NSGD/results_figures/run_logs/event_budget_L18.log,1,1,node,A13,13.0,1333,51,1273,9,50,1,10,0.0382595648912228,0.0075018754688672,0.9549887471867968,0.0007501875468867,3.6598491768081978,0.5909533904108648,2.802369719384946,0.0199580490181035,0.2454641650313238,0.0011038529629597,,,,,128.97939258253783,18.0,0.0555555555555555,1800.0,0.0005555555555555,1.8,0.5555555555555556,0.18,5.555555555555555,,,,
event_budget,18,A1->A2->A3->A4->A5->A6->A7->A8->A9->A10->A11->A12->A13->A14->A15->A16->A17->A18,/opt/Projects/Soft2/NSGD/logs/sanitycheck_event_budget_L18_arr10.0_20260427_121014,/opt/Projects/Soft2/NSGD/results_figures/run_logs/event_budget_L18.log,1,1,node,A14,14.0,1323,47,1273,17,41,6,9,0.0355253212396069,0.0068027210884353,0.962207105064248,0.0045351473922902,3.2462722029104434,0.5384840662307758,2.430761902304144,0.0490591520112497,0.1945785980730134,0.0333884842912609,,,,,128.97939258253783,18.0,0.0555555555555555,1800.0,0.0005555555555555,1.8,0.5555555555555556,0.18,5.555555555555555,,,,
event_budget,18,A1->A2->A3->A4->A5->A6->A7->A8->A9->A10->A11->A12->A13->A14->A15->A16->A17->A18,/opt/Projects/Soft2/NSGD/logs/sanitycheck_event_budget_L18_arr10.0_20260427_121014,/opt/Projects/Soft2/NSGD/results_figures/run_logs/event_budget_L18.log,1,1,node,A15,15.0,1313,53,1256,13,46,7,11,0.0403655750190403,0.0083777608530083,0.9565879664889566,0.0053313023610053,3.5266739684476778,0.553251453408491,2.687092780936974,0.040437529698697,0.2113596827795327,0.0345325216239827,,,,,128.97939258253783,18.0,0.0555555555555555,1800.0,0.0005555555555555,1.8,0.5555555555555556,0.18,5.555555555555555,,,,
event_budget,18,A1->A2->A3->A4->A5->A6->A7->A8->A9->A10->A11->A12->A13->A14->A15->A16->A17->A18,/opt/Projects/Soft2/NSGD/logs/sanitycheck_event_budget_L18_arr10.0_20260427_121014,/opt/Projects/Soft2/NSGD/results_figures/run_logs/event_budget_L18.log,1,1,node,A16,16.0,1301,65,1236,13,59,6,6,0.0499615680245964,0.0046118370484242,0.9500384319754036,0.0046118370484242,3.502934034450177,0.5652595095694566,2.661423564291904,0.0336397986815045,0.2131639463728239,0.0294472155344878,,,,,128.97939258253783,18.0,0.0555555555555555,1800.0,0.0005555555555555,1.8,0.5555555555555556,0.18,5.555555555555555,,,,
event_budget,18,A1->A2->A3->A4->A5->A6->A7->A8->A9->A10->A11->A12->A13->A14->A15->A16->A17->A18,/opt/Projects/Soft2/NSGD/logs/sanitycheck_event_budget_L18_arr10.0_20260427_121014,/opt/Projects/Soft2/NSGD/results_figures/run_logs/event_budget_L18.log,1,1,node,A17,17.0,1295,47,1246,10,44,3,5,0.0362934362934362,0.0038610038610038,0.9621621621621622,0.0023166023166023,3.291002985200416,0.570031237732662,2.4911592569382446,0.0252254032053517,0.1884767413789339,0.0161103459452239,,,,,128.97939258253783,18.0,0.0555555555555555,1800.0,0.0005555555555555,1.8,0.5555555555555556,0.18,5.555555555555555,,,,
event_budget,18,A1->A2->A3->A4->A5->A6->A7->A8->A9->A10->A11->A12->A13->A14->A15->A16->A17->A18,/opt/Projects/Soft2/NSGD/logs/sanitycheck_event_budget_L18_arr10.0_20260427_121014,/opt/Projects/Soft2/NSGD/results_figures/run_logs/event_budget_L18.log,1,1,node,A18,18.0,1290,72,1219,12,68,4,3,0.055813953488372,0.0023255813953488,0.9449612403100776,0.0031007751937984,3.5483057627251053,0.5661630285175088,2.6841739255620185,0.0257409377774653,0.2647067368407493,0.0075211340273633,,,,,128.97939258253783,18.0,0.0555555555555555,1800.0,0.0005555555555555,1.8,0.5555555555555556,0.18,5.555555555555555,,,,
event_budget,19,A1->A2->A3->A4->A5->A6->A7->A8->A9->A10->A11->A12->A13->A14->A15->A16->A17->A18->A19,/opt/Projects/Soft2/NSGD/logs/sanitycheck_event_budget_L19_arr10.0_20260427_121038,/opt/Projects/Soft2/NSGD/results_figures/run_logs/event_budget_L19.log,1,1,graph,ALL,,23864,1080,22836,218,984,96,44,0.0452564532349983,0.0018437814280925,0.95692256118002,0.0040227958431109,62.74125243919131,10.204018859187793,47.52437557353982,0.4771053194354575,4.15707679962039,0.3786758874078377,1270.0,22594.0,607.99562,583.8923287414117,122.78109296809208,19.0,0.0526315789473684,1900.0,0.0005263157894736,1.9,0.5263157894736842,0.19,5.2631578947368425,1.0,0.01,10.0,100.0
event_budget,19,A1->A2->A3->A4->A5->A6->A7->A8->A9->A10->A11->A12->A13->A14->A15->A16->A17->A18->A19,/opt/Projects/Soft2/NSGD/logs/sanitycheck_event_budget_L19_arr10.0_20260427_121038,/opt/Projects/Soft2/NSGD/results_figures/run_logs/event_budget_L19.log,1,1,node,A1,1.0,1270,60,1218,13,52,8,0,0.0472440944881889,0.0,0.9590551181102362,0.0062992125984251,3.415726615877649,0.562240629053564,2.5765128775358863,0.0108041351807416,0.2221501242442274,0.0440188498632293,,,,,122.78109296809208,19.0,0.0526315789473684,1900.0,0.0005263157894736,1.9,0.5263157894736842,0.19,5.2631578947368425,,,,
event_budget,19,A1->A2->A3->A4->A5->A6->A7->A8->A9->A10->A11->A12->A13->A14->A15->A16->A17->A18->A19,/opt/Projects/Soft2/NSGD/logs/sanitycheck_event_budget_L19_arr10.0_20260427_121038,/opt/Projects/Soft2/NSGD/results_figures/run_logs/event_budget_L19.log,1,1,node,A2,2.0,1268,56,1214,12,54,2,0,0.0441640378548895,0.0,0.9574132492113564,0.001577287066246,3.3395411794472403,0.5288890401649067,2.5724205265244358,0.0327861825571267,0.204244561319192,0.0012008688815796,,,,,122.78109296809208,19.0,0.0526315789473684,1900.0,0.0005263157894736,1.9,0.5263157894736842,0.19,5.2631578947368425,,,,
event_budget,19,A1->A2->A3->A4->A5->A6->A7->A8->A9->A10->A11->A12->A13->A14->A15->A16->A17->A18->A19,/opt/Projects/Soft2/NSGD/logs/sanitycheck_event_budget_L19_arr10.0_20260427_121038,/opt/Projects/Soft2/NSGD/results_figures/run_logs/event_budget_L19.log,1,1,node,A3,3.0,1267,39,1235,15,32,7,0,0.0307813733228097,0.0,0.9747434885556432,0.005524861878453,3.0435003120784043,0.5172059484499055,2.3284834009563693,0.0277667838759441,0.1364303882884537,0.033613790507732,,,,,122.78109296809208,19.0,0.0526315789473684,1900.0,0.0005263157894736,1.9,0.5263157894736842,0.19,5.2631578947368425,,,,
event_budget,19,A1->A2->A3->A4->A5->A6->A7->A8->A9->A10->A11->A12->A13->A14->A15->A16->A17->A18->A19,/opt/Projects/Soft2/NSGD/logs/sanitycheck_event_budget_L19_arr10.0_20260427_121038,/opt/Projects/Soft2/NSGD/results_figures/run_logs/event_budget_L19.log,1,1,node,A4,4.0,1267,69,1205,14,62,7,0,0.0544593528018942,0.0,0.9510655090765588,0.005524861878453,3.4355728909258234,0.5406565822349895,2.500393116949015,0.0426843908578385,0.3118729923847986,0.0399658084991816,,,,,122.78109296809208,19.0,0.0526315789473684,1900.0,0.0005263157894736,1.9,0.5263157894736842,0.19,5.2631578947368425,,,,
event_budget,19,A1->A2->A3->A4->A5->A6->A7->A8->A9->A10->A11->A12->A13->A14->A15->A16->A17->A18->A19,/opt/Projects/Soft2/NSGD/logs/sanitycheck_event_budget_L19_arr10.0_20260427_121038,/opt/Projects/Soft2/NSGD/results_figures/run_logs/event_budget_L19.log,1,1,node,A5,5.0,1266,63,1207,9,59,4,0,0.0497630331753554,0.0,0.953396524486572,0.0031595576619273,3.616170563516534,0.5253266104381794,2.780030146287541,0.0094336975886394,0.2675783408239202,0.033801768378254,,,,,122.78109296809208,19.0,0.0526315789473684,1900.0,0.0005263157894736,1.9,0.5263157894736842,0.19,5.2631578947368425,,,,
event_budget,19,A1->A2->A3->A4->A5->A6->A7->A8->A9->A10->A11->A12->A13->A14->A15->A16->A17->A18->A19,/opt/Projects/Soft2/NSGD/logs/sanitycheck_event_budget_L19_arr10.0_20260427_121038,/opt/Projects/Soft2/NSGD/results_figures/run_logs/event_budget_L19.log,1,1,node,A6,6.0,1266,54,1213,5,53,1,0,0.0426540284360189,0.0,0.9581358609794628,0.0007898894154818,3.4563686968254608,0.5459062819336884,2.68689559756356,0.0087263175146607,0.214421574770098,0.0004189250434546,,,,,122.78109296809208,19.0,0.0526315789473684,1900.0,0.0005263157894736,1.9,0.5263157894736842,0.19,5.2631578947368425,,,,
event_budget,19,A1->A2->A3->A4->A5->A6->A7->A8->A9->A10->A11->A12->A13->A14->A15->A16->A17->A18->A19,/opt/Projects/Soft2/NSGD/logs/sanitycheck_event_budget_L19_arr10.0_20260427_121038,/opt/Projects/Soft2/NSGD/results_figures/run_logs/event_budget_L19.log,1,1,node,A7,7.0,1266,71,1202,14,64,7,0,0.0560821484992101,0.0,0.9494470774091628,0.0055292259083728,3.547619556117546,0.5347472618249343,2.6907261741417563,0.0324036724317998,0.2484195709517039,0.0413228767673514,,,,,122.78109296809208,19.0,0.0526315789473684,1900.0,0.0005263157894736,1.9,0.5263157894736842,0.19,5.2631578947368425,,,,
event_budget,19,A1->A2->A3->A4->A5->A6->A7->A8->A9->A10->A11->A12->A13->A14->A15->A16->A17->A18->A19,/opt/Projects/Soft2/NSGD/logs/sanitycheck_event_budget_L19_arr10.0_20260427_121038,/opt/Projects/Soft2/NSGD/results_figures/run_logs/event_budget_L19.log,1,1,node,A8,8.0,1265,52,1219,14,46,6,0,0.0411067193675889,0.0,0.9636363636363636,0.0047430830039525,3.4353236881499,0.5540776449203847,2.6326578808314416,0.0363553285819065,0.1900500816742537,0.0221827521419131,,,,,122.78109296809208,19.0,0.0526315789473684,1900.0,0.0005263157894736,1.9,0.5263157894736842,0.19,5.2631578947368425,,,,
event_budget,19,A1->A2->A3->A4->A5->A6->A7->A8->A9->A10->A11->A12->A13->A14->A15->A16->A17->A18->A19,/opt/Projects/Soft2/NSGD/logs/sanitycheck_event_budget_L19_arr10.0_20260427_121038,/opt/Projects/Soft2/NSGD/results_figures/run_logs/event_budget_L19.log,1,1,node,A9,9.0,1265,67,1204,9,61,6,0,0.0529644268774703,0.0,0.9517786561264822,0.0047430830039525,3.2338457891178227,0.5300785804934703,2.431507305602884,0.0148376077207633,0.2474769637179171,0.0099453315827878,,,,,122.78109296809208,19.0,0.0526315789473684,1900.0,0.0005263157894736,1.9,0.5263157894736842,0.19,5.2631578947368425,,,,
event_budget,19,A1->A2->A3->A4->A5->A6->A7->A8->A9->A10->A11->A12->A13->A14->A15->A16->A17->A18->A19,/opt/Projects/Soft2/NSGD/logs/sanitycheck_event_budget_L19_arr10.0_20260427_121038,/opt/Projects/Soft2/NSGD/results_figures/run_logs/event_budget_L19.log,1,1,node,A10,10.0,1265,63,1211,13,54,9,0,0.0498023715415019,0.0,0.9573122529644268,0.0071146245059288,3.418046743253703,0.5510293565141713,2.6021188655465317,0.0206812247484786,0.2092376902435472,0.0349796062009744,,,,,122.78109296809208,19.0,0.0526315789473684,1900.0,0.0005263157894736,1.9,0.5263157894736842,0.19,5.2631578947368425,,,,
event_budget,19,A1->A2->A3->A4->A5->A6->A7->A8->A9->A10->A11->A12->A13->A14->A15->A16->A17->A18->A19,/opt/Projects/Soft2/NSGD/logs/sanitycheck_event_budget_L19_arr10.0_20260427_121038,/opt/Projects/Soft2/NSGD/results_figures/run_logs/event_budget_L19.log,1,1,node,A11,11.0,1265,56,1214,10,51,5,0,0.0442687747035573,0.0,0.9596837944664032,0.0039525691699604,3.240310356666517,0.5259235171011268,2.5070426890040696,0.0133978468248567,0.1843038697651161,0.0096424339713474,,,,,122.78109296809208,19.0,0.0526315789473684,1900.0,0.0005263157894736,1.9,0.5263157894736842,0.19,5.2631578947368425,,,,
event_budget,19,A1->A2->A3->A4->A5->A6->A7->A8->A9->A10->A11->A12->A13->A14->A15->A16->A17->A18->A19,/opt/Projects/Soft2/NSGD/logs/sanitycheck_event_budget_L19_arr10.0_20260427_121038,/opt/Projects/Soft2/NSGD/results_figures/run_logs/event_budget_L19.log,1,1,node,A12,12.0,1265,54,1217,11,48,6,0,0.0426877470355731,0.0,0.9620553359683794,0.0047430830039525,3.172431798983032,0.5724734618488605,2.3838901446250507,0.035687558528026,0.1615069895583425,0.0188736444227516,,,,,122.78109296809208,19.0,0.0526315789473684,1900.0,0.0005263157894736,1.9,0.5263157894736842,0.19,5.2631578947368425,,,,
event_budget,19,A1->A2->A3->A4->A5->A6->A7->A8->A9->A10->A11->A12->A13->A14->A15->A16->A17->A18->A19,/opt/Projects/Soft2/NSGD/logs/sanitycheck_event_budget_L19_arr10.0_20260427_121038,/opt/Projects/Soft2/NSGD/results_figures/run_logs/event_budget_L19.log,1,1,node,A13,13.0,1263,56,1209,10,51,5,3,0.0443388756927949,0.002375296912114,0.9572446555819476,0.0039588281868566,3.716387158763821,0.5575855632856049,2.888580945398,0.0166755872919487,0.2246451698831742,0.0288998929050926,,,,,122.78109296809208,19.0,0.0526315789473684,1900.0,0.0005263157894736,1.9,0.5263157894736842,0.19,5.2631578947368425,,,,
event_budget,19,A1->A2->A3->A4->A5->A6->A7->A8->A9->A10->A11->A12->A13->A14->A15->A16->A17->A18->A19,/opt/Projects/Soft2/NSGD/logs/sanitycheck_event_budget_L19_arr10.0_20260427_121038,/opt/Projects/Soft2/NSGD/results_figures/run_logs/event_budget_L19.log,1,1,node,A14,14.0,1260,41,1211,15,38,3,11,0.0325396825396825,0.0087301587301587,0.9611111111111112,0.0023809523809523,2.866488836307333,0.5117758918569579,2.0965967152833858,0.0369101980710188,0.2057812900471436,0.0154247410488271,,,,,122.78109296809208,19.0,0.0526315789473684,1900.0,0.0005263157894736,1.9,0.5263157894736842,0.19,5.2631578947368425,,,,
event_budget,19,A1->A2->A3->A4->A5->A6->A7->A8->A9->A10->A11->A12->A13->A14->A15->A16->A17->A18->A19,/opt/Projects/Soft2/NSGD/logs/sanitycheck_event_budget_L19_arr10.0_20260427_121038,/opt/Projects/Soft2/NSGD/results_figures/run_logs/event_budget_L19.log,1,1,node,A15,15.0,1248,54,1189,9,52,2,7,0.0432692307692307,0.0056089743589743,0.9527243589743588,0.0016025641025641,3.275684140815927,0.5233818403155845,2.4623379617029144,0.0353064444836052,0.254213214169167,0.0004446801446557,,,,,122.78109296809208,19.0,0.0526315789473684,1900.0,0.0005263157894736,1.9,0.5263157894736842,0.19,5.2631578947368425,,,,
event_budget,19,A1->A2->A3->A4->A5->A6->A7->A8->A9->A10->A11->A12->A13->A14->A15->A16->A17->A18->A19,/opt/Projects/Soft2/NSGD/logs/sanitycheck_event_budget_L19_arr10.0_20260427_121038,/opt/Projects/Soft2/NSGD/results_figures/run_logs/event_budget_L19.log,1,1,node,A16,16.0,1240,50,1179,10,47,3,14,0.0403225806451612,0.0112903225806451,0.9508064516129032,0.0024193548387096,3.1615316803151,0.5333982671445336,2.403615715885878,0.0297318509179429,0.1934549183917938,0.0013309279749519,,,,,122.78109296809208,19.0,0.0526315789473684,1900.0,0.0005263157894736,1.9,0.5263157894736842,0.19,5.2631578947368425,,,,
event_budget,19,A1->A2->A3->A4->A5->A6->A7->A8->A9->A10->A11->A12->A13->A14->A15->A16->A17->A18->A19,/opt/Projects/Soft2/NSGD/logs/sanitycheck_event_budget_L19_arr10.0_20260427_121038,/opt/Projects/Soft2/NSGD/results_figures/run_logs/event_budget_L19.log,1,1,node,A17,17.0,1223,52,1171,12,48,4,4,0.0425183973834832,0.0032706459525756,0.9574816026165168,0.0032706459525756,3.1283915716646877,0.5339574708090165,2.361006237035057,0.0183047330732408,0.1973574510940245,0.0177656796533484,,,,,122.78109296809208,19.0,0.0526315789473684,1900.0,0.0005263157894736,1.9,0.5263157894736842,0.19,5.2631578947368425,,,,
event_budget,19,A1->A2->A3->A4->A5->A6->A7->A8->A9->A10->A11->A12->A13->A14->A15->A16->A17->A18->A19,/opt/Projects/Soft2/NSGD/logs/sanitycheck_event_budget_L19_arr10.0_20260427_121038,/opt/Projects/Soft2/NSGD/results_figures/run_logs/event_budget_L19.log,1,1,node,A18,18.0,1219,63,1161,10,56,7,2,0.0516817063166529,0.0016406890894175,0.9524200164068908,0.0057424118129614,2.9851440097752664,0.531330214559344,2.2065958498168112,0.0100212711135494,0.222537909941857,0.0146587643437044,,,,,122.78109296809208,19.0,0.0526315789473684,1900.0,0.0005263157894736,1.9,0.5263157894736842,0.19,5.2631578947368425,,,,
event_budget,19,A1->A2->A3->A4->A5->A6->A7->A8->A9->A10->A11->A12->A13->A14->A15->A16->A17->A18->A19,/opt/Projects/Soft2/NSGD/logs/sanitycheck_event_budget_L19_arr10.0_20260427_121038,/opt/Projects/Soft2/NSGD/results_figures/run_logs/event_budget_L19.log,1,1,node,A19,19.0,1216,60,1157,13,56,4,3,0.0493421052631578,0.0024671052631578,0.9514802631578948,0.0032894736842105,3.25316685058954,0.5240346962385718,2.41296342284924,0.0445904880733691,0.2613936983516591,0.0101845450766999,,,,,122.78109296809208,19.0,0.0526315789473684,1900.0,0.0005263157894736,1.9,0.5263157894736842,0.19,5.2631578947368425,,,,
event_budget,20,A1->A2->A3->A4->A5->A6->A7->A8->A9->A10->A11->A12->A13->A14->A15->A16->A17->A18->A19->A20,/opt/Projects/Soft2/NSGD/logs/sanitycheck_event_budget_L20_arr10.0_20260427_121104,/opt/Projects/Soft2/NSGD/results_figures/run_logs/event_budget_L20.log,1,1,graph,ALL,,23927,998,22955,213,926,72,46,0.041710201864003,0.0019225143143728,0.959376436661512,0.0030091528398879,63.65865154628983,10.117719757099955,48.792404358582175,0.5791320267855411,3.854554337439648,0.3148410663825139,1216.0,22711.0,571.96002,548.3847060095194,118.10765014256054,20.0,0.05,2000.0,0.0005,2.0,0.5,0.2,5.0,1.0,0.01,10.0,100.0
event_budget,20,A1->A2->A3->A4->A5->A6->A7->A8->A9->A10->A11->A12->A13->A14->A15->A16->A17->A18->A19->A20,/opt/Projects/Soft2/NSGD/logs/sanitycheck_event_budget_L20_arr10.0_20260427_121104,/opt/Projects/Soft2/NSGD/results_figures/run_logs/event_budget_L20.log,1,1,node,A1,1.0,1216,45,1173,7,43,2,0,0.0370065789473684,0.0,0.9646381578947368,0.0016447368421052,3.348252348057021,0.5318596133100048,2.5924876092340323,0.0068340489571389,0.1985795325032046,0.0184915440526398,,,,,118.10765014256054,20.0,0.05,2000.0,0.0005,2.0,0.5,0.2,5.0,,,,
event_budget,20,A1->A2->A3->A4->A5->A6->A7->A8->A9->A10->A11->A12->A13->A14->A15->A16->A17->A18->A19->A20,/opt/Projects/Soft2/NSGD/logs/sanitycheck_event_budget_L20_arr10.0_20260427_121104,/opt/Projects/Soft2/NSGD/results_figures/run_logs/event_budget_L20.log,1,1,node,A2,2.0,1214,58,1163,16,51,7,0,0.0477759472817133,0.0,0.957990115321252,0.0057660626029654,3.2382037661535006,0.5015760059763942,2.4976132856846904,0.0241506767820212,0.1726012443879772,0.0422625533224179,,,,,118.10765014256054,20.0,0.05,2000.0,0.0005,2.0,0.5,0.2,5.0,,,,
event_budget,20,A1->A2->A3->A4->A5->A6->A7->A8->A9->A10->A11->A12->A13->A14->A15->A16->A17->A18->A19->A20,/opt/Projects/Soft2/NSGD/logs/sanitycheck_event_budget_L20_arr10.0_20260427_121104,/opt/Projects/Soft2/NSGD/results_figures/run_logs/event_budget_L20.log,1,1,node,A3,3.0,1213,42,1175,12,38,4,0,0.0346248969497114,0.0,0.9686727122835944,0.0032976092333058,3.0713400170815617,0.488225477077658,2.3856547969722737,0.0294542132248621,0.1342123552029789,0.0337931746037892,,,,,118.10765014256054,20.0,0.05,2000.0,0.0005,2.0,0.5,0.2,5.0,,,,
event_budget,20,A1->A2->A3->A4->A5->A6->A7->A8->A9->A10->A11->A12->A13->A14->A15->A16->A17->A18->A19->A20,/opt/Projects/Soft2/NSGD/logs/sanitycheck_event_budget_L20_arr10.0_20260427_121104,/opt/Projects/Soft2/NSGD/results_figures/run_logs/event_budget_L20.log,1,1,node,A4,4.0,1211,37,1176,5,35,2,0,0.0305532617671346,0.0,0.9710982658959536,0.0016515276630883,3.2480072108165565,0.5087327905499932,2.5629182134110056,0.0148692258082331,0.1395425772298128,0.0219444038175112,,,,,118.10765014256054,20.0,0.05,2000.0,0.0005,2.0,0.5,0.2,5.0,,,,
event_budget,20,A1->A2->A3->A4->A5->A6->A7->A8->A9->A10->A11->A12->A13->A14->A15->A16->A17->A18->A19->A20,/opt/Projects/Soft2/NSGD/logs/sanitycheck_event_budget_L20_arr10.0_20260427_121104,/opt/Projects/Soft2/NSGD/results_figures/run_logs/event_budget_L20.log,1,1,node,A5,5.0,1210,55,1157,3,53,2,0,0.0454545454545454,0.0,0.956198347107438,0.0016528925619834,3.300445029166883,0.4854957547377011,2.585295294286293,0.0130662381951289,0.2040958272386515,0.0124919147091091,,,,,118.10765014256054,20.0,0.05,2000.0,0.0005,2.0,0.5,0.2,5.0,,,,
event_budget,20,A1->A2->A3->A4->A5->A6->A7->A8->A9->A10->A11->A12->A13->A14->A15->A16->A17->A18->A19->A20,/opt/Projects/Soft2/NSGD/logs/sanitycheck_event_budget_L20_arr10.0_20260427_121104,/opt/Projects/Soft2/NSGD/results_figures/run_logs/event_budget_L20.log,1,1,node,A6,6.0,1208,52,1162,15,46,6,0,0.043046357615894,0.0,0.9619205298013244,0.0049668874172185,3.194024705930095,0.5116626940758656,2.4454021266894235,0.0441870288049234,0.1806842522664608,0.0120886040934219,,,,,118.10765014256054,20.0,0.05,2000.0,0.0005,2.0,0.5,0.2,5.0,,,,
event_budget,20,A1->A2->A3->A4->A5->A6->A7->A8->A9->A10->A11->A12->A13->A14->A15->A16->A17->A18->A19->A20,/opt/Projects/Soft2/NSGD/logs/sanitycheck_event_budget_L20_arr10.0_20260427_121104,/opt/Projects/Soft2/NSGD/results_figures/run_logs/event_budget_L20.log,1,1,node,A7,7.0,1208,68,1145,11,63,5,0,0.0562913907284768,0.0,0.9478476821192052,0.0041390728476821,3.3166126148962,0.506286227216398,2.498859507975203,0.0265151775074976,0.2579082018379283,0.0270435003591722,,,,,118.10765014256054,20.0,0.05,2000.0,0.0005,2.0,0.5,0.2,5.0,,,,
event_budget,20,A1->A2->A3->A4->A5->A6->A7->A8->A9->A10->A11->A12->A13->A14->A15->A16->A17->A18->A19->A20,/opt/Projects/Soft2/NSGD/logs/sanitycheck_event_budget_L20_arr10.0_20260427_121104,/opt/Projects/Soft2/NSGD/results_figures/run_logs/event_budget_L20.log,1,1,node,A8,8.0,1207,56,1158,15,49,7,0,0.0463960231980116,0.0,0.95940347970174,0.0057995028997514,3.072592560132923,0.5253722719042333,2.271637456381061,0.0296935062104967,0.226385306026798,0.0195040196103323,,,,,118.10765014256054,20.0,0.05,2000.0,0.0005,2.0,0.5,0.2,5.0,,,,
event_budget,20,A1->A2->A3->A4->A5->A6->A7->A8->A9->A10->A11->A12->A13->A14->A15->A16->A17->A18->A19->A20,/opt/Projects/Soft2/NSGD/logs/sanitycheck_event_budget_L20_arr10.0_20260427_121104,/opt/Projects/Soft2/NSGD/results_figures/run_logs/event_budget_L20.log,1,1,node,A9,9.0,1206,42,1165,12,40,2,1,0.0348258706467661,0.0008291873963515,0.9660033167495854,0.0016583747927031,2.814422783514713,0.4960266712169789,2.1065422647782066,0.0375249872397868,0.1637200392267857,0.0106088210529546,,,,,118.10765014256054,20.0,0.05,2000.0,0.0005,2.0,0.5,0.2,5.0,,,,
event_budget,20,A1->A2->A3->A4->A5->A6->A7->A8->A9->A10->A11->A12->A13->A14->A15->A16->A17->A18->A19->A20,/opt/Projects/Soft2/NSGD/logs/sanitycheck_event_budget_L20_arr10.0_20260427_121104,/opt/Projects/Soft2/NSGD/results_figures/run_logs/event_budget_L20.log,1,1,node,A10,10.0,1205,46,1162,14,43,3,0,0.0381742738589211,0.0,0.9643153526970956,0.0024896265560165,3.343804095307736,0.5160733758664099,2.6026147054381745,0.0527303941384732,0.1653562654084967,0.0070293544561818,,,,,118.10765014256054,20.0,0.05,2000.0,0.0005,2.0,0.5,0.2,5.0,,,,
event_budget,20,A1->A2->A3->A4->A5->A6->A7->A8->A9->A10->A11->A12->A13->A14->A15->A16->A17->A18->A19->A20,/opt/Projects/Soft2/NSGD/logs/sanitycheck_event_budget_L20_arr10.0_20260427_121104,/opt/Projects/Soft2/NSGD/results_figures/run_logs/event_budget_L20.log,1,1,node,A11,11.0,1204,65,1141,5,63,2,0,0.0539867109634551,0.0,0.9476744186046512,0.0016611295681063,3.15279623390546,0.4924784481159567,2.4018140887286825,0.018533346354861,0.2179354353319685,0.0220349153739899,,,,,118.10765014256054,20.0,0.05,2000.0,0.0005,2.0,0.5,0.2,5.0,,,,
event_budget,20,A1->A2->A3->A4->A5->A6->A7->A8->A9->A10->A11->A12->A13->A14->A15->A16->A17->A18->A19->A20,/opt/Projects/Soft2/NSGD/logs/sanitycheck_event_budget_L20_arr10.0_20260427_121104,/opt/Projects/Soft2/NSGD/results_figures/run_logs/event_budget_L20.log,1,1,node,A12,12.0,1203,65,1144,14,59,6,0,0.0540315876974231,0.0,0.9509559434746468,0.0049875311720698,2.91176167894978,0.5412205244011814,2.0984482439502607,0.0275822434747257,0.2313696495513964,0.0131410175722164,,,,,118.10765014256054,20.0,0.05,2000.0,0.0005,2.0,0.5,0.2,5.0,,,,
event_budget,20,A1->A2->A3->A4->A5->A6->A7->A8->A9->A10->A11->A12->A13->A14->A15->A16->A17->A18->A19->A20,/opt/Projects/Soft2/NSGD/logs/sanitycheck_event_budget_L20_arr10.0_20260427_121104,/opt/Projects/Soft2/NSGD/results_figures/run_logs/event_budget_L20.log,1,1,node,A13,13.0,1202,45,1162,17,39,6,1,0.0374376039933444,0.0008319467554076,0.966722129783694,0.0049916805324459,3.907326126861975,0.5271708378890754,3.125886494314529,0.0492796687420008,0.1864200165091413,0.0185691094072284,,,,,118.10765014256054,20.0,0.05,2000.0,0.0005,2.0,0.5,0.2,5.0,,,,
event_budget,20,A1->A2->A3->A4->A5->A6->A7->A8->A9->A10->A11->A12->A13->A14->A15->A16->A17->A18->A19->A20,/opt/Projects/Soft2/NSGD/logs/sanitycheck_event_budget_L20_arr10.0_20260427_121104,/opt/Projects/Soft2/NSGD/results_figures/run_logs/event_budget_L20.log,1,1,node,A14,14.0,1199,41,1151,10,37,4,11,0.0341951626355296,0.0091743119266055,0.9599666388657214,0.0033361134278565,2.932035609384678,0.4828174566148973,2.234701373534491,0.0342640632132333,0.1668909814151615,0.0133617346068947,,,,,118.10765014256054,20.0,0.05,2000.0,0.0005,2.0,0.5,0.2,5.0,,,,
event_budget,20,A1->A2->A3->A4->A5->A6->A7->A8->A9->A10->A11->A12->A13->A14->A15->A16->A17->A18->A19->A20,/opt/Projects/Soft2/NSGD/logs/sanitycheck_event_budget_L20_arr10.0_20260427_121104,/opt/Projects/Soft2/NSGD/results_figures/run_logs/event_budget_L20.log,1,1,node,A15,15.0,1188,50,1130,9,49,1,9,0.042087542087542,0.0075757575757575,0.9511784511784512,0.0008417508417508,3.418578147446867,0.4883606834372585,2.651803434117065,0.0294225925592255,0.2476330417343852,0.0013583955989318,,,,,118.10765014256054,20.0,0.05,2000.0,0.0005,2.0,0.5,0.2,5.0,,,,
event_budget,20,A1->A2->A3->A4->A5->A6->A7->A8->A9->A10->A11->A12->A13->A14->A15->A16->A17->A18->A19->A20,/opt/Projects/Soft2/NSGD/logs/sanitycheck_event_budget_L20_arr10.0_20260427_121104,/opt/Projects/Soft2/NSGD/results_figures/run_logs/event_budget_L20.log,1,1,node,A16,16.0,1179,48,1122,13,47,1,10,0.0407124681933842,0.008481764206955,0.9516539440203562,0.0008481764206955,3.131897002023696,0.5096197235961332,2.3916635977627183,0.0359315448149195,0.1942086380495012,0.0004734978004235,,,,,118.10765014256054,20.0,0.05,2000.0,0.0005,2.0,0.5,0.2,5.0,,,,
event_budget,20,A1->A2->A3->A4->A5->A6->A7->A8->A9->A10->A11->A12->A13->A14->A15->A16->A17->A18->A19->A20,/opt/Projects/Soft2/NSGD/logs/sanitycheck_event_budget_L20_arr10.0_20260427_121104,/opt/Projects/Soft2/NSGD/results_figures/run_logs/event_budget_L20.log,1,1,node,A17,17.0,1169,46,1125,11,42,4,2,0.039349871685201,0.001710863986313,0.962360992301112,0.0034217279726261,2.878520689479937,0.5041612899831576,2.151463062222136,0.0306947762266778,0.1800834423626911,0.0121181186852744,,,,,118.10765014256054,20.0,0.05,2000.0,0.0005,2.0,0.5,0.2,5.0,,,,
event_budget,20,A1->A2->A3->A4->A5->A6->A7->A8->A9->A10->A11->A12->A13->A14->A15->A16->A17->A18->A19->A20,/opt/Projects/Soft2/NSGD/logs/sanitycheck_event_budget_L20_arr10.0_20260427_121104,/opt/Projects/Soft2/NSGD/results_figures/run_logs/event_budget_L20.log,1,1,node,A18,18.0,1166,45,1120,7,42,3,4,0.0385934819897084,0.0034305317324185,0.9605488850771868,0.0025728987993138,3.1725311387490844,0.5070960431056705,2.4869922171570216,0.0138012663405669,0.1583622069897534,0.0062794051560717,,,,,118.10765014256054,20.0,0.05,2000.0,0.0005,2.0,0.5,0.2,5.0,,,,
event_budget,20,A1->A2->A3->A4->A5->A6->A7->A8->A9->A10->A11->A12->A13->A14->A15->A16->A17->A18->A19->A20,/opt/Projects/Soft2/NSGD/logs/sanitycheck_event_budget_L20_arr10.0_20260427_121104,/opt/Projects/Soft2/NSGD/results_figures/run_logs/event_budget_L20.log,1,1,node,A19,19.0,1162,41,1116,5,41,0,5,0.0352839931153184,0.0043029259896729,0.9604130808950088,0.0,3.1552914744980662,0.4930742660366656,2.4510850182424204,0.0277886814675953,0.1833435087513848,0.0,,,,,118.10765014256054,20.0,0.05,2000.0,0.0005,2.0,0.5,0.2,5.0,,,,
event_budget,20,A1->A2->A3->A4->A5->A6->A7->A8->A9->A10->A11->A12->A13->A14->A15->A16->A17->A18->A19->A20,/opt/Projects/Soft2/NSGD/logs/sanitycheck_event_budget_L20_arr10.0_20260427_121104,/opt/Projects/Soft2/NSGD/results_figures/run_logs/event_budget_L20.log,1,1,node,A20,20.0,1157,51,1108,12,46,5,3,0.0440795159896283,0.0025929127052722,0.9576490924805532,0.0043215211754537,3.0502083139331075,0.5004096019883224,2.2495215677024905,0.0328083467231725,0.2452218154151697,0.0222469821039521,,,,,118.10765014256054,20.0,0.05,2000.0,0.0005,2.0,0.5,0.2,5.0,,,,
