scenario,chain_length,graph,run_dir,stdout_log,run_index,seed,level,node,node_index,reqs_total,reqs_cold,reqs_warm,reqs_init_free,reqs_init_reserved,reqs_queued,reqs_reject,prob_cold,prob_reject,prob_warm,prob_queued,inst_count_avg,inst_running_count_avg,inst_idle_count_avg,inst_init_free_count_avg,inst_init_reserved_count_avg,inst_queued_jobs_count_avg,external_arrivals,internal_arrivals,graph_event_avg_cost,graph_time_avg_cost,simulated_time,warm_service_rate,warm_service_mean_time,cold_service_rate,cold_service_mean_time,cold_start_rate,cold_start_mean_time,expiration_rate,expiration_mean_time,total_expected_warm_service_time,total_expected_cold_service_time,total_expected_cold_start_time,total_expected_expiration_time
event_budget,1,A1,/opt/Projects/Soft2/NSGD/logs/sanitycheck_event_budget_L01_arr10.0_20260427_120110,/opt/Projects/Soft2/NSGD/results_figures/run_logs/event_budget_L01.log,1,1,graph,ALL,,35025,27,14924,22,5,22,20096,0.0007708779443254,0.5737615988579586,0.4260956459671663,0.0006281227694503,4.99835322093067,4.3262191132041,0.6209327546629143,0.0009787751269602,0.0172343413212258,0.0329882366154697,35025.0,0.0,90.79638,10.846349181517905,3481.3772207455577,1.0,1.0,100.0,0.01,0.1,10.0,0.01,100.0,1.0,0.01,10.0,100.0
event_budget,1,A1,/opt/Projects/Soft2/NSGD/logs/sanitycheck_event_budget_L01_arr10.0_20260427_120110,/opt/Projects/Soft2/NSGD/results_figures/run_logs/event_budget_L01.log,1,1,node,A1,1.0,35025,27,14924,22,5,22,20096,0.0007708779443254,0.5737615988579586,0.4260956459671663,0.0006281227694503,4.99835322093067,4.3262191132041,0.6209327546629143,0.0009787751269602,0.0172343413212258,0.0329882366154697,,,,,3481.3772207455577,1.0,1.0,100.0,0.01,0.1,10.0,0.01,100.0,,,,
event_budget,2,A1->A2,/opt/Projects/Soft2/NSGD/logs/sanitycheck_event_budget_L02_arr10.0_20260427_120113,/opt/Projects/Soft2/NSGD/results_figures/run_logs/event_budget_L02.log,1,1,graph,ALL,,34273,51,15593,16,37,14,18643,0.0014880518192162,0.5439558836401832,0.4549645493537186,0.0004084848131181,4.996850973933709,3.6554734778660665,1.233938931412213,0.0013822380310675,0.0805507361236122,0.0255055905007499,21706.0,12567.0,90.60422,17.26617682640371,2156.335000261746,2.0,0.5,200.0,0.005,0.2,5.0,0.02,50.0,1.0,0.01,10.0,100.0
event_budget,2,A1->A2,/opt/Projects/Soft2/NSGD/logs/sanitycheck_event_budget_L02_arr10.0_20260427_120113,/opt/Projects/Soft2/NSGD/results_figures/run_logs/event_budget_L02.log,1,1,node,A1,1.0,21706,38,12546,14,25,13,9135,0.0017506680180595,0.4208513774993089,0.5779968672256519,0.0005989127430203,3.998496127196352,2.949201027714765,0.96089829083184,0.0012769583030571,0.0633364609584757,0.0237833893882136,,,,,2156.335000261746,2.0,0.5,200.0,0.005,0.2,5.0,0.02,50.0,,,,
event_budget,2,A1->A2,/opt/Projects/Soft2/NSGD/logs/sanitycheck_event_budget_L02_arr10.0_20260427_120113,/opt/Projects/Soft2/NSGD/results_figures/run_logs/event_budget_L02.log,1,1,node,A2,2.0,12567,13,3047,2,12,1,9508,0.0010344553194875,0.7565847059759688,0.242460412190658,7.957348611442667e-05,0.9983548467373572,0.7062724501513011,0.2730406405803727,0.0001052797280103,0.0172142751651365,0.0017222011125362,,,,,2156.335000261746,2.0,0.5,200.0,0.005,0.2,5.0,0.02,50.0,,,,
event_budget,3,A1->A2->A3,/opt/Projects/Soft2/NSGD/logs/sanitycheck_event_budget_L03_arr10.0_20260427_120118,/opt/Projects/Soft2/NSGD/results_figures/run_logs/event_budget_L03.log,1,1,graph,ALL,,33385,105,16319,18,90,15,16976,0.0031451250561629,0.50849183765164,0.4888123408716489,0.0004493035794518,4.99296509467254,2.9857167724697087,1.826365056025521,0.0035914135598087,0.1485774565214411,0.0287143960960612,18349.0,15036.0,90.84954,25.272048477157792,1826.11106258002,3.0,0.3333333333333333,300.0,0.0033333333333333,0.3,3.333333333333333,0.03,33.33333333333333,1.0,0.01,10.0,100.0
event_budget,3,A1->A2->A3,/opt/Projects/Soft2/NSGD/logs/sanitycheck_event_budget_L03_arr10.0_20260427_120118,/opt/Projects/Soft2/NSGD/results_figures/run_logs/event_budget_L03.log,1,1,node,A1,1.0,18349,54,10394,14,41,13,7914,0.0029429396697367,0.4313041582647556,0.5664613875415554,0.0007084854760477,2.916550208616674,1.9201479986097605,0.8966745014394274,0.0014025998519067,0.0752910000760501,0.0230341086395298,,,,,1826.11106258002,3.0,0.3333333333333333,300.0,0.0033333333333333,0.3,3.333333333333333,0.03,33.333333333333336,,,,
event_budget,3,A1->A2->A3,/opt/Projects/Soft2/NSGD/logs/sanitycheck_event_budget_L03_arr10.0_20260427_120118,/opt/Projects/Soft2/NSGD/results_figures/run_logs/event_budget_L03.log,1,1,node,A2,2.0,10433,31,4576,3,30,1,5827,0.0029713409374101,0.5585162465254481,0.4386082622448001,9.584970765839164e-05,1.4919448451068698,0.8269798271605238,0.6192909435747717,0.0013673658483451,0.0433257392378982,0.0009809692853308,,,,,1826.11106258002,3.0,0.3333333333333333,300.0,0.0033333333333333,0.3,3.333333333333333,0.03,33.333333333333336,,,,
event_budget,3,A1->A2->A3,/opt/Projects/Soft2/NSGD/logs/sanitycheck_event_budget_L03_arr10.0_20260427_120118,/opt/Projects/Soft2/NSGD/results_figures/run_logs/event_budget_L03.log,1,1,node,A3,3.0,4603,20,1349,1,19,1,3235,0.0043449923962633,0.7028025200955899,0.29306973712796,0.0002172496198131,0.584470040948996,0.2385889466994245,0.3103996110113215,0.0008214478595567,0.0299607172074926,0.0046993181712005,,,,,1826.11106258002,3.0,0.3333333333333333,300.0,0.0033333333333333,0.3,3.333333333333333,0.03,33.333333333333336,,,,
event_budget,4,A1->A2->A3->A4,/opt/Projects/Soft2/NSGD/logs/sanitycheck_event_budget_L04_arr10.0_20260427_120123,/opt/Projects/Soft2/NSGD/results_figures/run_logs/event_budget_L04.log,1,1,graph,ALL,,33001,159,16540,18,144,15,16317,0.0048180358170964,0.4944395624375018,0.5011969334262598,0.0004545316808581,4.990183522896668,2.5270590484607447,2.22795966714599,0.0033021706097821,0.2126973526261418,0.01916528405401,16568.0,16433.0,93.69994,31.34506608721728,1646.1451318452523,4.0,0.25,400.0,0.0025,0.4,2.5,0.04,25.0,1.0,0.01,10.0,100.0
event_budget,4,A1->A2->A3->A4,/opt/Projects/Soft2/NSGD/logs/sanitycheck_event_budget_L04_arr10.0_20260427_120123,/opt/Projects/Soft2/NSGD/results_figures/run_logs/event_budget_L04.log,1,1,node,A1,1.0,16568,78,10201,13,65,13,6302,0.0047078705939159,0.3803718010622887,0.6157049734427813,0.0007846450989859,2.7119471867630063,1.572572162446755,1.015964195043443,0.0015413503924503,0.1067417079404103,0.0151277709399484,,,,,1646.1451318452523,4.0,0.25,400.0,0.0025,0.4,2.5,0.04,25.0,,,,
event_budget,4,A1->A2->A3->A4,/opt/Projects/Soft2/NSGD/logs/sanitycheck_event_budget_L04_arr10.0_20260427_120123,/opt/Projects/Soft2/NSGD/results_figures/run_logs/event_budget_L04.log,1,1,node,A2,2.0,10263,42,4405,3,42,0,5816,0.0040923706518561,0.5666958978856085,0.4292117314625353,0.0,1.2678371828740995,0.6670932869705074,0.5493433552352213,0.0013502386408661,0.0500503020275048,0.0,,,,,1646.1451318452523,4.0,0.25,400.0,0.0025,0.4,2.5,0.04,25.0,,,,
event_budget,4,A1->A2->A3->A4,/opt/Projects/Soft2/NSGD/logs/sanitycheck_event_budget_L04_arr10.0_20260427_120123,/opt/Projects/Soft2/NSGD/results_figures/run_logs/event_budget_L04.log,1,1,node,A3,3.0,4446,26,1700,2,24,2,2722,0.0058479532163742,0.6122357174988754,0.382366171839856,0.0004498425551057,0.7077332621351136,0.2487593482249087,0.4200906222734824,0.0004105815764655,0.0344351969461952,0.0040375131140615,,,,,1646.1451318452523,4.0,0.25,400.0,0.0025,0.4,2.5,0.04,25.0,,,,
event_budget,4,A1->A2->A3->A4,/opt/Projects/Soft2/NSGD/logs/sanitycheck_event_budget_L04_arr10.0_20260427_120123,/opt/Projects/Soft2/NSGD/results_figures/run_logs/event_budget_L04.log,1,1,node,A4,4.0,1724,13,234,0,13,0,1477,0.0075406032482598,0.8567285382830626,0.1357308584686775,0.0,0.3026658911244482,0.0386342508185734,0.2425614945938434,0.0,0.0214701457120314,0.0,,,,,1646.1451318452523,4.0,0.25,400.0,0.0025,0.4,2.5,0.04,25.0,,,,
event_budget,5,A1->A2->A3->A4->A5,/opt/Projects/Soft2/NSGD/logs/sanitycheck_event_budget_L05_arr10.0_20260427_120130,/opt/Projects/Soft2/NSGD/results_figures/run_logs/event_budget_L05.log,1,1,graph,ALL,,32317,195,17112,24,177,18,15028,0.0060339759259832,0.4650184113624408,0.5295045951047437,0.0005569823931676,4.985143570973759,2.314306561156868,2.3974615825597296,0.0087538483196343,0.2381332565000226,0.0264883224375034,15035.0,17282.0,91.25506,34.93826475631492,1491.796445885188,5.0,0.2,500.0,0.002,0.5,2.0,0.0499999999999999,20.0,1.0,0.01,10.0,100.0
event_budget,5,A1->A2->A3->A4->A5,/opt/Projects/Soft2/NSGD/logs/sanitycheck_event_budget_L05_arr10.0_20260427_120130,/opt/Projects/Soft2/NSGD/results_figures/run_logs/event_budget_L05.log,1,1,node,A1,1.0,15035,83,9781,14,70,13,5184,0.0055204522780179,0.3447954772198204,0.6505487196541403,0.0008646491519787,2.5114007055258734,1.334663201989518,1.0525117875955268,0.0025444275483805,0.101194683733633,0.0204866046588148,,,,,1491.796445885188,5.0,0.2,500.0,0.002,0.5,2.0,0.05,20.0,,,,
event_budget,5,A1->A2->A3->A4->A5,/opt/Projects/Soft2/NSGD/logs/sanitycheck_event_budget_L05_arr10.0_20260427_120130,/opt/Projects/Soft2/NSGD/results_figures/run_logs/event_budget_L05.log,1,1,node,A2,2.0,9850,58,5310,7,55,3,4485,0.0058883248730964,0.4553299492385786,0.5390862944162437,0.0003045685279187,1.5111554436172594,0.7124320640938969,0.7262697911003272,0.00296483614211,0.0657480742534629,0.0037406780274624,,,,,1491.796445885188,5.0,0.2,500.0,0.002,0.5,2.0,0.05,20.0,,,,
event_budget,5,A1->A2->A3->A4->A5,/opt/Projects/Soft2/NSGD/logs/sanitycheck_event_budget_L05_arr10.0_20260427_120130,/opt/Projects/Soft2/NSGD/results_figures/run_logs/event_budget_L05.log,1,1,node,A3,3.0,5364,34,1834,3,32,2,3498,0.006338553318419,0.6521252796420581,0.3419090231170768,0.000372856077554,0.7230835216342031,0.2384077754497387,0.4381739479047503,0.0032445846291436,0.0409961738993441,0.0022610397512261,,,,,1491.796445885188,5.0,0.2,500.0,0.002,0.5,2.0,0.05,20.0,,,,
event_budget,5,A1->A2->A3->A4->A5,/opt/Projects/Soft2/NSGD/logs/sanitycheck_event_budget_L05_arr10.0_20260427_120130,/opt/Projects/Soft2/NSGD/results_figures/run_logs/event_budget_L05.log,1,1,node,A4,4.0,1865,18,185,0,18,0,1662,0.0096514745308311,0.8911528150134048,0.099195710455764,0.0,0.1802042607960643,0.0280464225791956,0.1293445805314684,0.0,0.0228132576854002,0.0,,,,,1491.796445885188,5.0,0.2,500.0,0.002,0.5,2.0,0.05,20.0,,,,
event_budget,5,A1->A2->A3->A4->A5,/opt/Projects/Soft2/NSGD/logs/sanitycheck_event_budget_L05_arr10.0_20260427_120130,/opt/Projects/Soft2/NSGD/results_figures/run_logs/event_budget_L05.log,1,1,node,A5,5.0,203,2,2,0,2,0,199,0.0098522167487684,0.9802955665024632,0.0098522167487684,0.0,0.0592996394003578,0.0007570970445183,0.0511614754276572,0.0,0.0073810669281822,0.0,,,,,1491.796445885188,5.0,0.2,500.0,0.002,0.5,2.0,0.05,20.0,,,,
event_budget,6,A1->A2->A3->A4->A5->A6,/opt/Projects/Soft2/NSGD/logs/sanitycheck_event_budget_L06_arr10.0_20260427_120138,/opt/Projects/Soft2/NSGD/results_figures/run_logs/event_budget_L06.log,1,1,graph,ALL,,31806,246,17475,23,227,19,14104,0.0077343897377853,0.4434383449663585,0.5494246368609697,0.0005973715651135,4.982152461956452,2.0981112695738813,2.584649482979599,0.0045575055367974,0.273011337075283,0.0218228667908909,14108.0,17698.0,89.60728,38.24778916916529,1401.921417426354,6.0,0.1666666666666666,600.0,0.0016666666666666,0.6000000000000001,1.6666666666666663,0.06,16.666666666666668,1.0,0.01,10.0,100.0
event_budget,6,A1->A2->A3->A4->A5->A6,/opt/Projects/Soft2/NSGD/logs/sanitycheck_event_budget_L06_arr10.0_20260427_120138,/opt/Projects/Soft2/NSGD/results_figures/run_logs/event_budget_L06.log,1,1,node,A1,1.0,14108,94,9360,13,85,9,4663,0.0066628863056421,0.3305216898213779,0.6634533597958605,0.0006379359228806,2.3006447820109908,1.1343859111771522,1.0411262191379933,0.001566878254197,0.1108712525100785,0.0126945209315699,,,,,1401.921417426354,6.0,0.1666666666666666,600.0,0.0016666666666666,0.6000000000000001,1.6666666666666663,0.06,16.666666666666668,,,,
event_budget,6,A1->A2->A3->A4->A5->A6,/opt/Projects/Soft2/NSGD/logs/sanitycheck_event_budget_L06_arr10.0_20260427_120138,/opt/Projects/Soft2/NSGD/results_figures/run_logs/event_budget_L06.log,1,1,node,A2,2.0,9444,64,5208,6,58,6,4178,0.0067767894959762,0.4423972892842016,0.5514612452350699,0.0006353240152477,1.3408931033023124,0.6168441773867742,0.6582669874738989,0.0008541679673747,0.0606494463097912,0.0042783241644732,,,,,1401.921417426354,6.0,0.1666666666666666,600.0,0.0016666666666666,0.6000000000000001,1.6666666666666663,0.06,16.666666666666668,,,,
event_budget,6,A1->A2->A3->A4->A5->A6,/opt/Projects/Soft2/NSGD/logs/sanitycheck_event_budget_L06_arr10.0_20260427_120138,/opt/Projects/Soft2/NSGD/results_figures/run_logs/event_budget_L06.log,1,1,node,A3,3.0,5265,53,2456,4,49,4,2760,0.0100664767331434,0.5242165242165242,0.4664767331433998,0.0007597340930674,0.8338973958585816,0.2882541238083066,0.4848134080788627,0.0021364593152256,0.0538433829613389,0.0048500216948477,,,,,1401.921417426354,6.0,0.1666666666666666,600.0,0.0016666666666666,0.6000000000000001,1.6666666666666663,0.06,16.666666666666668,,,,
event_budget,6,A1->A2->A3->A4->A5->A6,/opt/Projects/Soft2/NSGD/logs/sanitycheck_event_budget_L06_arr10.0_20260427_120138,/opt/Projects/Soft2/NSGD/results_figures/run_logs/event_budget_L06.log,1,1,node,A4,4.0,2504,23,428,0,23,0,2053,0.0091853035143769,0.819888178913738,0.1709265175718849,0.0,0.3120286773019239,0.0538798640839779,0.2291530940007144,0.0,0.0289957192172315,0.0,,,,,1401.921417426354,6.0,0.1666666666666666,600.0,0.0016666666666666,0.6000000000000001,1.6666666666666663,0.06,16.666666666666668,,,,
event_budget,6,A1->A2->A3->A4->A5->A6,/opt/Projects/Soft2/NSGD/logs/sanitycheck_event_budget_L06_arr10.0_20260427_120138,/opt/Projects/Soft2/NSGD/results_figures/run_logs/event_budget_L06.log,1,1,node,A5,5.0,451,11,23,0,11,0,417,0.024390243902439,0.9246119733924612,0.0509977827050997,0.0,0.1833974995776818,0.0046778721755043,0.1619918758448947,0.0,0.0167277515572827,0.0,,,,,1401.921417426354,6.0,0.1666666666666666,600.0,0.0016666666666666,0.6000000000000001,1.6666666666666663,0.06,16.666666666666668,,,,
event_budget,6,A1->A2->A3->A4->A5->A6,/opt/Projects/Soft2/NSGD/logs/sanitycheck_event_budget_L06_arr10.0_20260427_120138,/opt/Projects/Soft2/NSGD/results_figures/run_logs/event_budget_L06.log,1,1,node,A6,6.0,34,1,0,0,1,0,33,0.0294117647058823,0.9705882352941176,0.0,0.0,0.0112910039049612,6.932094216620651e-05,0.0092978984432351,0.0,0.0019237845195599,0.0,,,,,1401.921417426354,6.0,0.1666666666666666,600.0,0.0016666666666666,0.6000000000000001,1.6666666666666663,0.06,16.666666666666668,,,,
event_budget,7,A1->A2->A3->A4->A5->A6->A7,/opt/Projects/Soft2/NSGD/logs/sanitycheck_event_budget_L07_arr10.0_20260427_120148,/opt/Projects/Soft2/NSGD/results_figures/run_logs/event_budget_L07.log,1,1,graph,ALL,,31566,268,17629,26,253,15,13684,0.0084901476271938,0.4335044034720902,0.5584806437305962,0.0004751948298802,4.981180885362393,1.8820034414779103,2.81151525636398,0.0048581701181552,0.2690066950612129,0.0137973223411347,13685.0,17881.0,87.63808,37.22374663204314,1356.0642183494729,7.0,0.1428571428571428,700.0,0.0014285714285714,0.7000000000000002,1.4285714285714282,0.07,14.285714285714285,1.0,0.01,9.999999999999998,100.0
event_budget,7,A1->A2->A3->A4->A5->A6->A7,/opt/Projects/Soft2/NSGD/logs/sanitycheck_event_budget_L07_arr10.0_20260427_120148,/opt/Projects/Soft2/NSGD/results_figures/run_logs/event_budget_L07.log,1,1,node,A1,1.0,13685,102,9276,18,91,11,4318,0.0074534161490683,0.315527950310559,0.6778224333211545,0.0008037997807818,2.19367135802216,0.9980885144710308,1.0762258160886928,0.0028392644091795,0.1047069072141112,0.0118108558391452,,,,,1356.0642183494729,7.0,0.1428571428571428,700.0,0.0014285714285714,0.7000000000000001,1.4285714285714284,0.07,14.285714285714285,,,,
event_budget,7,A1->A2->A3->A4->A5->A6->A7,/opt/Projects/Soft2/NSGD/logs/sanitycheck_event_budget_L07_arr10.0_20260427_120148,/opt/Projects/Soft2/NSGD/results_figures/run_logs/event_budget_L07.log,1,1,node,A2,2.0,9367,67,5179,4,64,3,4124,0.0071527703640439,0.4402690295719013,0.5528984733639373,0.0003202732998825,1.2919380892911634,0.5452528411796504,0.6843528977049295,0.0003603005367289,0.0603142967937162,0.0016577530761383,,,,,1356.0642183494729,7.0,0.1428571428571428,700.0,0.0014285714285714,0.7000000000000001,1.4285714285714284,0.07,14.285714285714285,,,,
event_budget,7,A1->A2->A3->A4->A5->A6->A7,/opt/Projects/Soft2/NSGD/logs/sanitycheck_event_budget_L07_arr10.0_20260427_120148,/opt/Projects/Soft2/NSGD/results_figures/run_logs/event_budget_L07.log,1,1,node,A3,3.0,5242,55,2411,2,54,1,2777,0.0104921785578023,0.5297596337275849,0.4599389545974818,0.0001907668828691,0.8014425824542365,0.252329552671867,0.494834049562029,0.0003784969000916,0.0535717698943975,0.0003287134258511,,,,,1356.0642183494729,7.0,0.1428571428571428,700.0,0.0014285714285714,0.7000000000000001,1.4285714285714284,0.07,14.285714285714285,,,,
event_budget,7,A1->A2->A3->A4->A5->A6->A7,/opt/Projects/Soft2/NSGD/logs/sanitycheck_event_budget_L07_arr10.0_20260427_120148,/opt/Projects/Soft2/NSGD/results_figures/run_logs/event_budget_L07.log,1,1,node,A4,4.0,2465,32,684,2,32,0,1749,0.0129817444219066,0.7095334685598377,0.2774847870182556,0.0,0.4764063792874684,0.0776193489138567,0.363620855568812,0.001280108272155,0.0338860665326445,0.0,,,,,1356.0642183494729,7.0,0.1428571428571428,700.0,0.0014285714285714,0.7000000000000001,1.4285714285714284,0.07,14.285714285714285,,,,
event_budget,7,A1->A2->A3->A4->A5->A6->A7,/opt/Projects/Soft2/NSGD/logs/sanitycheck_event_budget_L07_arr10.0_20260427_120148,/opt/Projects/Soft2/NSGD/results_figures/run_logs/event_budget_L07.log,1,1,node,A5,5.0,716,11,79,0,11,0,626,0.0153631284916201,0.8743016759776536,0.1103351955307262,0.0,0.2077171978060627,0.0086517569903783,0.1842425061643498,0.0,0.0148229346513344,0.0,,,,,1356.0642183494729,7.0,0.1428571428571428,700.0,0.0014285714285714,0.7000000000000001,1.4285714285714284,0.07,14.285714285714285,,,,
event_budget,7,A1->A2->A3->A4->A5->A6->A7,/opt/Projects/Soft2/NSGD/logs/sanitycheck_event_budget_L07_arr10.0_20260427_120148,/opt/Projects/Soft2/NSGD/results_figures/run_logs/event_budget_L07.log,1,1,node,A6,6.0,90,1,0,0,1,0,89,0.0111111111111111,0.9888888888888888,0.0,0.0,0.0100052785013021,6.142725112698167e-05,0.0082391312751662,0.0,0.0017047199750088,0.0,,,,,1356.0642183494729,7.0,0.1428571428571428,700.0,0.0014285714285714,0.7000000000000001,1.4285714285714284,0.07,14.285714285714285,,,,
event_budget,7,A1->A2->A3->A4->A5->A6->A7,/opt/Projects/Soft2/NSGD/logs/sanitycheck_event_budget_L07_arr10.0_20260427_120148,/opt/Projects/Soft2/NSGD/results_figures/run_logs/event_budget_L07.log,1,1,node,A7,7.0,1,0,0,0,0,0,1,0.0,1.0,0.0,0.0,0.0,0.0,0.0,0.0,0.0,0.0,,,,,1356.0642183494729,7.0,0.1428571428571428,700.0,0.0014285714285714,0.7000000000000001,1.4285714285714284,0.07,14.285714285714285,,,,
event_budget,8,A1->A2->A3->A4->A5->A6->A7->A8,/opt/Projects/Soft2/NSGD/logs/sanitycheck_event_budget_L08_arr10.0_20260427_120158,/opt/Projects/Soft2/NSGD/results_figures/run_logs/event_budget_L08.log,1,1,graph,ALL,,31338,325,17691,23,310,15,13337,0.0103707958389176,0.4255855510881358,0.5645223051885889,0.0004786521156423,4.976554852320754,1.700872374195219,2.9749181037266155,0.0043360298293708,0.283174179361114,0.0132541652084337,13338.0,18001.0,87.87218,38.79736491059772,1322.1510907891827,8.0,0.125,800.0,0.00125,0.8,1.25,0.08,12.5,1.0,0.01,10.0,100.0
event_budget,8,A1->A2->A3->A4->A5->A6->A7->A8,/opt/Projects/Soft2/NSGD/logs/sanitycheck_event_budget_L08_arr10.0_20260427_120158,/opt/Projects/Soft2/NSGD/results_figures/run_logs/event_budget_L08.log,1,1,node,A1,1.0,13338,111,8801,14,101,10,4436,0.0083220872694556,0.3325835957414905,0.6598440545808967,0.0007497375918428,1.979348238596488,0.8512431595901265,1.0181124346831665,0.0017251089430297,0.1002856801532213,0.0079818552269437,,,,,1322.1510907891827,8.0,0.125,800.0,0.00125,0.8,1.25,0.08,12.5,,,,
event_budget,8,A1->A2->A3->A4->A5->A6->A7->A8,/opt/Projects/Soft2/NSGD/logs/sanitycheck_event_budget_L08_arr10.0_20260427_120158,/opt/Projects/Soft2/NSGD/results_figures/run_logs/event_budget_L08.log,1,1,node,A2,2.0,8902,85,5373,4,82,3,3447,0.0095484160862727,0.3872163558750842,0.603572230959335,0.0003370029206919,1.369699250344355,0.5125220828948992,0.7872539995640955,0.0007203700213222,0.0662101354626051,0.0029926624014329,,,,,1322.1510907891827,8.0,0.125,800.0,0.00125,0.8,1.25,0.08,12.5,,,,
event_budget,8,A1->A2->A3->A4->A5->A6->A7->A8,/opt/Projects/Soft2/NSGD/logs/sanitycheck_event_budget_L08_arr10.0_20260427_120158,/opt/Projects/Soft2/NSGD/results_figures/run_logs/event_budget_L08.log,1,1,node,A3,3.0,5455,69,2652,5,67,2,2736,0.0126489459211732,0.501558203483043,0.4861594867094408,0.0003666361136571,0.9662795632226996,0.2483908746401042,0.6578843816709373,0.0018905508650188,0.055834108466582,0.0022796475800571,,,,,1322.1510907891827,8.0,0.125,800.0,0.00125,0.8,1.25,0.08,12.5,,,,
event_budget,8,A1->A2->A3->A4->A5->A6->A7->A8,/opt/Projects/Soft2/NSGD/logs/sanitycheck_event_budget_L08_arr10.0_20260427_120158,/opt/Projects/Soft2/NSGD/results_figures/run_logs/event_budget_L08.log,1,1,node,A4,4.0,2718,42,688,0,42,0,1988,0.0154525386313465,0.731420161883738,0.2531272994849153,0.0,0.4243038097698833,0.0712817125533905,0.3126278968180564,0.0,0.0403942003984364,0.0,,,,,1322.1510907891827,8.0,0.125,800.0,0.00125,0.8,1.25,0.08,12.5,,,,
event_budget,8,A1->A2->A3->A4->A5->A6->A7->A8,/opt/Projects/Soft2/NSGD/logs/sanitycheck_event_budget_L08_arr10.0_20260427_120158,/opt/Projects/Soft2/NSGD/results_figures/run_logs/event_budget_L08.log,1,1,node,A5,5.0,730,16,176,0,16,0,538,0.021917808219178,0.736986301369863,0.2410958904109589,0.0,0.2252885685316228,0.0172910526606067,0.1894393633261824,0.0,0.0185581525448336,0.0,,,,,1322.1510907891827,8.0,0.125,800.0,0.00125,0.8,1.25,0.08,12.5,,,,
event_budget,8,A1->A2->A3->A4->A5->A6->A7->A8,/opt/Projects/Soft2/NSGD/logs/sanitycheck_event_budget_L08_arr10.0_20260427_120158,/opt/Projects/Soft2/NSGD/results_figures/run_logs/event_budget_L08.log,1,1,node,A6,6.0,192,2,1,0,2,0,189,0.0104166666666666,0.984375,0.0052083333333333,0.0,0.0116354218557048,0.0001434918560918,0.0096000276641774,0.0,0.0018919023354354,0.0,,,,,1322.1510907891827,8.0,0.125,800.0,0.00125,0.8,1.25,0.08,12.5,,,,
event_budget,8,A1->A2->A3->A4->A5->A6->A7->A8,/opt/Projects/Soft2/NSGD/logs/sanitycheck_event_budget_L08_arr10.0_20260427_120158,/opt/Projects/Soft2/NSGD/results_figures/run_logs/event_budget_L08.log,1,1,node,A7,7.0,3,0,0,0,0,0,3,0.0,1.0,0.0,0.0,0.0,0.0,0.0,0.0,0.0,0.0,,,,,1322.1510907891827,8.0,0.125,800.0,0.00125,0.8,1.25,0.08,12.5,,,,
event_budget,8,A1->A2->A3->A4->A5->A6->A7->A8,/opt/Projects/Soft2/NSGD/logs/sanitycheck_event_budget_L08_arr10.0_20260427_120158,/opt/Projects/Soft2/NSGD/results_figures/run_logs/event_budget_L08.log,1,1,node,A8,8.0,0,0,0,0,0,0,0,0.0,0.0,0.0,0.0,0.0,0.0,0.0,0.0,0.0,0.0,,,,,1322.1510907891827,8.0,0.125,800.0,0.00125,0.8,1.25,0.08,12.5,,,,
event_budget,9,A1->A2->A3->A4->A5->A6->A7->A8->A9,/opt/Projects/Soft2/NSGD/logs/sanitycheck_event_budget_L09_arr10.0_20260427_120210,/opt/Projects/Soft2/NSGD/results_figures/run_logs/event_budget_L09.log,1,1,graph,ALL,,30938,360,18004,25,338,22,12596,0.0116361755769603,0.407136854353869,0.5819380696877626,0.000711099618592,4.97421660979949,1.632199590597929,3.023461257624712,0.0094870609348379,0.2826449684047391,0.0264237322372713,12597.0,18341.0,86.00994,40.17877097793252,1242.902162698948,9.0,0.1111111111111111,900.0,0.0011111111111111,0.9,1.1111111111111112,0.09,11.11111111111111,1.0,0.01,10.0,100.0
event_budget,9,A1->A2->A3->A4->A5->A6->A7->A8->A9,/opt/Projects/Soft2/NSGD/logs/sanitycheck_event_budget_L09_arr10.0_20260427_120210,/opt/Projects/Soft2/NSGD/results_figures/run_logs/event_budget_L09.log,1,1,node,A1,1.0,12597,127,8581,11,116,11,3900,0.0100817654997221,0.3095975232198142,0.6811939350639041,0.0008732237834405,1.9412252242237,0.7848795518079912,1.039371183507274,0.0028769533324071,0.0999853296522352,0.0141122059237924,,,,,1242.902162698948,9.0,0.1111111111111111,900.0,0.0011111111111111,0.9,1.1111111111111112,0.09,11.11111111111111,,,,
event_budget,9,A1->A2->A3->A4->A5->A6->A7->A8->A9,/opt/Projects/Soft2/NSGD/logs/sanitycheck_event_budget_L09_arr10.0_20260427_120210,/opt/Projects/Soft2/NSGD/results_figures/run_logs/event_budget_L09.log,1,1,node,A2,2.0,8697,96,5464,10,88,8,3145,0.0110382890651948,0.3616189490628952,0.6282626192940094,0.0009198574220995,1.346786646265106,0.4929008558572701,0.7758045526943755,0.0040182544426505,0.0652026630572274,0.0088603202135824,,,,,1242.902162698948,9.0,0.1111111111111111,900.0,0.0011111111111111,0.9,1.1111111111111112,0.09,11.11111111111111,,,,
event_budget,9,A1->A2->A3->A4->A5->A6->A7->A8->A9,/opt/Projects/Soft2/NSGD/logs/sanitycheck_event_budget_L09_arr10.0_20260427_120210,/opt/Projects/Soft2/NSGD/results_figures/run_logs/event_budget_L09.log,1,1,node,A3,3.0,5552,66,2713,3,64,2,2775,0.0118876080691642,0.4998198847262248,0.4886527377521614,0.0003602305475504,0.8746933023153283,0.2396970580352281,0.5800528852394675,0.0019300036341185,0.052808255242537,0.000205100163977,,,,,1242.902162698948,9.0,0.1111111111111111,900.0,0.0011111111111111,0.9,1.1111111111111112,0.09,11.11111111111111,,,,
event_budget,9,A1->A2->A3->A4->A5->A6->A7->A8->A9,/opt/Projects/Soft2/NSGD/logs/sanitycheck_event_budget_L09_arr10.0_20260427_120210,/opt/Projects/Soft2/NSGD/results_figures/run_logs/event_budget_L09.log,1,1,node,A4,4.0,2776,49,1091,1,48,1,1637,0.0176512968299711,0.5896974063400576,0.3930115273775216,0.0003602305475504,0.5814346510210557,0.1002494664013528,0.434545824131945,0.0006618495256616,0.0427314050261767,0.0032461059359194,,,,,1242.902162698948,9.0,0.1111111111111111,900.0,0.0011111111111111,0.9,1.1111111111111112,0.09,11.11111111111111,,,,
event_budget,9,A1->A2->A3->A4->A5->A6->A7->A8->A9,/opt/Projects/Soft2/NSGD/logs/sanitycheck_event_budget_L09_arr10.0_20260427_120210,/opt/Projects/Soft2/NSGD/results_figures/run_logs/event_budget_L09.log,1,1,node,A5,5.0,1139,16,155,0,16,0,968,0.0140474100087796,0.8498683055311677,0.1360842844600527,0.0,0.1931809156208783,0.0140002781920932,0.1616326885026093,0.0,0.0175479489261757,0.0,,,,,1242.902162698948,9.0,0.1111111111111111,900.0,0.0011111111111111,0.9,1.1111111111111112,0.09,11.11111111111111,,,,
event_budget,9,A1->A2->A3->A4->A5->A6->A7->A8->A9,/opt/Projects/Soft2/NSGD/logs/sanitycheck_event_budget_L09_arr10.0_20260427_120210,/opt/Projects/Soft2/NSGD/results_figures/run_logs/event_budget_L09.log,1,1,node,A6,6.0,171,6,0,0,6,0,165,0.0350877192982456,0.9649122807017544,0.0,0.0,0.0368958703534214,0.0004723803039934,0.0320541235490409,0.0,0.004369366500387,0.0,,,,,1242.902162698948,9.0,0.1111111111111111,900.0,0.0011111111111111,0.9,1.1111111111111112,0.09,11.11111111111111,,,,
event_budget,9,A1->A2->A3->A4->A5->A6->A7->A8->A9,/opt/Projects/Soft2/NSGD/logs/sanitycheck_event_budget_L09_arr10.0_20260427_120210,/opt/Projects/Soft2/NSGD/results_figures/run_logs/event_budget_L09.log,1,1,node,A7,7.0,6,0,0,0,0,0,6,0.0,1.0,0.0,0.0,0.0,0.0,0.0,0.0,0.0,0.0,,,,,1242.902162698948,9.0,0.1111111111111111,900.0,0.0011111111111111,0.9,1.1111111111111112,0.09,11.11111111111111,,,,
event_budget,9,A1->A2->A3->A4->A5->A6->A7->A8->A9,/opt/Projects/Soft2/NSGD/logs/sanitycheck_event_budget_L09_arr10.0_20260427_120210,/opt/Projects/Soft2/NSGD/results_figures/run_logs/event_budget_L09.log,1,1,node,A8,8.0,0,0,0,0,0,0,0,0.0,0.0,0.0,0.0,0.0,0.0,0.0,0.0,0.0,0.0,,,,,1242.902162698948,9.0,0.1111111111111111,900.0,0.0011111111111111,0.9,1.1111111111111112,0.09,11.11111111111111,,,,
event_budget,9,A1->A2->A3->A4->A5->A6->A7->A8->A9,/opt/Projects/Soft2/NSGD/logs/sanitycheck_event_budget_L09_arr10.0_20260427_120210,/opt/Projects/Soft2/NSGD/results_figures/run_logs/event_budget_L09.log,1,1,node,A9,9.0,0,0,0,0,0,0,0,0.0,0.0,0.0,0.0,0.0,0.0,0.0,0.0,0.0,0.0,,,,,1242.902162698948,9.0,0.1111111111111111,900.0,0.0011111111111111,0.9,1.1111111111111112,0.09,11.11111111111111,,,,
event_budget,10,A1->A2->A3->A4->A5->A6->A7->A8->A9->A10,/opt/Projects/Soft2/NSGD/logs/sanitycheck_event_budget_L10_arr10.0_20260427_120223,/opt/Projects/Soft2/NSGD/results_figures/run_logs/event_budget_L10.log,1,1,graph,ALL,,30721,375,18157,26,360,15,12204,0.0122066338986361,0.3972526935972136,0.5910289378600957,0.0004882653559454,4.968995132093669,1.535210818665847,3.119633597742803,0.0049148189833946,0.2870058058984988,0.0222300908031254,12207.0,18514.0,83.458,40.26882126273857,1202.3564674055656,10.0,0.1,1000.0,0.001,1.0,1.0,0.0999999999999999,10.0,1.0,0.01,10.0,100.0
event_budget,10,A1->A2->A3->A4->A5->A6->A7->A8->A9->A10,/opt/Projects/Soft2/NSGD/logs/sanitycheck_event_budget_L10_arr10.0_20260427_120223,/opt/Projects/Soft2/NSGD/results_figures/run_logs/event_budget_L10.log,1,1,node,A1,1.0,12207,133,8792,16,122,11,3293,0.010895387892193,0.2697632505939215,0.7202424838207586,0.0009011223068731,1.9734338825079,0.7499740598000302,1.1069959114618104,0.002044654194193,0.0957365257974629,0.0186827312544032,,,,,1202.3564674055656,10.0,0.1,1000.0,0.001,1.0,1.0,0.1,10.0,,,,
event_budget,10,A1->A2->A3->A4->A5->A6->A7->A8->A9->A10,/opt/Projects/Soft2/NSGD/logs/sanitycheck_event_budget_L10_arr10.0_20260427_120223,/opt/Projects/Soft2/NSGD/results_figures/run_logs/event_budget_L10.log,1,1,node,A2,2.0,8912,87,5411,7,84,3,3417,0.009762118491921,0.383415619389587,0.6071588868940754,0.0003366247755834,1.2485582387308456,0.4541622629296423,0.7293815986679555,0.0013790352759315,0.0603709877331908,0.0032643541241253,,,,,1202.3564674055656,10.0,0.1,1000.0,0.001,1.0,1.0,0.1,10.0,,,,
event_budget,10,A1->A2->A3->A4->A5->A6->A7->A8->A9->A10,/opt/Projects/Soft2/NSGD/logs/sanitycheck_event_budget_L10_arr10.0_20260427_120223,/opt/Projects/Soft2/NSGD/results_figures/run_logs/event_budget_L10.log,1,1,node,A3,3.0,5494,78,2745,2,77,1,2672,0.014197306152166,0.4863487440844558,0.4996359665089188,0.0001820167455405,0.8924769906521652,0.2265340896646564,0.6090590488740215,0.0001170963363814,0.0564837503525089,0.0002830054245969,,,,,1202.3564674055656,10.0,0.1,1000.0,0.001,1.0,1.0,0.1,10.0,,,,
event_budget,10,A1->A2->A3->A4->A5->A6->A7->A8->A9->A10,/opt/Projects/Soft2/NSGD/logs/sanitycheck_event_budget_L10_arr10.0_20260427_120223,/opt/Projects/Soft2/NSGD/results_figures/run_logs/event_budget_L10.log,1,1,node,A4,4.0,2822,53,1058,1,53,0,1711,0.0187810063784549,0.6063075832742736,0.3749114103472714,0.0,0.6100318898509609,0.091294538104284,0.4673307181192744,0.0013740331768886,0.0500326004505137,0.0,,,,,1202.3564674055656,10.0,0.1,1000.0,0.001,1.0,1.0,0.1,10.0,,,,
event_budget,10,A1->A2->A3->A4->A5->A6->A7->A8->A9->A10,/opt/Projects/Soft2/NSGD/logs/sanitycheck_event_budget_L10_arr10.0_20260427_120223,/opt/Projects/Soft2/NSGD/results_figures/run_logs/event_budget_L10.log,1,1,node,A5,5.0,1111,21,151,0,21,0,939,0.0189018901890189,0.8451845184518452,0.1359135913591359,0.0,0.2213634733536626,0.0131196374400286,0.186329094353831,0.0,0.0219147415598029,0.0,,,,,1202.3564674055656,10.0,0.1,1000.0,0.001,1.0,1.0,0.1,10.0,,,,
event_budget,10,A1->A2->A3->A4->A5->A6->A7->A8->A9->A10,/opt/Projects/Soft2/NSGD/logs/sanitycheck_event_budget_L10_arr10.0_20260427_120223,/opt/Projects/Soft2/NSGD/results_figures/run_logs/event_budget_L10.log,1,1,node,A6,6.0,172,3,0,0,3,0,169,0.0174418604651162,0.9825581395348836,0.0,0.0,0.0231306569981354,0.0001262307272055,0.0205372262659103,0.0,0.0024672000050195,0.0,,,,,1202.3564674055656,10.0,0.1,1000.0,0.001,1.0,1.0,0.1,10.0,,,,
event_budget,10,A1->A2->A3->A4->A5->A6->A7->A8->A9->A10,/opt/Projects/Soft2/NSGD/logs/sanitycheck_event_budget_L10_arr10.0_20260427_120223,/opt/Projects/Soft2/NSGD/results_figures/run_logs/event_budget_L10.log,1,1,node,A7,7.0,3,0,0,0,0,0,3,0.0,1.0,0.0,0.0,0.0,0.0,0.0,0.0,0.0,0.0,,,,,1202.3564674055656,10.0,0.1,1000.0,0.001,1.0,1.0,0.1,10.0,,,,
event_budget,10,A1->A2->A3->A4->A5->A6->A7->A8->A9->A10,/opt/Projects/Soft2/NSGD/logs/sanitycheck_event_budget_L10_arr10.0_20260427_120223,/opt/Projects/Soft2/NSGD/results_figures/run_logs/event_budget_L10.log,1,1,node,A8,8.0,0,0,0,0,0,0,0,0.0,0.0,0.0,0.0,0.0,0.0,0.0,0.0,0.0,0.0,,,,,1202.3564674055656,10.0,0.1,1000.0,0.001,1.0,1.0,0.1,10.0,,,,
event_budget,10,A1->A2->A3->A4->A5->A6->A7->A8->A9->A10,/opt/Projects/Soft2/NSGD/logs/sanitycheck_event_budget_L10_arr10.0_20260427_120223,/opt/Projects/Soft2/NSGD/results_figures/run_logs/event_budget_L10.log,1,1,node,A9,9.0,0,0,0,0,0,0,0,0.0,0.0,0.0,0.0,0.0,0.0,0.0,0.0,0.0,0.0,,,,,1202.3564674055656,10.0,0.1,1000.0,0.001,1.0,1.0,0.1,10.0,,,,
event_budget,10,A1->A2->A3->A4->A5->A6->A7->A8->A9->A10,/opt/Projects/Soft2/NSGD/logs/sanitycheck_event_budget_L10_arr10.0_20260427_120223,/opt/Projects/Soft2/NSGD/results_figures/run_logs/event_budget_L10.log,1,1,node,A10,10.0,0,0,0,0,0,0,0,0.0,0.0,0.0,0.0,0.0,0.0,0.0,0.0,0.0,0.0,,,,,1202.3564674055656,10.0,0.1,1000.0,0.001,1.0,1.0,0.1,10.0,,,,
event_budget,11,A1->A2->A3->A4->A5->A6->A7->A8->A9->A10->A11,/opt/Projects/Soft2/NSGD/logs/sanitycheck_event_budget_L11_arr10.0_20260427_120236,/opt/Projects/Soft2/NSGD/results_figures/run_logs/event_budget_L11.log,1,1,graph,ALL,,30478,392,18349,33,371,21,11758,0.0128617363344051,0.3857864689284074,0.6020408163265306,0.0006890215893431,4.967064011949514,1.463841172177694,3.190584920271087,0.0066044550135565,0.2857660036141585,0.0202674608730179,11759.0,18719.0,82.19622,40.01154705894101,1157.68949908769,11.0,0.0909090909090909,1100.0,0.0009090909090909,1.1,0.9090909090909092,0.11,9.090909090909092,1.0,0.01,10.0,100.0
event_budget,11,A1->A2->A3->A4->A5->A6->A7->A8->A9->A10->A11,/opt/Projects/Soft2/NSGD/logs/sanitycheck_event_budget_L11_arr10.0_20260427_120236,/opt/Projects/Soft2/NSGD/results_figures/run_logs/event_budget_L11.log,1,1,node,A1,1.0,11759,120,8274,19,107,13,3378,0.0102049494004592,0.2872693256229271,0.7036312611616634,0.0011055361850497,1.8505217607852296,0.6650829197201477,1.0828827851722396,0.0020988305012143,0.087461644451463,0.012995580940165,,,,,1157.68949908769,11.0,0.0909090909090909,1100.0,0.0009090909090909,1.1,0.9090909090909092,0.11,9.090909090909092,,,,
event_budget,11,A1->A2->A3->A4->A5->A6->A7->A8->A9->A10->A11,/opt/Projects/Soft2/NSGD/logs/sanitycheck_event_budget_L11_arr10.0_20260427_120236,/opt/Projects/Soft2/NSGD/results_figures/run_logs/event_budget_L11.log,1,1,node,A2,2.0,8381,98,5612,12,90,8,2679,0.0116931153800262,0.3196515928886768,0.6696098317623196,0.0009545400310225,1.3457956555191068,0.4449710161068804,0.8309691762941481,0.0026095786861604,0.0599740044990649,0.0072718799328529,,,,,1157.68949908769,11.0,0.0909090909090909,1100.0,0.0009090909090909,1.1,0.9090909090909092,0.11,9.090909090909092,,,,
event_budget,11,A1->A2->A3->A4->A5->A6->A7->A8->A9->A10->A11,/opt/Projects/Soft2/NSGD/logs/sanitycheck_event_budget_L11_arr10.0_20260427_120236,/opt/Projects/Soft2/NSGD/results_figures/run_logs/event_budget_L11.log,1,1,node,A3,3.0,5701,87,3075,1,87,0,2539,0.0152604806174355,0.4453604630766532,0.5393790563059112,0.0,0.9159082828296616,0.2395206576524831,0.616762977736493,0.0007026296124165,0.0589220178282687,0.0,,,,,1157.68949908769,11.0,0.0909090909090909,1100.0,0.0009090909090909,1.1,0.9090909090909092,0.11,9.090909090909092,,,,
event_budget,11,A1->A2->A3->A4->A5->A6->A7->A8->A9->A10->A11,/opt/Projects/Soft2/NSGD/logs/sanitycheck_event_budget_L11_arr10.0_20260427_120236,/opt/Projects/Soft2/NSGD/results_figures/run_logs/event_budget_L11.log,1,1,node,A4,4.0,3162,55,1204,1,55,0,1903,0.0173940543959519,0.6018342820999367,0.3807716635041113,0.0,0.567514340906505,0.0983032777510672,0.4165640076891634,0.0011934162137651,0.0514536392525091,0.0,,,,,1157.68949908769,11.0,0.0909090909090909,1100.0,0.0009090909090909,1.1,0.9090909090909092,0.11,9.090909090909092,,,,
event_budget,11,A1->A2->A3->A4->A5->A6->A7->A8->A9->A10->A11,/opt/Projects/Soft2/NSGD/logs/sanitycheck_event_budget_L11_arr10.0_20260427_120236,/opt/Projects/Soft2/NSGD/results_figures/run_logs/event_budget_L11.log,1,1,node,A5,5.0,1259,25,182,0,25,0,1052,0.0198570293884034,0.835583796664019,0.1445591739475774,0.0,0.2450166807564264,0.015356980229949,0.2058494936318568,0.0,0.0238102068946206,0.0,,,,,1157.68949908769,11.0,0.0909090909090909,1100.0,0.0009090909090909,1.1,0.9090909090909092,0.11,9.090909090909092,,,,
event_budget,11,A1->A2->A3->A4->A5->A6->A7->A8->A9->A10->A11,/opt/Projects/Soft2/NSGD/logs/sanitycheck_event_budget_L11_arr10.0_20260427_120236,/opt/Projects/Soft2/NSGD/results_figures/run_logs/event_budget_L11.log,1,1,node,A6,6.0,207,7,2,0,7,0,198,0.0338164251207729,0.9565217391304348,0.0096618357487922,0.0,0.042307291152585,0.0006063207171664,0.0375564797471864,0.0,0.0041444906882321,0.0,,,,,1157.68949908769,11.0,0.0909090909090909,1100.0,0.0009090909090909,1.1,0.9090909090909092,0.11,9.090909090909092,,,,
event_budget,11,A1->A2->A3->A4->A5->A6->A7->A8->A9->A10->A11,/opt/Projects/Soft2/NSGD/logs/sanitycheck_event_budget_L11_arr10.0_20260427_120236,/opt/Projects/Soft2/NSGD/results_figures/run_logs/event_budget_L11.log,1,1,node,A7,7.0,9,0,0,0,0,0,9,0.0,1.0,0.0,0.0,0.0,0.0,0.0,0.0,0.0,0.0,,,,,1157.68949908769,11.0,0.0909090909090909,1100.0,0.0009090909090909,1.1,0.9090909090909092,0.11,9.090909090909092,,,,
event_budget,11,A1->A2->A3->A4->A5->A6->A7->A8->A9->A10->A11,/opt/Projects/Soft2/NSGD/logs/sanitycheck_event_budget_L11_arr10.0_20260427_120236,/opt/Projects/Soft2/NSGD/results_figures/run_logs/event_budget_L11.log,1,1,node,A8,8.0,0,0,0,0,0,0,0,0.0,0.0,0.0,0.0,0.0,0.0,0.0,0.0,0.0,0.0,,,,,1157.68949908769,11.0,0.0909090909090909,1100.0,0.0009090909090909,1.1,0.9090909090909092,0.11,9.090909090909092,,,,
event_budget,11,A1->A2->A3->A4->A5->A6->A7->A8->A9->A10->A11,/opt/Projects/Soft2/NSGD/logs/sanitycheck_event_budget_L11_arr10.0_20260427_120236,/opt/Projects/Soft2/NSGD/results_figures/run_logs/event_budget_L11.log,1,1,node,A9,9.0,0,0,0,0,0,0,0,0.0,0.0,0.0,0.0,0.0,0.0,0.0,0.0,0.0,0.0,,,,,1157.68949908769,11.0,0.0909090909090909,1100.0,0.0009090909090909,1.1,0.9090909090909092,0.11,9.090909090909092,,,,
event_budget,11,A1->A2->A3->A4->A5->A6->A7->A8->A9->A10->A11,/opt/Projects/Soft2/NSGD/logs/sanitycheck_event_budget_L11_arr10.0_20260427_120236,/opt/Projects/Soft2/NSGD/results_figures/run_logs/event_budget_L11.log,1,1,node,A10,10.0,0,0,0,0,0,0,0,0.0,0.0,0.0,0.0,0.0,0.0,0.0,0.0,0.0,0.0,,,,,1157.68949908769,11.0,0.0909090909090909,1100.0,0.0009090909090909,1.1,0.9090909090909092,0.11,9.090909090909092,,,,
event_budget,11,A1->A2->A3->A4->A5->A6->A7->A8->A9->A10->A11,/opt/Projects/Soft2/NSGD/logs/sanitycheck_event_budget_L11_arr10.0_20260427_120236,/opt/Projects/Soft2/NSGD/results_figures/run_logs/event_budget_L11.log,1,1,node,A11,11.0,0,0,0,0,0,0,0,0.0,0.0,0.0,0.0,0.0,0.0,0.0,0.0,0.0,0.0,,,,,1157.68949908769,11.0,0.0909090909090909,1100.0,0.0009090909090909,1.1,0.9090909090909092,0.11,9.090909090909092,,,,
event_budget,12,A1->A2->A3->A4->A5->A6->A7->A8->A9->A10->A11->A12,/opt/Projects/Soft2/NSGD/logs/sanitycheck_event_budget_L12_arr10.0_20260427_120251,/opt/Projects/Soft2/NSGD/results_figures/run_logs/event_budget_L12.log,1,1,graph,ALL,,30341,428,18379,26,412,16,11550,0.0141063247750568,0.3806730167100623,0.6057479977588082,0.0005273392439273,4.96005945869992,1.368271597444066,3.271338679838688,0.0068017274875854,0.3027648411528503,0.0108826127767306,11553.0,18789.0,82.0542,40.877940257165385,1138.688309142483,12.0,0.0833333333333333,1200.0,0.0008333333333333,1.2000000000000002,0.8333333333333333,0.1199999999999999,8.333333333333334,1.0,0.01,10.0,100.0
event_budget,12,A1->A2->A3->A4->A5->A6->A7->A8->A9->A10->A11->A12,/opt/Projects/Soft2/NSGD/logs/sanitycheck_event_budget_L12_arr10.0_20260427_120251,/opt/Projects/Soft2/NSGD/results_figures/run_logs/event_budget_L12.log,1,1,node,A1,1.0,11553,139,8307,12,131,8,3115,0.0120315069678871,0.2696269367263914,0.7190340171384056,0.0006924608326841,1.828350076144376,0.6239565311478471,1.0969137822368218,0.002716095068502,0.0981629940599477,0.0066006736312567,,,,,1138.688309142483,12.0,0.0833333333333333,1200.0,0.0008333333333333,1.2000000000000002,0.8333333333333333,0.12,8.333333333333334,,,,
event_budget,12,A1->A2->A3->A4->A5->A6->A7->A8->A9->A10->A11->A12,/opt/Projects/Soft2/NSGD/logs/sanitycheck_event_budget_L12_arr10.0_20260427_120251,/opt/Projects/Soft2/NSGD/results_figures/run_logs/event_budget_L12.log,1,1,node,A2,2.0,8436,102,5459,10,95,7,2882,0.0120910384068278,0.3416311047889995,0.6471076339497392,0.0008297771455666,1.2894386629604992,0.4036259860661258,0.8184378616780617,0.0018722647306117,0.0617799999076174,0.0037225505780829,,,,,1138.688309142483,12.0,0.0833333333333333,1200.0,0.0008333333333333,1.2000000000000002,0.8333333333333333,0.12,8.333333333333334,,,,
event_budget,12,A1->A2->A3->A4->A5->A6->A7->A8->A9->A10->A11->A12,/opt/Projects/Soft2/NSGD/logs/sanitycheck_event_budget_L12_arr10.0_20260427_120251,/opt/Projects/Soft2/NSGD/results_figures/run_logs/event_budget_L12.log,1,1,node,A3,3.0,5553,94,3137,3,93,1,2323,0.0169277867819196,0.4183324329191428,0.564919863137043,0.0001800828381055,0.9428383767236588,0.2273853933156375,0.6533325747754368,0.0002987497004513,0.0612622703647421,0.0005593885673909,,,,,1138.688309142483,12.0,0.0833333333333333,1200.0,0.0008333333333333,1.2000000000000002,0.8333333333333333,0.12,8.333333333333334,,,,
event_budget,12,A1->A2->A3->A4->A5->A6->A7->A8->A9->A10->A11->A12,/opt/Projects/Soft2/NSGD/logs/sanitycheck_event_budget_L12_arr10.0_20260427_120251,/opt/Projects/Soft2/NSGD/results_figures/run_logs/event_budget_L12.log,1,1,node,A4,4.0,3230,60,1246,0,60,0,1924,0.0185758513931888,0.5956656346749226,0.3857585139318885,0.0,0.6101649969764087,0.0951905313846463,0.4596408923653843,0.0,0.0553335732263779,0.0,,,,,1138.688309142483,12.0,0.0833333333333333,1200.0,0.0008333333333333,1.2000000000000002,0.8333333333333333,0.12,8.333333333333334,,,,
event_budget,12,A1->A2->A3->A4->A5->A6->A7->A8->A9->A10->A11->A12,/opt/Projects/Soft2/NSGD/logs/sanitycheck_event_budget_L12_arr10.0_20260427_120251,/opt/Projects/Soft2/NSGD/results_figures/run_logs/event_budget_L12.log,1,1,node,A5,5.0,1306,29,230,1,29,0,1047,0.0222052067381317,0.8016845329249617,0.1761102603369065,0.0,0.265004439220031,0.0179540537181935,0.2216586032688123,0.0019146179880203,0.0234771642450046,0.0,,,,,1138.688309142483,12.0,0.0833333333333333,1200.0,0.0008333333333333,1.2000000000000002,0.8333333333333333,0.12,8.333333333333334,,,,
event_budget,12,A1->A2->A3->A4->A5->A6->A7->A8->A9->A10->A11->A12,/opt/Projects/Soft2/NSGD/logs/sanitycheck_event_budget_L12_arr10.0_20260427_120251,/opt/Projects/Soft2/NSGD/results_figures/run_logs/event_budget_L12.log,1,1,node,A6,6.0,259,4,0,0,4,0,255,0.0154440154440154,0.9845559845559846,0.0,0.0,0.0242629066749464,0.0001591018116156,0.0213549655141703,0.0,0.0027488393491604,0.0,,,,,1138.688309142483,12.0,0.0833333333333333,1200.0,0.0008333333333333,1.2000000000000002,0.8333333333333333,0.12,8.333333333333334,,,,
event_budget,12,A1->A2->A3->A4->A5->A6->A7->A8->A9->A10->A11->A12,/opt/Projects/Soft2/NSGD/logs/sanitycheck_event_budget_L12_arr10.0_20260427_120251,/opt/Projects/Soft2/NSGD/results_figures/run_logs/event_budget_L12.log,1,1,node,A7,7.0,4,0,0,0,0,0,4,0.0,1.0,0.0,0.0,0.0,0.0,0.0,0.0,0.0,0.0,,,,,1138.688309142483,12.0,0.0833333333333333,1200.0,0.0008333333333333,1.2000000000000002,0.8333333333333333,0.12,8.333333333333334,,,,
event_budget,12,A1->A2->A3->A4->A5->A6->A7->A8->A9->A10->A11->A12,/opt/Projects/Soft2/NSGD/logs/sanitycheck_event_budget_L12_arr10.0_20260427_120251,/opt/Projects/Soft2/NSGD/results_figures/run_logs/event_budget_L12.log,1,1,node,A8,8.0,0,0,0,0,0,0,0,0.0,0.0,0.0,0.0,0.0,0.0,0.0,0.0,0.0,0.0,,,,,1138.688309142483,12.0,0.0833333333333333,1200.0,0.0008333333333333,1.2000000000000002,0.8333333333333333,0.12,8.333333333333334,,,,
event_budget,12,A1->A2->A3->A4->A5->A6->A7->A8->A9->A10->A11->A12,/opt/Projects/Soft2/NSGD/logs/sanitycheck_event_budget_L12_arr10.0_20260427_120251,/opt/Projects/Soft2/NSGD/results_figures/run_logs/event_budget_L12.log,1,1,node,A9,9.0,0,0,0,0,0,0,0,0.0,0.0,0.0,0.0,0.0,0.0,0.0,0.0,0.0,0.0,,,,,1138.688309142483,12.0,0.0833333333333333,1200.0,0.0008333333333333,1.2000000000000002,0.8333333333333333,0.12,8.333333333333334,,,,
event_budget,12,A1->A2->A3->A4->A5->A6->A7->A8->A9->A10->A11->A12,/opt/Projects/Soft2/NSGD/logs/sanitycheck_event_budget_L12_arr10.0_20260427_120251,/opt/Projects/Soft2/NSGD/results_figures/run_logs/event_budget_L12.log,1,1,node,A10,10.0,0,0,0,0,0,0,0,0.0,0.0,0.0,0.0,0.0,0.0,0.0,0.0,0.0,0.0,,,,,1138.688309142483,12.0,0.0833333333333333,1200.0,0.0008333333333333,1.2000000000000002,0.8333333333333333,0.12,8.333333333333334,,,,
event_budget,12,A1->A2->A3->A4->A5->A6->A7->A8->A9->A10->A11->A12,/opt/Projects/Soft2/NSGD/logs/sanitycheck_event_budget_L12_arr10.0_20260427_120251,/opt/Projects/Soft2/NSGD/results_figures/run_logs/event_budget_L12.log,1,1,node,A11,11.0,0,0,0,0,0,0,0,0.0,0.0,0.0,0.0,0.0,0.0,0.0,0.0,0.0,0.0,,,,,1138.688309142483,12.0,0.0833333333333333,1200.0,0.0008333333333333,1.2000000000000002,0.8333333333333333,0.12,8.333333333333334,,,,
event_budget,12,A1->A2->A3->A4->A5->A6->A7->A8->A9->A10->A11->A12,/opt/Projects/Soft2/NSGD/logs/sanitycheck_event_budget_L12_arr10.0_20260427_120251,/opt/Projects/Soft2/NSGD/results_figures/run_logs/event_budget_L12.log,1,1,node,A12,12.0,0,0,0,0,0,0,0,0.0,0.0,0.0,0.0,0.0,0.0,0.0,0.0,0.0,0.0,,,,,1138.688309142483,12.0,0.0833333333333333,1200.0,0.0008333333333333,1.2000000000000002,0.8333333333333333,0.12,8.333333333333334,,,,
event_budget,13,A1->A2->A3->A4->A5->A6->A7->A8->A9->A10->A11->A12->A13,/opt/Projects/Soft2/NSGD/logs/sanitycheck_event_budget_L13_arr10.0_20260427_120307,/opt/Projects/Soft2/NSGD/results_figures/run_logs/event_budget_L13.log,1,1,graph,ALL,,30064,496,18448,31,478,18,11138,0.0164981373070782,0.3704763171899947,0.6136242682277807,0.0005987227248536,4.9574185988528745,1.3186129971020286,3.2858013269444544,0.0081835068483087,0.333480225880007,0.0113405420780754,11142.0,18923.0,82.39218,44.13731382083118,1096.5612958086936,13.0,0.0769230769230769,1300.0,0.0007692307692307,1.3,0.7692307692307692,0.13,7.692307692307692,1.0,0.01,10.0,100.0
event_budget,13,A1->A2->A3->A4->A5->A6->A7->A8->A9->A10->A11->A12->A13,/opt/Projects/Soft2/NSGD/logs/sanitycheck_event_budget_L13_arr10.0_20260427_120307,/opt/Projects/Soft2/NSGD/results_figures/run_logs/event_budget_L13.log,1,1,node,A1,1.0,11142,159,8123,20,144,15,2875,0.0142703284868066,0.2580326691796805,0.7290432597379286,0.0013462574044157,1.80177523221464,0.5859261262421654,1.0982453631733884,0.0035790295103263,0.1035369687087227,0.0104877445800374,,,,,1096.5612958086936,13.0,0.0769230769230769,1300.0,0.0007692307692307,1.3,0.7692307692307692,0.13,7.692307692307692,,,,
event_budget,13,A1->A2->A3->A4->A5->A6->A7->A8->A9->A10->A11->A12->A13,/opt/Projects/Soft2/NSGD/logs/sanitycheck_event_budget_L13_arr10.0_20260427_120307,/opt/Projects/Soft2/NSGD/results_figures/run_logs/event_budget_L13.log,1,1,node,A2,2.0,8265,127,5223,3,126,1,2916,0.0153660012099213,0.3528130671506352,0.6319419237749546,0.0001209921355111,1.244123452321642,0.3709306053715416,0.79420013588649,0.0007124163926017,0.0781360631478839,0.0001442315231246,,,,,1096.5612958086936,13.0,0.0769230769230769,1300.0,0.0007692307692307,1.3,0.7692307692307692,0.13,7.692307692307692,,,,
event_budget,13,A1->A2->A3->A4->A5->A6->A7->A8->A9->A10->A11->A12->A13,/opt/Projects/Soft2/NSGD/logs/sanitycheck_event_budget_L13_arr10.0_20260427_120307,/opt/Projects/Soft2/NSGD/results_figures/run_logs/event_budget_L13.log,1,1,node,A3,3.0,5348,93,3285,7,91,2,1972,0.0173896783844427,0.368735976065819,0.6142483171278983,0.00037397157816,0.9343277950804386,0.2299924687701353,0.64298331873967,0.0035523166970308,0.057091124898689,0.0007085659749134,,,,,1096.5612958086936,13.0,0.0769230769230769,1300.0,0.0007692307692307,1.3,0.7692307692307692,0.13,7.692307692307692,,,,
event_budget,13,A1->A2->A3->A4->A5->A6->A7->A8->A9->A10->A11->A12->A13,/opt/Projects/Soft2/NSGD/logs/sanitycheck_event_budget_L13_arr10.0_20260427_120307,/opt/Projects/Soft2/NSGD/results_figures/run_logs/event_budget_L13.log,1,1,node,A4,4.0,3375,73,1531,0,73,0,1771,0.0216296296296296,0.5247407407407407,0.4536296296296296,0.0,0.6551493544069525,0.1104990119984979,0.4819968005787015,0.0,0.0626535418297529,0.0,,,,,1096.5612958086936,13.0,0.0769230769230769,1300.0,0.0007692307692307,1.3,0.7692307692307692,0.13,7.692307692307692,,,,
event_budget,13,A1->A2->A3->A4->A5->A6->A7->A8->A9->A10->A11->A12->A13,/opt/Projects/Soft2/NSGD/logs/sanitycheck_event_budget_L13_arr10.0_20260427_120307,/opt/Projects/Soft2/NSGD/results_figures/run_logs/event_budget_L13.log,1,1,node,A5,5.0,1604,35,284,1,35,0,1285,0.0218204488778054,0.8011221945137157,0.1770573566084788,0.0,0.2749968575436081,0.0206271716633871,0.2268974838597055,0.0003397442483498,0.0271324577721656,0.0,,,,,1096.5612958086936,13.0,0.0769230769230769,1300.0,0.0007692307692307,1.3,0.7692307692307692,0.13,7.692307692307692,,,,
event_budget,13,A1->A2->A3->A4->A5->A6->A7->A8->A9->A10->A11->A12->A13,/opt/Projects/Soft2/NSGD/logs/sanitycheck_event_budget_L13_arr10.0_20260427_120307,/opt/Projects/Soft2/NSGD/results_figures/run_logs/event_budget_L13.log,1,1,node,A6,6.0,319,9,2,0,9,0,308,0.0282131661442006,0.9655172413793104,0.006269592476489,0.0,0.0470459072855927,0.000637613056301,0.0414782247064989,0.0,0.0049300695227927,0.0,,,,,1096.5612958086936,13.0,0.0769230769230769,1300.0,0.0007692307692307,1.3,0.7692307692307692,0.13,7.692307692307692,,,,
event_budget,13,A1->A2->A3->A4->A5->A6->A7->A8->A9->A10->A11->A12->A13,/opt/Projects/Soft2/NSGD/logs/sanitycheck_event_budget_L13_arr10.0_20260427_120307,/opt/Projects/Soft2/NSGD/results_figures/run_logs/event_budget_L13.log,1,1,node,A7,7.0,11,0,0,0,0,0,11,0.0,1.0,0.0,0.0,0.0,0.0,0.0,0.0,0.0,0.0,,,,,1096.5612958086936,13.0,0.0769230769230769,1300.0,0.0007692307692307,1.3,0.7692307692307692,0.13,7.692307692307692,,,,
event_budget,13,A1->A2->A3->A4->A5->A6->A7->A8->A9->A10->A11->A12->A13,/opt/Projects/Soft2/NSGD/logs/sanitycheck_event_budget_L13_arr10.0_20260427_120307,/opt/Projects/Soft2/NSGD/results_figures/run_logs/event_budget_L13.log,1,1,node,A8,8.0,0,0,0,0,0,0,0,0.0,0.0,0.0,0.0,0.0,0.0,0.0,0.0,0.0,0.0,,,,,1096.5612958086936,13.0,0.0769230769230769,1300.0,0.0007692307692307,1.3,0.7692307692307692,0.13,7.692307692307692,,,,
event_budget,13,A1->A2->A3->A4->A5->A6->A7->A8->A9->A10->A11->A12->A13,/opt/Projects/Soft2/NSGD/logs/sanitycheck_event_budget_L13_arr10.0_20260427_120307,/opt/Projects/Soft2/NSGD/results_figures/run_logs/event_budget_L13.log,1,1,node,A9,9.0,0,0,0,0,0,0,0,0.0,0.0,0.0,0.0,0.0,0.0,0.0,0.0,0.0,0.0,,,,,1096.5612958086936,13.0,0.0769230769230769,1300.0,0.0007692307692307,1.3,0.7692307692307692,0.13,7.692307692307692,,,,
event_budget,13,A1->A2->A3->A4->A5->A6->A7->A8->A9->A10->A11->A12->A13,/opt/Projects/Soft2/NSGD/logs/sanitycheck_event_budget_L13_arr10.0_20260427_120307,/opt/Projects/Soft2/NSGD/results_figures/run_logs/event_budget_L13.log,1,1,node,A10,10.0,0,0,0,0,0,0,0,0.0,0.0,0.0,0.0,0.0,0.0,0.0,0.0,0.0,0.0,,,,,1096.5612958086936,13.0,0.0769230769230769,1300.0,0.0007692307692307,1.3,0.7692307692307692,0.13,7.692307692307692,,,,
event_budget,13,A1->A2->A3->A4->A5->A6->A7->A8->A9->A10->A11->A12->A13,/opt/Projects/Soft2/NSGD/logs/sanitycheck_event_budget_L13_arr10.0_20260427_120307,/opt/Projects/Soft2/NSGD/results_figures/run_logs/event_budget_L13.log,1,1,node,A11,11.0,0,0,0,0,0,0,0,0.0,0.0,0.0,0.0,0.0,0.0,0.0,0.0,0.0,0.0,,,,,1096.5612958086936,13.0,0.0769230769230769,1300.0,0.0007692307692307,1.3,0.7692307692307692,0.13,7.692307692307692,,,,
event_budget,13,A1->A2->A3->A4->A5->A6->A7->A8->A9->A10->A11->A12->A13,/opt/Projects/Soft2/NSGD/logs/sanitycheck_event_budget_L13_arr10.0_20260427_120307,/opt/Projects/Soft2/NSGD/results_figures/run_logs/event_budget_L13.log,1,1,node,A12,12.0,0,0,0,0,0,0,0,0.0,0.0,0.0,0.0,0.0,0.0,0.0,0.0,0.0,0.0,,,,,1096.5612958086936,13.0,0.0769230769230769,1300.0,0.0007692307692307,1.3,0.7692307692307692,0.13,7.692307692307692,,,,
event_budget,13,A1->A2->A3->A4->A5->A6->A7->A8->A9->A10->A11->A12->A13,/opt/Projects/Soft2/NSGD/logs/sanitycheck_event_budget_L13_arr10.0_20260427_120307,/opt/Projects/Soft2/NSGD/results_figures/run_logs/event_budget_L13.log,1,1,node,A13,13.0,0,0,0,0,0,0,0,0.0,0.0,0.0,0.0,0.0,0.0,0.0,0.0,0.0,0.0,,,,,1096.5612958086936,13.0,0.0769230769230769,1300.0,0.0007692307692307,1.3,0.7692307692307692,0.13,7.692307692307692,,,,
event_budget,14,A1->A2->A3->A4->A5->A6->A7->A8->A9->A10->A11->A12->A13->A14,/opt/Projects/Soft2/NSGD/logs/sanitycheck_event_budget_L14_arr10.0_20260427_120324,/opt/Projects/Soft2/NSGD/results_figures/run_logs/event_budget_L14.log,1,1,graph,ALL,,29990,496,18528,21,482,14,10980,0.016538846282094,0.3661220406802267,0.6178059353117706,0.0004668222740913,4.959355401361856,1.2506134846679442,3.3762953747957645,0.005919055019964,0.3120969984829463,0.0144304883952376,10982.0,19009.0,80.2337,42.31818563156869,1079.1383960494493,14.0,0.0714285714285714,1400.0,0.0007142857142857,1.4,0.7142857142857142,0.14,7.142857142857142,1.0,0.01,9.999999999999998,100.0
event_budget,14,A1->A2->A3->A4->A5->A6->A7->A8->A9->A10->A11->A12->A13->A14,/opt/Projects/Soft2/NSGD/logs/sanitycheck_event_budget_L14_arr10.0_20260427_120324,/opt/Projects/Soft2/NSGD/results_figures/run_logs/event_budget_L14.log,1,1,node,A1,1.0,10982,153,7813,10,144,9,3025,0.0139318885448916,0.27545073757057,0.7114368967401202,0.0008195228555818,1.6638669290760728,0.532147242955585,1.0247070193939976,0.0015120194904848,0.0955930505385754,0.00990759669743,,,,,1079.1383960494493,14.0,0.0714285714285714,1400.0,0.0007142857142857,1.4,0.7142857142857142,0.14,7.142857142857142,,,,
event_budget,14,A1->A2->A3->A4->A5->A6->A7->A8->A9->A10->A11->A12->A13->A14,/opt/Projects/Soft2/NSGD/logs/sanitycheck_event_budget_L14_arr10.0_20260427_120324,/opt/Projects/Soft2/NSGD/results_figures/run_logs/event_budget_L14.log,1,1,node,A2,2.0,7956,114,5481,4,111,3,2364,0.0143288084464555,0.2971342383107089,0.6889140271493213,0.0003770739064856,1.2898615029291225,0.3669546871700321,0.8559430254980556,0.0021706794493253,0.0623738337854969,0.0024192770262126,,,,,1079.1383960494493,14.0,0.0714285714285714,1400.0,0.0007142857142857,1.4,0.7142857142857142,0.14,7.142857142857142,,,,
event_budget,14,A1->A2->A3->A4->A5->A6->A7->A8->A9->A10->A11->A12->A13->A14,/opt/Projects/Soft2/NSGD/logs/sanitycheck_event_budget_L14_arr10.0_20260427_120324,/opt/Projects/Soft2/NSGD/results_figures/run_logs/event_budget_L14.log,1,1,node,A3,3.0,5592,96,3368,5,94,2,2130,0.0171673819742489,0.380901287553648,0.6022889842632332,0.0003576537911301,0.942139524742011,0.2231306597733814,0.66043924849741,0.0017667467813296,0.054699255018295,0.002103614671595,,,,,1079.1383960494493,14.0,0.0714285714285714,1400.0,0.0007142857142857,1.4,0.7142857142857142,0.14,7.142857142857142,,,,
event_budget,14,A1->A2->A3->A4->A5->A6->A7->A8->A9->A10->A11->A12->A13->A14,/opt/Projects/Soft2/NSGD/logs/sanitycheck_event_budget_L14_arr10.0_20260427_120324,/opt/Projects/Soft2/NSGD/results_figures/run_logs/event_budget_L14.log,1,1,node,A4,4.0,3462,78,1530,2,78,0,1854,0.022530329289428,0.5355285961871751,0.4419410745233968,0.0,0.7060703533173044,0.1045865066033456,0.5380916023404149,0.0004696092988242,0.0629226350747195,0.0,,,,,1079.1383960494493,14.0,0.0714285714285714,1400.0,0.0007142857142857,1.4,0.7142857142857142,0.14,7.142857142857142,,,,
event_budget,14,A1->A2->A3->A4->A5->A6->A7->A8->A9->A10->A11->A12->A13->A14,/opt/Projects/Soft2/NSGD/logs/sanitycheck_event_budget_L14_arr10.0_20260427_120324,/opt/Projects/Soft2/NSGD/results_figures/run_logs/event_budget_L14.log,1,1,node,A5,5.0,1608,44,335,0,44,0,1229,0.0273631840796019,0.7643034825870647,0.2083333333333333,0.0,0.3012537510244349,0.023077391959616,0.2484545563438463,0.0,0.0297218027209725,0.0,,,,,1079.1383960494493,14.0,0.0714285714285714,1400.0,0.0007142857142857,1.4,0.7142857142857142,0.14,7.142857142857142,,,,
event_budget,14,A1->A2->A3->A4->A5->A6->A7->A8->A9->A10->A11->A12->A13->A14,/opt/Projects/Soft2/NSGD/logs/sanitycheck_event_budget_L14_arr10.0_20260427_120324,/opt/Projects/Soft2/NSGD/results_figures/run_logs/event_budget_L14.log,1,1,node,A6,6.0,378,10,1,0,10,0,367,0.0264550264550264,0.9708994708994708,0.0026455026455026,0.0,0.0529962062105735,0.0006016283402851,0.0474997824738853,0.0,0.004894795396403,0.0,,,,,1079.1383960494493,14.0,0.0714285714285714,1400.0,0.0007142857142857,1.4,0.7142857142857142,0.14,7.142857142857142,,,,
event_budget,14,A1->A2->A3->A4->A5->A6->A7->A8->A9->A10->A11->A12->A13->A14,/opt/Projects/Soft2/NSGD/logs/sanitycheck_event_budget_L14_arr10.0_20260427_120324,/opt/Projects/Soft2/NSGD/results_figures/run_logs/event_budget_L14.log,1,1,node,A7,7.0,11,1,0,0,1,0,10,0.0909090909090909,0.9090909090909092,0.0,0.0,0.0031671340623371,0.0001153678656987,0.0011601402481546,0.0,0.0018916259484837,0.0,,,,,1079.1383960494493,14.0,0.0714285714285714,1400.0,0.0007142857142857,1.4,0.7142857142857142,0.14,7.142857142857142,,,,
event_budget,14,A1->A2->A3->A4->A5->A6->A7->A8->A9->A10->A11->A12->A13->A14,/opt/Projects/Soft2/NSGD/logs/sanitycheck_event_budget_L14_arr10.0_20260427_120324,/opt/Projects/Soft2/NSGD/results_figures/run_logs/event_budget_L14.log,1,1,node,A8,8.0,1,0,0,0,0,0,1,0.0,1.0,0.0,0.0,0.0,0.0,0.0,0.0,0.0,0.0,,,,,1079.1383960494493,14.0,0.0714285714285714,1400.0,0.0007142857142857,1.4,0.7142857142857142,0.14,7.142857142857142,,,,
event_budget,14,A1->A2->A3->A4->A5->A6->A7->A8->A9->A10->A11->A12->A13->A14,/opt/Projects/Soft2/NSGD/logs/sanitycheck_event_budget_L14_arr10.0_20260427_120324,/opt/Projects/Soft2/NSGD/results_figures/run_logs/event_budget_L14.log,1,1,node,A9,9.0,0,0,0,0,0,0,0,0.0,0.0,0.0,0.0,0.0,0.0,0.0,0.0,0.0,0.0,,,,,1079.1383960494493,14.0,0.0714285714285714,1400.0,0.0007142857142857,1.4,0.7142857142857142,0.14,7.142857142857142,,,,
event_budget,14,A1->A2->A3->A4->A5->A6->A7->A8->A9->A10->A11->A12->A13->A14,/opt/Projects/Soft2/NSGD/logs/sanitycheck_event_budget_L14_arr10.0_20260427_120324,/opt/Projects/Soft2/NSGD/results_figures/run_logs/event_budget_L14.log,1,1,node,A10,10.0,0,0,0,0,0,0,0,0.0,0.0,0.0,0.0,0.0,0.0,0.0,0.0,0.0,0.0,,,,,1079.1383960494493,14.0,0.0714285714285714,1400.0,0.0007142857142857,1.4,0.7142857142857142,0.14,7.142857142857142,,,,
event_budget,14,A1->A2->A3->A4->A5->A6->A7->A8->A9->A10->A11->A12->A13->A14,/opt/Projects/Soft2/NSGD/logs/sanitycheck_event_budget_L14_arr10.0_20260427_120324,/opt/Projects/Soft2/NSGD/results_figures/run_logs/event_budget_L14.log,1,1,node,A11,11.0,0,0,0,0,0,0,0,0.0,0.0,0.0,0.0,0.0,0.0,0.0,0.0,0.0,0.0,,,,,1079.1383960494493,14.0,0.0714285714285714,1400.0,0.0007142857142857,1.4,0.7142857142857142,0.14,7.142857142857142,,,,
event_budget,14,A1->A2->A3->A4->A5->A6->A7->A8->A9->A10->A11->A12->A13->A14,/opt/Projects/Soft2/NSGD/logs/sanitycheck_event_budget_L14_arr10.0_20260427_120324,/opt/Projects/Soft2/NSGD/results_figures/run_logs/event_budget_L14.log,1,1,node,A12,12.0,0,0,0,0,0,0,0,0.0,0.0,0.0,0.0,0.0,0.0,0.0,0.0,0.0,0.0,,,,,1079.1383960494493,14.0,0.0714285714285714,1400.0,0.0007142857142857,1.4,0.7142857142857142,0.14,7.142857142857142,,,,
event_budget,14,A1->A2->A3->A4->A5->A6->A7->A8->A9->A10->A11->A12->A13->A14,/opt/Projects/Soft2/NSGD/logs/sanitycheck_event_budget_L14_arr10.0_20260427_120324,/opt/Projects/Soft2/NSGD/results_figures/run_logs/event_budget_L14.log,1,1,node,A13,13.0,0,0,0,0,0,0,0,0.0,0.0,0.0,0.0,0.0,0.0,0.0,0.0,0.0,0.0,,,,,1079.1383960494493,14.0,0.0714285714285714,1400.0,0.0007142857142857,1.4,0.7142857142857142,0.14,7.142857142857142,,,,
event_budget,14,A1->A2->A3->A4->A5->A6->A7->A8->A9->A10->A11->A12->A13->A14,/opt/Projects/Soft2/NSGD/logs/sanitycheck_event_budget_L14_arr10.0_20260427_120324,/opt/Projects/Soft2/NSGD/results_figures/run_logs/event_budget_L14.log,1,1,node,A14,14.0,0,0,0,0,0,0,0,0.0,0.0,0.0,0.0,0.0,0.0,0.0,0.0,0.0,0.0,,,,,1079.1383960494493,14.0,0.0714285714285714,1400.0,0.0007142857142857,1.4,0.7142857142857142,0.14,7.142857142857142,,,,
event_budget,15,A1->A2->A3->A4->A5->A6->A7->A8->A9->A10->A11->A12->A13->A14->A15,/opt/Projects/Soft2/NSGD/logs/sanitycheck_event_budget_L15_arr10.0_20260427_120343,/opt/Projects/Soft2/NSGD/results_figures/run_logs/event_budget_L15.log,1,1,graph,ALL,,29865,547,18491,29,531,16,10843,0.0183157542273564,0.363067135442826,0.6191528545119706,0.000535744182153,4.950243178576544,1.18475345679374,3.4122317046467723,0.0044551225928533,0.3408441045616244,0.0079587899815538,10845.0,19020.0,81.32318,44.65579640608585,1066.045865020883,15.0,0.0666666666666666,1500.0,0.0006666666666666,1.5,0.6666666666666666,0.15,6.666666666666667,1.0,0.01,10.0,100.0
event_budget,15,A1->A2->A3->A4->A5->A6->A7->A8->A9->A10->A11->A12->A13->A14->A15,/opt/Projects/Soft2/NSGD/logs/sanitycheck_event_budget_L15_arr10.0_20260427_120343,/opt/Projects/Soft2/NSGD/results_figures/run_logs/event_budget_L15.log,1,1,node,A1,1.0,10845,179,8002,14,168,11,2675,0.0165053019824804,0.2466574458275703,0.7378515444905487,0.0010142923005993,1.7401373177954087,0.5166198931981902,1.1043712467651203,0.0015125391530179,0.1110411503296547,0.0065924883494254,,,,,1066.045865020883,15.0,0.0666666666666666,1500.0,0.0006666666666666,1.5,0.6666666666666666,0.15,6.666666666666667,,,,
event_budget,15,A1->A2->A3->A4->A5->A6->A7->A8->A9->A10->A11->A12->A13->A14->A15,/opt/Projects/Soft2/NSGD/logs/sanitycheck_event_budget_L15_arr10.0_20260427_120343,/opt/Projects/Soft2/NSGD/results_figures/run_logs/event_budget_L15.log,1,1,node,A2,2.0,8170,139,5617,7,134,5,2419,0.0170134638922888,0.2960832313341493,0.687515299877601,0.0006119951040391,1.3234226175492243,0.3568266157680208,0.8843408519289113,0.0009422956641184,0.0799465525560452,0.0013663016321283,,,,,1066.045865020883,15.0,0.0666666666666666,1500.0,0.0006666666666666,1.5,0.6666666666666666,0.15,6.666666666666667,,,,
event_budget,15,A1->A2->A3->A4->A5->A6->A7->A8->A9->A10->A11->A12->A13->A14->A15,/opt/Projects/Soft2/NSGD/logs/sanitycheck_event_budget_L15_arr10.0_20260427_120343,/opt/Projects/Soft2/NSGD/results_figures/run_logs/event_budget_L15.log,1,1,node,A3,3.0,5750,102,3272,7,102,0,2376,0.0177391304347826,0.4132173913043478,0.5690434782608695,0.0,0.9243653321796806,0.2047891696450891,0.6589943425538114,0.0016810168190647,0.0589008031617155,0.0,,,,,1066.045865020883,15.0,0.0666666666666666,1500.0,0.0006666666666666,1.5,0.6666666666666666,0.15,6.666666666666667,,,,
event_budget,15,A1->A2->A3->A4->A5->A6->A7->A8->A9->A10->A11->A12->A13->A14->A15,/opt/Projects/Soft2/NSGD/logs/sanitycheck_event_budget_L15_arr10.0_20260427_120343,/opt/Projects/Soft2/NSGD/results_figures/run_logs/event_budget_L15.log,1,1,node,A4,4.0,3373,82,1383,1,82,0,1908,0.0243107026386006,0.5656685443225615,0.4100207530388378,0.0,0.6548188452327838,0.0912938639419518,0.5024932425646634,0.0003192709566522,0.0607124677695164,0.0,,,,,1066.045865020883,15.0,0.0666666666666666,1500.0,0.0006666666666666,1.5,0.6666666666666666,0.15,6.666666666666667,,,,
event_budget,15,A1->A2->A3->A4->A5->A6->A7->A8->A9->A10->A11->A12->A13->A14->A15,/opt/Projects/Soft2/NSGD/logs/sanitycheck_event_budget_L15_arr10.0_20260427_120343,/opt/Projects/Soft2/NSGD/results_figures/run_logs/event_budget_L15.log,1,1,node,A5,5.0,1465,39,217,0,39,0,1209,0.0266211604095563,0.8252559726962457,0.1481228668941979,0.0,0.2813717799122749,0.0149466281463688,0.2409380392077446,0.0,0.0254871125581614,0.0,,,,,1066.045865020883,15.0,0.0666666666666666,1500.0,0.0006666666666666,1.5,0.6666666666666666,0.15,6.666666666666667,,,,
event_budget,15,A1->A2->A3->A4->A5->A6->A7->A8->A9->A10->A11->A12->A13->A14->A15,/opt/Projects/Soft2/NSGD/logs/sanitycheck_event_budget_L15_arr10.0_20260427_120343,/opt/Projects/Soft2/NSGD/results_figures/run_logs/event_budget_L15.log,1,1,node,A6,6.0,256,5,0,0,5,0,251,0.01953125,0.98046875,0.0,0.0,0.0231349904109846,0.0001682869996253,0.019997885796294,0.0,0.0029688176150651,0.0,,,,,1066.045865020883,15.0,0.0666666666666666,1500.0,0.0006666666666666,1.5,0.6666666666666666,0.15,6.666666666666667,,,,
event_budget,15,A1->A2->A3->A4->A5->A6->A7->A8->A9->A10->A11->A12->A13->A14->A15,/opt/Projects/Soft2/NSGD/logs/sanitycheck_event_budget_L15_arr10.0_20260427_120343,/opt/Projects/Soft2/NSGD/results_figures/run_logs/event_budget_L15.log,1,1,node,A7,7.0,5,1,0,0,1,0,4,0.2,0.8,0.0,0.0,0.0029922954961867,0.0001089990944937,0.001096095830227,0.0,0.0017872005714658,0.0,,,,,1066.045865020883,15.0,0.0666666666666666,1500.0,0.0006666666666666,1.5,0.6666666666666666,0.15,6.666666666666667,,,,
event_budget,15,A1->A2->A3->A4->A5->A6->A7->A8->A9->A10->A11->A12->A13->A14->A15,/opt/Projects/Soft2/NSGD/logs/sanitycheck_event_budget_L15_arr10.0_20260427_120343,/opt/Projects/Soft2/NSGD/results_figures/run_logs/event_budget_L15.log,1,1,node,A8,8.0,1,0,0,0,0,0,1,0.0,1.0,0.0,0.0,0.0,0.0,0.0,0.0,0.0,0.0,,,,,1066.045865020883,15.0,0.0666666666666666,1500.0,0.0006666666666666,1.5,0.6666666666666666,0.15,6.666666666666667,,,,
event_budget,15,A1->A2->A3->A4->A5->A6->A7->A8->A9->A10->A11->A12->A13->A14->A15,/opt/Projects/Soft2/NSGD/logs/sanitycheck_event_budget_L15_arr10.0_20260427_120343,/opt/Projects/Soft2/NSGD/results_figures/run_logs/event_budget_L15.log,1,1,node,A9,9.0,0,0,0,0,0,0,0,0.0,0.0,0.0,0.0,0.0,0.0,0.0,0.0,0.0,0.0,,,,,1066.045865020883,15.0,0.0666666666666666,1500.0,0.0006666666666666,1.5,0.6666666666666666,0.15,6.666666666666667,,,,
event_budget,15,A1->A2->A3->A4->A5->A6->A7->A8->A9->A10->A11->A12->A13->A14->A15,/opt/Projects/Soft2/NSGD/logs/sanitycheck_event_budget_L15_arr10.0_20260427_120343,/opt/Projects/Soft2/NSGD/results_figures/run_logs/event_budget_L15.log,1,1,node,A10,10.0,0,0,0,0,0,0,0,0.0,0.0,0.0,0.0,0.0,0.0,0.0,0.0,0.0,0.0,,,,,1066.045865020883,15.0,0.0666666666666666,1500.0,0.0006666666666666,1.5,0.6666666666666666,0.15,6.666666666666667,,,,
event_budget,15,A1->A2->A3->A4->A5->A6->A7->A8->A9->A10->A11->A12->A13->A14->A15,/opt/Projects/Soft2/NSGD/logs/sanitycheck_event_budget_L15_arr10.0_20260427_120343,/opt/Projects/Soft2/NSGD/results_figures/run_logs/event_budget_L15.log,1,1,node,A11,11.0,0,0,0,0,0,0,0,0.0,0.0,0.0,0.0,0.0,0.0,0.0,0.0,0.0,0.0,,,,,1066.045865020883,15.0,0.0666666666666666,1500.0,0.0006666666666666,1.5,0.6666666666666666,0.15,6.666666666666667,,,,
event_budget,15,A1->A2->A3->A4->A5->A6->A7->A8->A9->A10->A11->A12->A13->A14->A15,/opt/Projects/Soft2/NSGD/logs/sanitycheck_event_budget_L15_arr10.0_20260427_120343,/opt/Projects/Soft2/NSGD/results_figures/run_logs/event_budget_L15.log,1,1,node,A12,12.0,0,0,0,0,0,0,0,0.0,0.0,0.0,0.0,0.0,0.0,0.0,0.0,0.0,0.0,,,,,1066.045865020883,15.0,0.0666666666666666,1500.0,0.0006666666666666,1.5,0.6666666666666666,0.15,6.666666666666667,,,,
event_budget,15,A1->A2->A3->A4->A5->A6->A7->A8->A9->A10->A11->A12->A13->A14->A15,/opt/Projects/Soft2/NSGD/logs/sanitycheck_event_budget_L15_arr10.0_20260427_120343,/opt/Projects/Soft2/NSGD/results_figures/run_logs/event_budget_L15.log,1,1,node,A13,13.0,0,0,0,0,0,0,0,0.0,0.0,0.0,0.0,0.0,0.0,0.0,0.0,0.0,0.0,,,,,1066.045865020883,15.0,0.0666666666666666,1500.0,0.0006666666666666,1.5,0.6666666666666666,0.15,6.666666666666667,,,,
event_budget,15,A1->A2->A3->A4->A5->A6->A7->A8->A9->A10->A11->A12->A13->A14->A15,/opt/Projects/Soft2/NSGD/logs/sanitycheck_event_budget_L15_arr10.0_20260427_120343,/opt/Projects/Soft2/NSGD/results_figures/run_logs/event_budget_L15.log,1,1,node,A14,14.0,0,0,0,0,0,0,0,0.0,0.0,0.0,0.0,0.0,0.0,0.0,0.0,0.0,0.0,,,,,1066.045865020883,15.0,0.0666666666666666,1500.0,0.0006666666666666,1.5,0.6666666666666666,0.15,6.666666666666667,,,,
event_budget,15,A1->A2->A3->A4->A5->A6->A7->A8->A9->A10->A11->A12->A13->A14->A15,/opt/Projects/Soft2/NSGD/logs/sanitycheck_event_budget_L15_arr10.0_20260427_120343,/opt/Projects/Soft2/NSGD/results_figures/run_logs/event_budget_L15.log,1,1,node,A15,15.0,0,0,0,0,0,0,0,0.0,0.0,0.0,0.0,0.0,0.0,0.0,0.0,0.0,0.0,,,,,1066.045865020883,15.0,0.0666666666666666,1500.0,0.0006666666666666,1.5,0.6666666666666666,0.15,6.666666666666667,,,,
event_budget,16,A1->A2->A3->A4->A5->A6->A7->A8->A9->A10->A11->A12->A13->A14->A15->A16,/opt/Projects/Soft2/NSGD/logs/sanitycheck_event_budget_L16_arr10.0_20260427_120402,/opt/Projects/Soft2/NSGD/results_figures/run_logs/event_budget_L16.log,1,1,graph,ALL,,29758,597,18455,28,579,18,10724,0.0200618321123731,0.3603736810269507,0.6201693662208482,0.000604879360172,4.947744248155195,1.1229064343151014,3.462336588894808,0.0064856077360337,0.3435288594442585,0.0124867577649929,10726.0,19033.0,81.53536,45.46164745775642,1055.2420137444649,16.0,0.0625,1600.0,0.000625,1.6,0.625,0.16,6.25,1.0,0.01,10.0,100.0
event_budget,16,A1->A2->A3->A4->A5->A6->A7->A8->A9->A10->A11->A12->A13->A14->A15->A16,/opt/Projects/Soft2/NSGD/logs/sanitycheck_event_budget_L16_arr10.0_20260427_120402,/opt/Projects/Soft2/NSGD/results_figures/run_logs/event_budget_L16.log,1,1,node,A1,1.0,10726,188,7810,9,180,8,2736,0.017527503263099,0.255081111318292,0.728137236621294,0.000745851202685,1.666278560776426,0.478262284324312,1.0728331312084338,0.0012265748151887,0.1058778844769978,0.0080786859514937,,,,,1055.2420137444649,16.0,0.0625,1600.0,0.000625,1.6,0.625,0.16,6.25,,,,
event_budget,16,A1->A2->A3->A4->A5->A6->A7->A8->A9->A10->A11->A12->A13->A14->A15->A16,/opt/Projects/Soft2/NSGD/logs/sanitycheck_event_budget_L16_arr10.0_20260427_120402,/opt/Projects/Soft2/NSGD/results_figures/run_logs/event_budget_L16.log,1,1,node,A2,2.0,7989,137,5338,8,131,6,2520,0.0171485792965327,0.3154337213668794,0.668168732006509,0.0007510326699211,1.2264207624042565,0.3220107129032744,0.827759660855269,0.0021150318052845,0.0720715854779547,0.0024637713624738,,,,,1055.2420137444649,16.0,0.0625,1600.0,0.000625,1.6,0.625,0.16,6.25,,,,
event_budget,16,A1->A2->A3->A4->A5->A6->A7->A8->A9->A10->A11->A12->A13->A14->A15->A16,/opt/Projects/Soft2/NSGD/logs/sanitycheck_event_budget_L16_arr10.0_20260427_120402,/opt/Projects/Soft2/NSGD/results_figures/run_logs/event_budget_L16.log,1,1,node,A3,3.0,5469,118,3343,5,116,2,2010,0.0215761565185591,0.3675260559517279,0.6112634850978241,0.0003656975681111,0.9434038972435111,0.1996547108884473,0.6768967671739846,0.0022321811188788,0.0638039616537465,0.0008162764084538,,,,,1055.2420137444649,16.0,0.0625,1600.0,0.000625,1.6,0.625,0.16,6.25,,,,
event_budget,16,A1->A2->A3->A4->A5->A6->A7->A8->A9->A10->A11->A12->A13->A14->A15->A16,/opt/Projects/Soft2/NSGD/logs/sanitycheck_event_budget_L16_arr10.0_20260427_120402,/opt/Projects/Soft2/NSGD/results_figures/run_logs/event_budget_L16.log,1,1,node,A4,4.0,3459,102,1610,6,100,2,1749,0.0294882914137033,0.5056374674761491,0.465452442902573,0.0005782017924255,0.7485776487880678,0.1009373759977677,0.5738264092865546,0.0009118199966815,0.0717740194644925,0.0011280240425714,,,,,1055.2420137444649,16.0,0.0625,1600.0,0.000625,1.6,0.625,0.16,6.25,,,,
event_budget,16,A1->A2->A3->A4->A5->A6->A7->A8->A9->A10->A11->A12->A13->A14->A15->A16,/opt/Projects/Soft2/NSGD/logs/sanitycheck_event_budget_L16_arr10.0_20260427_120402,/opt/Projects/Soft2/NSGD/results_figures/run_logs/event_budget_L16.log,1,1,node,A5,5.0,1709,46,353,0,46,0,1310,0.026916325336454,0.7665301345816267,0.2065535400819192,0.0,0.3354300710306937,0.0217234048533432,0.2866001065127881,0.0,0.0271065596645624,0.0,,,,,1055.2420137444649,16.0,0.0625,1600.0,0.000625,1.6,0.625,0.16,6.25,,,,
event_budget,16,A1->A2->A3->A4->A5->A6->A7->A8->A9->A10->A11->A12->A13->A14->A15->A16,/opt/Projects/Soft2/NSGD/logs/sanitycheck_event_budget_L16_arr10.0_20260427_120402,/opt/Projects/Soft2/NSGD/results_figures/run_logs/event_budget_L16.log,1,1,node,A6,6.0,399,6,1,0,6,0,392,0.0150375939849624,0.9824561403508772,0.0025062656641604,0.0,0.0276333079122398,0.0003179453479567,0.0244205138577787,0.0,0.0028948487065044,0.0,,,,,1055.2420137444649,16.0,0.0625,1600.0,0.000625,1.6,0.625,0.16,6.25,,,,
event_budget,16,A1->A2->A3->A4->A5->A6->A7->A8->A9->A10->A11->A12->A13->A14->A15->A16,/opt/Projects/Soft2/NSGD/logs/sanitycheck_event_budget_L16_arr10.0_20260427_120402,/opt/Projects/Soft2/NSGD/results_figures/run_logs/event_budget_L16.log,1,1,node,A7,7.0,7,0,0,0,0,0,7,0.0,1.0,0.0,0.0,0.0,0.0,0.0,0.0,0.0,0.0,,,,,1055.2420137444649,16.0,0.0625,1600.0,0.000625,1.6,0.625,0.16,6.25,,,,
event_budget,16,A1->A2->A3->A4->A5->A6->A7->A8->A9->A10->A11->A12->A13->A14->A15->A16,/opt/Projects/Soft2/NSGD/logs/sanitycheck_event_budget_L16_arr10.0_20260427_120402,/opt/Projects/Soft2/NSGD/results_figures/run_logs/event_budget_L16.log,1,1,node,A8,8.0,0,0,0,0,0,0,0,0.0,0.0,0.0,0.0,0.0,0.0,0.0,0.0,0.0,0.0,,,,,1055.2420137444649,16.0,0.0625,1600.0,0.000625,1.6,0.625,0.16,6.25,,,,
event_budget,16,A1->A2->A3->A4->A5->A6->A7->A8->A9->A10->A11->A12->A13->A14->A15->A16,/opt/Projects/Soft2/NSGD/logs/sanitycheck_event_budget_L16_arr10.0_20260427_120402,/opt/Projects/Soft2/NSGD/results_figures/run_logs/event_budget_L16.log,1,1,node,A9,9.0,0,0,0,0,0,0,0,0.0,0.0,0.0,0.0,0.0,0.0,0.0,0.0,0.0,0.0,,,,,1055.2420137444649,16.0,0.0625,1600.0,0.000625,1.6,0.625,0.16,6.25,,,,
event_budget,16,A1->A2->A3->A4->A5->A6->A7->A8->A9->A10->A11->A12->A13->A14->A15->A16,/opt/Projects/Soft2/NSGD/logs/sanitycheck_event_budget_L16_arr10.0_20260427_120402,/opt/Projects/Soft2/NSGD/results_figures/run_logs/event_budget_L16.log,1,1,node,A10,10.0,0,0,0,0,0,0,0,0.0,0.0,0.0,0.0,0.0,0.0,0.0,0.0,0.0,0.0,,,,,1055.2420137444649,16.0,0.0625,1600.0,0.000625,1.6,0.625,0.16,6.25,,,,
event_budget,16,A1->A2->A3->A4->A5->A6->A7->A8->A9->A10->A11->A12->A13->A14->A15->A16,/opt/Projects/Soft2/NSGD/logs/sanitycheck_event_budget_L16_arr10.0_20260427_120402,/opt/Projects/Soft2/NSGD/results_figures/run_logs/event_budget_L16.log,1,1,node,A11,11.0,0,0,0,0,0,0,0,0.0,0.0,0.0,0.0,0.0,0.0,0.0,0.0,0.0,0.0,,,,,1055.2420137444649,16.0,0.0625,1600.0,0.000625,1.6,0.625,0.16,6.25,,,,
event_budget,16,A1->A2->A3->A4->A5->A6->A7->A8->A9->A10->A11->A12->A13->A14->A15->A16,/opt/Projects/Soft2/NSGD/logs/sanitycheck_event_budget_L16_arr10.0_20260427_120402,/opt/Projects/Soft2/NSGD/results_figures/run_logs/event_budget_L16.log,1,1,node,A12,12.0,0,0,0,0,0,0,0,0.0,0.0,0.0,0.0,0.0,0.0,0.0,0.0,0.0,0.0,,,,,1055.2420137444649,16.0,0.0625,1600.0,0.000625,1.6,0.625,0.16,6.25,,,,
event_budget,16,A1->A2->A3->A4->A5->A6->A7->A8->A9->A10->A11->A12->A13->A14->A15->A16,/opt/Projects/Soft2/NSGD/logs/sanitycheck_event_budget_L16_arr10.0_20260427_120402,/opt/Projects/Soft2/NSGD/results_figures/run_logs/event_budget_L16.log,1,1,node,A13,13.0,0,0,0,0,0,0,0,0.0,0.0,0.0,0.0,0.0,0.0,0.0,0.0,0.0,0.0,,,,,1055.2420137444649,16.0,0.0625,1600.0,0.000625,1.6,0.625,0.16,6.25,,,,
event_budget,16,A1->A2->A3->A4->A5->A6->A7->A8->A9->A10->A11->A12->A13->A14->A15->A16,/opt/Projects/Soft2/NSGD/logs/sanitycheck_event_budget_L16_arr10.0_20260427_120402,/opt/Projects/Soft2/NSGD/results_figures/run_logs/event_budget_L16.log,1,1,node,A14,14.0,0,0,0,0,0,0,0,0.0,0.0,0.0,0.0,0.0,0.0,0.0,0.0,0.0,0.0,,,,,1055.2420137444649,16.0,0.0625,1600.0,0.000625,1.6,0.625,0.16,6.25,,,,
event_budget,16,A1->A2->A3->A4->A5->A6->A7->A8->A9->A10->A11->A12->A13->A14->A15->A16,/opt/Projects/Soft2/NSGD/logs/sanitycheck_event_budget_L16_arr10.0_20260427_120402,/opt/Projects/Soft2/NSGD/results_figures/run_logs/event_budget_L16.log,1,1,node,A15,15.0,0,0,0,0,0,0,0,0.0,0.0,0.0,0.0,0.0,0.0,0.0,0.0,0.0,0.0,,,,,1055.2420137444649,16.0,0.0625,1600.0,0.000625,1.6,0.625,0.16,6.25,,,,
event_budget,16,A1->A2->A3->A4->A5->A6->A7->A8->A9->A10->A11->A12->A13->A14->A15->A16,/opt/Projects/Soft2/NSGD/logs/sanitycheck_event_budget_L16_arr10.0_20260427_120402,/opt/Projects/Soft2/NSGD/results_figures/run_logs/event_budget_L16.log,1,1,node,A16,16.0,0,0,0,0,0,0,0,0.0,0.0,0.0,0.0,0.0,0.0,0.0,0.0,0.0,0.0,,,,,1055.2420137444649,16.0,0.0625,1600.0,0.000625,1.6,0.625,0.16,6.25,,,,
event_budget,17,A1->A2->A3->A4->A5->A6->A7->A8->A9->A10->A11->A12->A13->A14->A15->A16->A17,/opt/Projects/Soft2/NSGD/logs/sanitycheck_event_budget_L17_arr10.0_20260427_120422,/opt/Projects/Soft2/NSGD/results_figures/run_logs/event_budget_L17.log,1,1,graph,ALL,,29628,578,18623,39,559,19,10446,0.0195085729715134,0.3525718914540299,0.6285608208451465,0.0006412852706898,4.949059999666231,1.09746931839759,3.508203339119475,0.011907463780217,0.3209270566363427,0.0105528217326056,10448.0,19181.0,78.83548,42.97880054427716,1024.4003121578326,17.0,0.0588235294117647,1700.0,0.0005882352941176,1.7000000000000002,0.588235294117647,0.17,5.88235294117647,1.0,0.0099999999999999,9.999999999999998,100.0
event_budget,17,A1->A2->A3->A4->A5->A6->A7->A8->A9->A10->A11->A12->A13->A14->A15->A16->A17,/opt/Projects/Soft2/NSGD/logs/sanitycheck_event_budget_L17_arr10.0_20260427_120422,/opt/Projects/Soft2/NSGD/results_figures/run_logs/event_budget_L17.log,1,1,node,A1,1.0,10448,186,8062,22,174,12,2212,0.017802450229709,0.2117151607963246,0.7716309341500766,0.0011485451761102,1.7673918437136005,0.4778913945624434,1.1738752665565542,0.0066237656286267,0.1000685531895228,0.0089328637764533,,,,,1024.4003121578326,17.0,0.0588235294117647,1700.0,0.0005882352941176,1.7000000000000002,0.588235294117647,0.17,5.88235294117647,,,,
event_budget,17,A1->A2->A3->A4->A5->A6->A7->A8->A9->A10->A11->A12->A13->A14->A15->A16->A17,/opt/Projects/Soft2/NSGD/logs/sanitycheck_event_budget_L17_arr10.0_20260427_120422,/opt/Projects/Soft2/NSGD/results_figures/run_logs/event_budget_L17.log,1,1,node,A2,2.0,8234,134,5652,11,130,4,2452,0.0162739859120719,0.2977896526597036,0.6864221520524654,0.0004857906242409,1.247462133899289,0.3299603525150591,0.841973148563634,0.0037434278385904,0.070742180338068,0.0010430246439375,,,,,1024.4003121578326,17.0,0.0588235294117647,1700.0,0.0005882352941176,1.7000000000000002,0.588235294117647,0.17,5.88235294117647,,,,
event_budget,17,A1->A2->A3->A4->A5->A6->A7->A8->A9->A10->A11->A12->A13->A14->A15->A16->A17,/opt/Projects/Soft2/NSGD/logs/sanitycheck_event_budget_L17_arr10.0_20260427_120422,/opt/Projects/Soft2/NSGD/results_figures/run_logs/event_budget_L17.log,1,1,node,A3,3.0,5782,111,3372,4,109,2,2301,0.0191975095122794,0.3979591836734694,0.5831892078865445,0.0003459010722933,0.9261310870867254,0.1948140278359279,0.6726570879978968,0.000826690064531,0.0573744239216392,0.0004588572667302,,,,,1024.4003121578326,17.0,0.0588235294117647,1700.0,0.0005882352941176,1.7000000000000002,0.588235294117647,0.17,5.88235294117647,,,,
event_budget,17,A1->A2->A3->A4->A5->A6->A7->A8->A9->A10->A11->A12->A13->A14->A15->A16->A17,/opt/Projects/Soft2/NSGD/logs/sanitycheck_event_budget_L17_arr10.0_20260427_120422,/opt/Projects/Soft2/NSGD/results_figures/run_logs/event_budget_L17.log,1,1,node,A4,4.0,3481,87,1308,2,86,1,2087,0.0249928181557023,0.5995403619649526,0.3757540936512496,0.0002872737719046,0.6331418711173442,0.0793423485431602,0.4944620236157767,0.0007135802484687,0.058505842664454,0.0001180760454844,,,,,1024.4003121578326,17.0,0.0588235294117647,1700.0,0.0005882352941176,1.7000000000000002,0.588235294117647,0.17,5.88235294117647,,,,
event_budget,17,A1->A2->A3->A4->A5->A6->A7->A8->A9->A10->A11->A12->A13->A14->A15->A16->A17,/opt/Projects/Soft2/NSGD/logs/sanitycheck_event_budget_L17_arr10.0_20260427_120422,/opt/Projects/Soft2/NSGD/results_figures/run_logs/event_budget_L17.log,1,1,node,A5,5.0,1394,48,226,0,48,0,1120,0.0344332855093256,0.8034433285509326,0.1621233859397417,0.0,0.3265251428064832,0.0147459730548427,0.284298873836539,0.0,0.0274802959151014,0.0,,,,,1024.4003121578326,17.0,0.0588235294117647,1700.0,0.0005882352941176,1.7000000000000002,0.588235294117647,0.17,5.88235294117647,,,,
event_budget,17,A1->A2->A3->A4->A5->A6->A7->A8->A9->A10->A11->A12->A13->A14->A15->A16->A17,/opt/Projects/Soft2/NSGD/logs/sanitycheck_event_budget_L17_arr10.0_20260427_120422,/opt/Projects/Soft2/NSGD/results_figures/run_logs/event_budget_L17.log,1,1,node,A6,6.0,274,11,3,0,11,0,260,0.0401459854014598,0.948905109489051,0.010948905109489,0.0,0.0456603242269282,0.0006151363279805,0.0399304773166036,0.0,0.005114710582344,0.0,,,,,1024.4003121578326,17.0,0.0588235294117647,1700.0,0.0005882352941176,1.7000000000000002,0.588235294117647,0.17,5.88235294117647,,,,
event_budget,17,A1->A2->A3->A4->A5->A6->A7->A8->A9->A10->A11->A12->A13->A14->A15->A16->A17,/opt/Projects/Soft2/NSGD/logs/sanitycheck_event_budget_L17_arr10.0_20260427_120422,/opt/Projects/Soft2/NSGD/results_figures/run_logs/event_budget_L17.log,1,1,node,A7,7.0,14,1,0,0,1,0,13,0.0714285714285714,0.9285714285714286,0.0,0.0,0.0027475968158595,0.0001000855581757,0.0010064612324707,0.0,0.001641050025213,0.0,,,,,1024.4003121578326,17.0,0.0588235294117647,1700.0,0.0005882352941176,1.7000000000000002,0.588235294117647,0.17,5.88235294117647,,,,
event_budget,17,A1->A2->A3->A4->A5->A6->A7->A8->A9->A10->A11->A12->A13->A14->A15->A16->A17,/opt/Projects/Soft2/NSGD/logs/sanitycheck_event_budget_L17_arr10.0_20260427_120422,/opt/Projects/Soft2/NSGD/results_figures/run_logs/event_budget_L17.log,1,1,node,A8,8.0,1,0,0,0,0,0,1,0.0,1.0,0.0,0.0,0.0,0.0,0.0,0.0,0.0,0.0,,,,,1024.4003121578326,17.0,0.0588235294117647,1700.0,0.0005882352941176,1.7000000000000002,0.588235294117647,0.17,5.88235294117647,,,,
event_budget,17,A1->A2->A3->A4->A5->A6->A7->A8->A9->A10->A11->A12->A13->A14->A15->A16->A17,/opt/Projects/Soft2/NSGD/logs/sanitycheck_event_budget_L17_arr10.0_20260427_120422,/opt/Projects/Soft2/NSGD/results_figures/run_logs/event_budget_L17.log,1,1,node,A9,9.0,0,0,0,0,0,0,0,0.0,0.0,0.0,0.0,0.0,0.0,0.0,0.0,0.0,0.0,,,,,1024.4003121578326,17.0,0.0588235294117647,1700.0,0.0005882352941176,1.7000000000000002,0.588235294117647,0.17,5.88235294117647,,,,
event_budget,17,A1->A2->A3->A4->A5->A6->A7->A8->A9->A10->A11->A12->A13->A14->A15->A16->A17,/opt/Projects/Soft2/NSGD/logs/sanitycheck_event_budget_L17_arr10.0_20260427_120422,/opt/Projects/Soft2/NSGD/results_figures/run_logs/event_budget_L17.log,1,1,node,A10,10.0,0,0,0,0,0,0,0,0.0,0.0,0.0,0.0,0.0,0.0,0.0,0.0,0.0,0.0,,,,,1024.4003121578326,17.0,0.0588235294117647,1700.0,0.0005882352941176,1.7000000000000002,0.588235294117647,0.17,5.88235294117647,,,,
event_budget,17,A1->A2->A3->A4->A5->A6->A7->A8->A9->A10->A11->A12->A13->A14->A15->A16->A17,/opt/Projects/Soft2/NSGD/logs/sanitycheck_event_budget_L17_arr10.0_20260427_120422,/opt/Projects/Soft2/NSGD/results_figures/run_logs/event_budget_L17.log,1,1,node,A11,11.0,0,0,0,0,0,0,0,0.0,0.0,0.0,0.0,0.0,0.0,0.0,0.0,0.0,0.0,,,,,1024.4003121578326,17.0,0.0588235294117647,1700.0,0.0005882352941176,1.7000000000000002,0.588235294117647,0.17,5.88235294117647,,,,
event_budget,17,A1->A2->A3->A4->A5->A6->A7->A8->A9->A10->A11->A12->A13->A14->A15->A16->A17,/opt/Projects/Soft2/NSGD/logs/sanitycheck_event_budget_L17_arr10.0_20260427_120422,/opt/Projects/Soft2/NSGD/results_figures/run_logs/event_budget_L17.log,1,1,node,A12,12.0,0,0,0,0,0,0,0,0.0,0.0,0.0,0.0,0.0,0.0,0.0,0.0,0.0,0.0,,,,,1024.4003121578326,17.0,0.0588235294117647,1700.0,0.0005882352941176,1.7000000000000002,0.588235294117647,0.17,5.88235294117647,,,,
event_budget,17,A1->A2->A3->A4->A5->A6->A7->A8->A9->A10->A11->A12->A13->A14->A15->A16->A17,/opt/Projects/Soft2/NSGD/logs/sanitycheck_event_budget_L17_arr10.0_20260427_120422,/opt/Projects/Soft2/NSGD/results_figures/run_logs/event_budget_L17.log,1,1,node,A13,13.0,0,0,0,0,0,0,0,0.0,0.0,0.0,0.0,0.0,0.0,0.0,0.0,0.0,0.0,,,,,1024.4003121578326,17.0,0.0588235294117647,1700.0,0.0005882352941176,1.7000000000000002,0.588235294117647,0.17,5.88235294117647,,,,
event_budget,17,A1->A2->A3->A4->A5->A6->A7->A8->A9->A10->A11->A12->A13->A14->A15->A16->A17,/opt/Projects/Soft2/NSGD/logs/sanitycheck_event_budget_L17_arr10.0_20260427_120422,/opt/Projects/Soft2/NSGD/results_figures/run_logs/event_budget_L17.log,1,1,node,A14,14.0,0,0,0,0,0,0,0,0.0,0.0,0.0,0.0,0.0,0.0,0.0,0.0,0.0,0.0,,,,,1024.4003121578326,17.0,0.0588235294117647,1700.0,0.0005882352941176,1.7000000000000002,0.588235294117647,0.17,5.88235294117647,,,,
event_budget,17,A1->A2->A3->A4->A5->A6->A7->A8->A9->A10->A11->A12->A13->A14->A15->A16->A17,/opt/Projects/Soft2/NSGD/logs/sanitycheck_event_budget_L17_arr10.0_20260427_120422,/opt/Projects/Soft2/NSGD/results_figures/run_logs/event_budget_L17.log,1,1,node,A15,15.0,0,0,0,0,0,0,0,0.0,0.0,0.0,0.0,0.0,0.0,0.0,0.0,0.0,0.0,,,,,1024.4003121578326,17.0,0.0588235294117647,1700.0,0.0005882352941176,1.7000000000000002,0.588235294117647,0.17,5.88235294117647,,,,
event_budget,17,A1->A2->A3->A4->A5->A6->A7->A8->A9->A10->A11->A12->A13->A14->A15->A16->A17,/opt/Projects/Soft2/NSGD/logs/sanitycheck_event_budget_L17_arr10.0_20260427_120422,/opt/Projects/Soft2/NSGD/results_figures/run_logs/event_budget_L17.log,1,1,node,A16,16.0,0,0,0,0,0,0,0,0.0,0.0,0.0,0.0,0.0,0.0,0.0,0.0,0.0,0.0,,,,,1024.4003121578326,17.0,0.0588235294117647,1700.0,0.0005882352941176,1.7000000000000002,0.588235294117647,0.17,5.88235294117647,,,,
event_budget,17,A1->A2->A3->A4->A5->A6->A7->A8->A9->A10->A11->A12->A13->A14->A15->A16->A17,/opt/Projects/Soft2/NSGD/logs/sanitycheck_event_budget_L17_arr10.0_20260427_120422,/opt/Projects/Soft2/NSGD/results_figures/run_logs/event_budget_L17.log,1,1,node,A17,17.0,0,0,0,0,0,0,0,0.0,0.0,0.0,0.0,0.0,0.0,0.0,0.0,0.0,0.0,,,,,1024.4003121578326,17.0,0.0588235294117647,1700.0,0.0005882352941176,1.7000000000000002,0.588235294117647,0.17,5.88235294117647,,,,
event_budget,18,A1->A2->A3->A4->A5->A6->A7->A8->A9->A10->A11->A12->A13->A14->A15->A16->A17->A18,/opt/Projects/Soft2/NSGD/logs/sanitycheck_event_budget_L18_arr10.0_20260427_120444,/opt/Projects/Soft2/NSGD/results_figures/run_logs/event_budget_L18.log,1,1,graph,ALL,,29515,611,18633,34,597,14,10285,0.020701338302558,0.3484668812468236,0.631306115534474,0.0004743350838556,4.942733792200659,1.0534131764183563,3.53684571602203,0.0113235633439816,0.3312782312469911,0.0098731051692996,10287.0,19229.0,78.55542,44.004612748892754,1009.8040018984246,18.0,0.0555555555555555,1800.0,0.0005555555555555,1.8000000000000005,0.5555555555555555,0.18,5.555555555555555,1.0,0.01,10.0,100.0
event_budget,18,A1->A2->A3->A4->A5->A6->A7->A8->A9->A10->A11->A12->A13->A14->A15->A16->A17->A18,/opt/Projects/Soft2/NSGD/logs/sanitycheck_event_budget_L18_arr10.0_20260427_120444,/opt/Projects/Soft2/NSGD/results_figures/run_logs/event_budget_L18.log,1,1,node,A1,1.0,10287,183,7513,14,173,10,2601,0.0177894429862933,0.252843394575678,0.7303392631476621,0.0009721007096335,1.587252099477385,0.426947806394087,1.0539943533786094,0.003712813963219,0.0971054227748572,0.0054917029666125,,,,,1009.8040018984246,18.0,0.0555555555555555,1800.0,0.0005555555555555,1.8,0.5555555555555556,0.18,5.555555555555555,,,,
event_budget,18,A1->A2->A3->A4->A5->A6->A7->A8->A9->A10->A11->A12->A13->A14->A15->A16->A17->A18,/opt/Projects/Soft2/NSGD/logs/sanitycheck_event_budget_L18_arr10.0_20260427_120444,/opt/Projects/Soft2/NSGD/results_figures/run_logs/event_budget_L18.log,1,1,node,A2,2.0,7686,134,5361,7,132,2,2193,0.0174342961228207,0.2853239656518345,0.6975019516003123,0.0002602133749674,1.1976215507277483,0.3003346591843341,0.8260874109694185,0.0026186973982732,0.0658047905940766,0.0027759925816454,,,,,1009.8040018984246,18.0,0.0555555555555555,1800.0,0.0005555555555555,1.8,0.5555555555555556,0.18,5.555555555555555,,,,
event_budget,18,A1->A2->A3->A4->A5->A6->A7->A8->A9->A10->A11->A12->A13->A14->A15->A16->A17->A18,/opt/Projects/Soft2/NSGD/logs/sanitycheck_event_budget_L18_arr10.0_20260427_120444,/opt/Projects/Soft2/NSGD/results_figures/run_logs/event_budget_L18.log,1,1,node,A3,3.0,5492,121,3643,10,120,1,1729,0.0220320466132556,0.3148215586307356,0.6633284777858703,0.0001820830298616,1.0197343107049135,0.2029206107286252,0.7500551799010069,0.0041212918838886,0.0626353105795081,1.91761188503955e-06,,,,,1009.8040018984246,18.0,0.0555555555555555,1800.0,0.0005555555555555,1.8,0.5555555555555556,0.18,5.555555555555555,,,,
event_budget,18,A1->A2->A3->A4->A5->A6->A7->A8->A9->A10->A11->A12->A13->A14->A15->A16->A17->A18,/opt/Projects/Soft2/NSGD/logs/sanitycheck_event_budget_L18_arr10.0_20260427_120444,/opt/Projects/Soft2/NSGD/results_figures/run_logs/event_budget_L18.log,1,1,node,A4,4.0,3762,98,1708,3,97,1,1957,0.0260499734183944,0.5202020202020202,0.4540138224348751,0.0002658160552897,0.7059181840568075,0.0986708273463505,0.5414456923931975,0.0008707600986007,0.063327412209502,0.0016034920091566,,,,,1009.8040018984246,18.0,0.0555555555555555,1800.0,0.0005555555555555,1.8,0.5555555555555556,0.18,5.555555555555555,,,,
event_budget,18,A1->A2->A3->A4->A5->A6->A7->A8->A9->A10->A11->A12->A13->A14->A15->A16->A17->A18,/opt/Projects/Soft2/NSGD/logs/sanitycheck_event_budget_L18_arr10.0_20260427_120444,/opt/Projects/Soft2/NSGD/results_figures/run_logs/event_budget_L18.log,1,1,node,A5,5.0,1805,62,406,0,62,0,1337,0.0343490304709141,0.7407202216066482,0.2249307479224376,0.0,0.3741061121636144,0.023821941941835,0.3150437025399664,0.0,0.0352404676818129,0.0,,,,,1009.8040018984246,18.0,0.0555555555555555,1800.0,0.0005555555555555,1.8,0.5555555555555556,0.18,5.555555555555555,,,,
event_budget,18,A1->A2->A3->A4->A5->A6->A7->A8->A9->A10->A11->A12->A13->A14->A15->A16->A17->A18,/opt/Projects/Soft2/NSGD/logs/sanitycheck_event_budget_L18_arr10.0_20260427_120444,/opt/Projects/Soft2/NSGD/results_figures/run_logs/event_budget_L18.log,1,1,node,A6,6.0,468,11,2,0,11,0,455,0.0235042735042735,0.9722222222222222,0.0042735042735042,0.0,0.0546963406055224,0.0005790574617701,0.0492168993495757,0.0,0.0049003837941765,0.0,,,,,1009.8040018984246,18.0,0.0555555555555555,1800.0,0.0005555555555555,1.8,0.5555555555555556,0.18,5.555555555555555,,,,
event_budget,18,A1->A2->A3->A4->A5->A6->A7->A8->A9->A10->A11->A12->A13->A14->A15->A16->A17->A18,/opt/Projects/Soft2/NSGD/logs/sanitycheck_event_budget_L18_arr10.0_20260427_120444,/opt/Projects/Soft2/NSGD/results_figures/run_logs/event_budget_L18.log,1,1,node,A7,7.0,13,2,0,0,2,0,11,0.1538461538461538,0.8461538461538461,0.0,0.0,0.0034051944646676,0.0001382733613541,0.0010024774902559,0.0,0.0022644436130575,0.0,,,,,1009.8040018984246,18.0,0.0555555555555555,1800.0,0.0005555555555555,1.8,0.5555555555555556,0.18,5.555555555555555,,,,
event_budget,18,A1->A2->A3->A4->A5->A6->A7->A8->A9->A10->A11->A12->A13->A14->A15->A16->A17->A18,/opt/Projects/Soft2/NSGD/logs/sanitycheck_event_budget_L18_arr10.0_20260427_120444,/opt/Projects/Soft2/NSGD/results_figures/run_logs/event_budget_L18.log,1,1,node,A8,8.0,2,0,0,0,0,0,2,0.0,1.0,0.0,0.0,0.0,0.0,0.0,0.0,0.0,0.0,,,,,1009.8040018984246,18.0,0.0555555555555555,1800.0,0.0005555555555555,1.8,0.5555555555555556,0.18,5.555555555555555,,,,
event_budget,18,A1->A2->A3->A4->A5->A6->A7->A8->A9->A10->A11->A12->A13->A14->A15->A16->A17->A18,/opt/Projects/Soft2/NSGD/logs/sanitycheck_event_budget_L18_arr10.0_20260427_120444,/opt/Projects/Soft2/NSGD/results_figures/run_logs/event_budget_L18.log,1,1,node,A9,9.0,0,0,0,0,0,0,0,0.0,0.0,0.0,0.0,0.0,0.0,0.0,0.0,0.0,0.0,,,,,1009.8040018984246,18.0,0.0555555555555555,1800.0,0.0005555555555555,1.8,0.5555555555555556,0.18,5.555555555555555,,,,
event_budget,18,A1->A2->A3->A4->A5->A6->A7->A8->A9->A10->A11->A12->A13->A14->A15->A16->A17->A18,/opt/Projects/Soft2/NSGD/logs/sanitycheck_event_budget_L18_arr10.0_20260427_120444,/opt/Projects/Soft2/NSGD/results_figures/run_logs/event_budget_L18.log,1,1,node,A10,10.0,0,0,0,0,0,0,0,0.0,0.0,0.0,0.0,0.0,0.0,0.0,0.0,0.0,0.0,,,,,1009.8040018984246,18.0,0.0555555555555555,1800.0,0.0005555555555555,1.8,0.5555555555555556,0.18,5.555555555555555,,,,
event_budget,18,A1->A2->A3->A4->A5->A6->A7->A8->A9->A10->A11->A12->A13->A14->A15->A16->A17->A18,/opt/Projects/Soft2/NSGD/logs/sanitycheck_event_budget_L18_arr10.0_20260427_120444,/opt/Projects/Soft2/NSGD/results_figures/run_logs/event_budget_L18.log,1,1,node,A11,11.0,0,0,0,0,0,0,0,0.0,0.0,0.0,0.0,0.0,0.0,0.0,0.0,0.0,0.0,,,,,1009.8040018984246,18.0,0.0555555555555555,1800.0,0.0005555555555555,1.8,0.5555555555555556,0.18,5.555555555555555,,,,
event_budget,18,A1->A2->A3->A4->A5->A6->A7->A8->A9->A10->A11->A12->A13->A14->A15->A16->A17->A18,/opt/Projects/Soft2/NSGD/logs/sanitycheck_event_budget_L18_arr10.0_20260427_120444,/opt/Projects/Soft2/NSGD/results_figures/run_logs/event_budget_L18.log,1,1,node,A12,12.0,0,0,0,0,0,0,0,0.0,0.0,0.0,0.0,0.0,0.0,0.0,0.0,0.0,0.0,,,,,1009.8040018984246,18.0,0.0555555555555555,1800.0,0.0005555555555555,1.8,0.5555555555555556,0.18,5.555555555555555,,,,
event_budget,18,A1->A2->A3->A4->A5->A6->A7->A8->A9->A10->A11->A12->A13->A14->A15->A16->A17->A18,/opt/Projects/Soft2/NSGD/logs/sanitycheck_event_budget_L18_arr10.0_20260427_120444,/opt/Projects/Soft2/NSGD/results_figures/run_logs/event_budget_L18.log,1,1,node,A13,13.0,0,0,0,0,0,0,0,0.0,0.0,0.0,0.0,0.0,0.0,0.0,0.0,0.0,0.0,,,,,1009.8040018984246,18.0,0.0555555555555555,1800.0,0.0005555555555555,1.8,0.5555555555555556,0.18,5.555555555555555,,,,
event_budget,18,A1->A2->A3->A4->A5->A6->A7->A8->A9->A10->A11->A12->A13->A14->A15->A16->A17->A18,/opt/Projects/Soft2/NSGD/logs/sanitycheck_event_budget_L18_arr10.0_20260427_120444,/opt/Projects/Soft2/NSGD/results_figures/run_logs/event_budget_L18.log,1,1,node,A14,14.0,0,0,0,0,0,0,0,0.0,0.0,0.0,0.0,0.0,0.0,0.0,0.0,0.0,0.0,,,,,1009.8040018984246,18.0,0.0555555555555555,1800.0,0.0005555555555555,1.8,0.5555555555555556,0.18,5.555555555555555,,,,
event_budget,18,A1->A2->A3->A4->A5->A6->A7->A8->A9->A10->A11->A12->A13->A14->A15->A16->A17->A18,/opt/Projects/Soft2/NSGD/logs/sanitycheck_event_budget_L18_arr10.0_20260427_120444,/opt/Projects/Soft2/NSGD/results_figures/run_logs/event_budget_L18.log,1,1,node,A15,15.0,0,0,0,0,0,0,0,0.0,0.0,0.0,0.0,0.0,0.0,0.0,0.0,0.0,0.0,,,,,1009.8040018984246,18.0,0.0555555555555555,1800.0,0.0005555555555555,1.8,0.5555555555555556,0.18,5.555555555555555,,,,
event_budget,18,A1->A2->A3->A4->A5->A6->A7->A8->A9->A10->A11->A12->A13->A14->A15->A16->A17->A18,/opt/Projects/Soft2/NSGD/logs/sanitycheck_event_budget_L18_arr10.0_20260427_120444,/opt/Projects/Soft2/NSGD/results_figures/run_logs/event_budget_L18.log,1,1,node,A16,16.0,0,0,0,0,0,0,0,0.0,0.0,0.0,0.0,0.0,0.0,0.0,0.0,0.0,0.0,,,,,1009.8040018984246,18.0,0.0555555555555555,1800.0,0.0005555555555555,1.8,0.5555555555555556,0.18,5.555555555555555,,,,
event_budget,18,A1->A2->A3->A4->A5->A6->A7->A8->A9->A10->A11->A12->A13->A14->A15->A16->A17->A18,/opt/Projects/Soft2/NSGD/logs/sanitycheck_event_budget_L18_arr10.0_20260427_120444,/opt/Projects/Soft2/NSGD/results_figures/run_logs/event_budget_L18.log,1,1,node,A17,17.0,0,0,0,0,0,0,0,0.0,0.0,0.0,0.0,0.0,0.0,0.0,0.0,0.0,0.0,,,,,1009.8040018984246,18.0,0.0555555555555555,1800.0,0.0005555555555555,1.8,0.5555555555555556,0.18,5.555555555555555,,,,
event_budget,18,A1->A2->A3->A4->A5->A6->A7->A8->A9->A10->A11->A12->A13->A14->A15->A16->A17->A18,/opt/Projects/Soft2/NSGD/logs/sanitycheck_event_budget_L18_arr10.0_20260427_120444,/opt/Projects/Soft2/NSGD/results_figures/run_logs/event_budget_L18.log,1,1,node,A18,18.0,0,0,0,0,0,0,0,0.0,0.0,0.0,0.0,0.0,0.0,0.0,0.0,0.0,0.0,,,,,1009.8040018984246,18.0,0.0555555555555555,1800.0,0.0005555555555555,1.8,0.5555555555555556,0.18,5.555555555555555,,,,
event_budget,19,A1->A2->A3->A4->A5->A6->A7->A8->A9->A10->A11->A12->A13->A14->A15->A16->A17->A18->A19,/opt/Projects/Soft2/NSGD/logs/sanitycheck_event_budget_L19_arr10.0_20260427_120507,/opt/Projects/Soft2/NSGD/results_figures/run_logs/event_budget_L19.log,1,1,graph,ALL,,29302,667,18688,30,652,15,9962,0.0227629513343799,0.3399767933929424,0.6377721657224763,0.0005119104497986,4.940089345192565,1.0396020531823544,3.5304018202914604,0.0085792683916511,0.3555751938890348,0.0059310094380645,9963.0,19339.0,78.9382,46.10145338506908,975.38268116594,19.0,0.0526315789473684,1900.0,0.0005263157894736,1.9,0.5263157894736842,0.19,5.2631578947368425,1.0,0.01,10.0,100.0
event_budget,19,A1->A2->A3->A4->A5->A6->A7->A8->A9->A10->A11->A12->A13->A14->A15->A16->A17->A18->A19,/opt/Projects/Soft2/NSGD/logs/sanitycheck_event_budget_L19_arr10.0_20260427_120507,/opt/Projects/Soft2/NSGD/results_figures/run_logs/event_budget_L19.log,1,1,node,A1,1.0,9963,198,7485,11,190,8,2288,0.019873532068654,0.2296497039044464,0.7512797350195725,0.0008029709926728,1.6253860376299598,0.4185959075008456,1.0964255033603494,0.0017252559250647,0.1062296817575009,0.002409689086199,,,,,975.38268116594,19.0,0.0526315789473684,1900.0,0.0005263157894736,1.9,0.5263157894736842,0.19,5.2631578947368425,,,,
event_budget,19,A1->A2->A3->A4->A5->A6->A7->A8->A9->A10->A11->A12->A13->A14->A15->A16->A17->A18->A19,/opt/Projects/Soft2/NSGD/logs/sanitycheck_event_budget_L19_arr10.0_20260427_120507,/opt/Projects/Soft2/NSGD/results_figures/run_logs/event_budget_L19.log,1,1,node,A2,2.0,7674,158,5404,8,154,4,2116,0.0205890018243419,0.2757362522804274,0.7041959864477456,0.0005212405525149,1.2232512430586628,0.2976014573306174,0.8423261690458598,0.0014807287066369,0.0798651237385151,0.0019777642370337,,,,,975.38268116594,19.0,0.0526315789473684,1900.0,0.0005263157894736,1.9,0.5263157894736842,0.19,5.2631578947368425,,,,
event_budget,19,A1->A2->A3->A4->A5->A6->A7->A8->A9->A10->A11->A12->A13->A14->A15->A16->A17->A18->A19,/opt/Projects/Soft2/NSGD/logs/sanitycheck_event_budget_L19_arr10.0_20260427_120507,/opt/Projects/Soft2/NSGD/results_figures/run_logs/event_budget_L19.log,1,1,node,A3,3.0,5558,126,3578,8,124,2,1856,0.0226700251889168,0.3339330694494422,0.6437567470313063,0.0003598416696653,0.953028513971948,0.1962197105543782,0.6888016725283378,0.0044142998837909,0.0624067857100863,0.0011860452953543,,,,,975.38268116594,19.0,0.0526315789473684,1900.0,0.0005263157894736,1.9,0.5263157894736842,0.19,5.2631578947368425,,,,
event_budget,19,A1->A2->A3->A4->A5->A6->A7->A8->A9->A10->A11->A12->A13->A14->A15->A16->A17->A18->A19,/opt/Projects/Soft2/NSGD/logs/sanitycheck_event_budget_L19_arr10.0_20260427_120507,/opt/Projects/Soft2/NSGD/results_figures/run_logs/event_budget_L19.log,1,1,node,A4,4.0,3702,112,1860,3,111,1,1731,0.0302539168017287,0.4675850891410049,0.5024311183144247,0.0002701242571582,0.7311641615443427,0.1057098866328752,0.5558219512720063,0.0009589838761585,0.0683158289438251,0.0003575108194774,,,,,975.38268116594,19.0,0.0526315789473684,1900.0,0.0005263157894736,1.9,0.5263157894736842,0.19,5.2631578947368425,,,,
event_budget,19,A1->A2->A3->A4->A5->A6->A7->A8->A9->A10->A11->A12->A13->A14->A15->A16->A17->A18->A19,/opt/Projects/Soft2/NSGD/logs/sanitycheck_event_budget_L19_arr10.0_20260427_120507,/opt/Projects/Soft2/NSGD/results_figures/run_logs/event_budget_L19.log,1,1,node,A5,5.0,1971,63,361,0,63,0,1547,0.0319634703196347,0.7848807711821411,0.1831557584982242,0.0,0.3658612896547615,0.021012053255281,0.3100818135123403,0.0,0.0347674228871401,0.0,,,,,975.38268116594,19.0,0.0526315789473684,1900.0,0.0005263157894736,1.9,0.5263157894736842,0.19,5.2631578947368425,,,,
event_budget,19,A1->A2->A3->A4->A5->A6->A7->A8->A9->A10->A11->A12->A13->A14->A15->A16->A17->A18->A19,/opt/Projects/Soft2/NSGD/logs/sanitycheck_event_budget_L19_arr10.0_20260427_120507,/opt/Projects/Soft2/NSGD/results_figures/run_logs/event_budget_L19.log,1,1,node,A6,6.0,424,10,0,0,10,0,414,0.0235849056603773,0.9764150943396226,0.0,0.0,0.0413980993328905,0.0004630379083567,0.0369447105725665,0.0,0.0039903508519672,0.0,,,,,975.38268116594,19.0,0.0526315789473684,1900.0,0.0005263157894736,1.9,0.5263157894736842,0.19,5.2631578947368425,,,,
event_budget,19,A1->A2->A3->A4->A5->A6->A7->A8->A9->A10->A11->A12->A13->A14->A15->A16->A17->A18->A19,/opt/Projects/Soft2/NSGD/logs/sanitycheck_event_budget_L19_arr10.0_20260427_120507,/opt/Projects/Soft2/NSGD/results_figures/run_logs/event_budget_L19.log,1,1,node,A7,7.0,10,0,0,0,0,0,10,0.0,1.0,0.0,0.0,0.0,0.0,0.0,0.0,0.0,0.0,,,,,975.38268116594,19.0,0.0526315789473684,1900.0,0.0005263157894736,1.9,0.5263157894736842,0.19,5.2631578947368425,,,,
event_budget,19,A1->A2->A3->A4->A5->A6->A7->A8->A9->A10->A11->A12->A13->A14->A15->A16->A17->A18->A19,/opt/Projects/Soft2/NSGD/logs/sanitycheck_event_budget_L19_arr10.0_20260427_120507,/opt/Projects/Soft2/NSGD/results_figures/run_logs/event_budget_L19.log,1,1,node,A8,8.0,0,0,0,0,0,0,0,0.0,0.0,0.0,0.0,0.0,0.0,0.0,0.0,0.0,0.0,,,,,975.38268116594,19.0,0.0526315789473684,1900.0,0.0005263157894736,1.9,0.5263157894736842,0.19,5.2631578947368425,,,,
event_budget,19,A1->A2->A3->A4->A5->A6->A7->A8->A9->A10->A11->A12->A13->A14->A15->A16->A17->A18->A19,/opt/Projects/Soft2/NSGD/logs/sanitycheck_event_budget_L19_arr10.0_20260427_120507,/opt/Projects/Soft2/NSGD/results_figures/run_logs/event_budget_L19.log,1,1,node,A9,9.0,0,0,0,0,0,0,0,0.0,0.0,0.0,0.0,0.0,0.0,0.0,0.0,0.0,0.0,,,,,975.38268116594,19.0,0.0526315789473684,1900.0,0.0005263157894736,1.9,0.5263157894736842,0.19,5.2631578947368425,,,,
event_budget,19,A1->A2->A3->A4->A5->A6->A7->A8->A9->A10->A11->A12->A13->A14->A15->A16->A17->A18->A19,/opt/Projects/Soft2/NSGD/logs/sanitycheck_event_budget_L19_arr10.0_20260427_120507,/opt/Projects/Soft2/NSGD/results_figures/run_logs/event_budget_L19.log,1,1,node,A10,10.0,0,0,0,0,0,0,0,0.0,0.0,0.0,0.0,0.0,0.0,0.0,0.0,0.0,0.0,,,,,975.38268116594,19.0,0.0526315789473684,1900.0,0.0005263157894736,1.9,0.5263157894736842,0.19,5.2631578947368425,,,,
event_budget,19,A1->A2->A3->A4->A5->A6->A7->A8->A9->A10->A11->A12->A13->A14->A15->A16->A17->A18->A19,/opt/Projects/Soft2/NSGD/logs/sanitycheck_event_budget_L19_arr10.0_20260427_120507,/opt/Projects/Soft2/NSGD/results_figures/run_logs/event_budget_L19.log,1,1,node,A11,11.0,0,0,0,0,0,0,0,0.0,0.0,0.0,0.0,0.0,0.0,0.0,0.0,0.0,0.0,,,,,975.38268116594,19.0,0.0526315789473684,1900.0,0.0005263157894736,1.9,0.5263157894736842,0.19,5.2631578947368425,,,,
event_budget,19,A1->A2->A3->A4->A5->A6->A7->A8->A9->A10->A11->A12->A13->A14->A15->A16->A17->A18->A19,/opt/Projects/Soft2/NSGD/logs/sanitycheck_event_budget_L19_arr10.0_20260427_120507,/opt/Projects/Soft2/NSGD/results_figures/run_logs/event_budget_L19.log,1,1,node,A12,12.0,0,0,0,0,0,0,0,0.0,0.0,0.0,0.0,0.0,0.0,0.0,0.0,0.0,0.0,,,,,975.38268116594,19.0,0.0526315789473684,1900.0,0.0005263157894736,1.9,0.5263157894736842,0.19,5.2631578947368425,,,,
event_budget,19,A1->A2->A3->A4->A5->A6->A7->A8->A9->A10->A11->A12->A13->A14->A15->A16->A17->A18->A19,/opt/Projects/Soft2/NSGD/logs/sanitycheck_event_budget_L19_arr10.0_20260427_120507,/opt/Projects/Soft2/NSGD/results_figures/run_logs/event_budget_L19.log,1,1,node,A13,13.0,0,0,0,0,0,0,0,0.0,0.0,0.0,0.0,0.0,0.0,0.0,0.0,0.0,0.0,,,,,975.38268116594,19.0,0.0526315789473684,1900.0,0.0005263157894736,1.9,0.5263157894736842,0.19,5.2631578947368425,,,,
event_budget,19,A1->A2->A3->A4->A5->A6->A7->A8->A9->A10->A11->A12->A13->A14->A15->A16->A17->A18->A19,/opt/Projects/Soft2/NSGD/logs/sanitycheck_event_budget_L19_arr10.0_20260427_120507,/opt/Projects/Soft2/NSGD/results_figures/run_logs/event_budget_L19.log,1,1,node,A14,14.0,0,0,0,0,0,0,0,0.0,0.0,0.0,0.0,0.0,0.0,0.0,0.0,0.0,0.0,,,,,975.38268116594,19.0,0.0526315789473684,1900.0,0.0005263157894736,1.9,0.5263157894736842,0.19,5.2631578947368425,,,,
event_budget,19,A1->A2->A3->A4->A5->A6->A7->A8->A9->A10->A11->A12->A13->A14->A15->A16->A17->A18->A19,/opt/Projects/Soft2/NSGD/logs/sanitycheck_event_budget_L19_arr10.0_20260427_120507,/opt/Projects/Soft2/NSGD/results_figures/run_logs/event_budget_L19.log,1,1,node,A15,15.0,0,0,0,0,0,0,0,0.0,0.0,0.0,0.0,0.0,0.0,0.0,0.0,0.0,0.0,,,,,975.38268116594,19.0,0.0526315789473684,1900.0,0.0005263157894736,1.9,0.5263157894736842,0.19,5.2631578947368425,,,,
event_budget,19,A1->A2->A3->A4->A5->A6->A7->A8->A9->A10->A11->A12->A13->A14->A15->A16->A17->A18->A19,/opt/Projects/Soft2/NSGD/logs/sanitycheck_event_budget_L19_arr10.0_20260427_120507,/opt/Projects/Soft2/NSGD/results_figures/run_logs/event_budget_L19.log,1,1,node,A16,16.0,0,0,0,0,0,0,0,0.0,0.0,0.0,0.0,0.0,0.0,0.0,0.0,0.0,0.0,,,,,975.38268116594,19.0,0.0526315789473684,1900.0,0.0005263157894736,1.9,0.5263157894736842,0.19,5.2631578947368425,,,,
event_budget,19,A1->A2->A3->A4->A5->A6->A7->A8->A9->A10->A11->A12->A13->A14->A15->A16->A17->A18->A19,/opt/Projects/Soft2/NSGD/logs/sanitycheck_event_budget_L19_arr10.0_20260427_120507,/opt/Projects/Soft2/NSGD/results_figures/run_logs/event_budget_L19.log,1,1,node,A17,17.0,0,0,0,0,0,0,0,0.0,0.0,0.0,0.0,0.0,0.0,0.0,0.0,0.0,0.0,,,,,975.38268116594,19.0,0.0526315789473684,1900.0,0.0005263157894736,1.9,0.5263157894736842,0.19,5.2631578947368425,,,,
event_budget,19,A1->A2->A3->A4->A5->A6->A7->A8->A9->A10->A11->A12->A13->A14->A15->A16->A17->A18->A19,/opt/Projects/Soft2/NSGD/logs/sanitycheck_event_budget_L19_arr10.0_20260427_120507,/opt/Projects/Soft2/NSGD/results_figures/run_logs/event_budget_L19.log,1,1,node,A18,18.0,0,0,0,0,0,0,0,0.0,0.0,0.0,0.0,0.0,0.0,0.0,0.0,0.0,0.0,,,,,975.38268116594,19.0,0.0526315789473684,1900.0,0.0005263157894736,1.9,0.5263157894736842,0.19,5.2631578947368425,,,,
event_budget,19,A1->A2->A3->A4->A5->A6->A7->A8->A9->A10->A11->A12->A13->A14->A15->A16->A17->A18->A19,/opt/Projects/Soft2/NSGD/logs/sanitycheck_event_budget_L19_arr10.0_20260427_120507,/opt/Projects/Soft2/NSGD/results_figures/run_logs/event_budget_L19.log,1,1,node,A19,19.0,0,0,0,0,0,0,0,0.0,0.0,0.0,0.0,0.0,0.0,0.0,0.0,0.0,0.0,,,,,975.38268116594,19.0,0.0526315789473684,1900.0,0.0005263157894736,1.9,0.5263157894736842,0.19,5.2631578947368425,,,,
event_budget,20,A1->A2->A3->A4->A5->A6->A7->A8->A9->A10->A11->A12->A13->A14->A15->A16->A17->A18->A19->A20,/opt/Projects/Soft2/NSGD/logs/sanitycheck_event_budget_L20_arr10.0_20260427_120531,/opt/Projects/Soft2/NSGD/results_figures/run_logs/event_budget_L20.log,1,1,graph,ALL,,29270,684,18666,29,671,13,9933,0.0233686368295182,0.3393577041339255,0.637717799795012,0.0004441407584557,4.931287257783499,0.988927745159936,3.578420004520655,0.0083896706858892,0.3487764581982624,0.0067733792187567,9936.0,19334.0,77.78316,45.52044903641765,973.038584005208,20.0,0.05,2000.0,0.0005,2.0,0.5,0.2,5.0,1.0,0.01,10.0,100.0
event_budget,20,A1->A2->A3->A4->A5->A6->A7->A8->A9->A10->A11->A12->A13->A14->A15->A16->A17->A18->A19->A20,/opt/Projects/Soft2/NSGD/logs/sanitycheck_event_budget_L20_arr10.0_20260427_120531,/opt/Projects/Soft2/NSGD/results_figures/run_logs/event_budget_L20.log,1,1,node,A1,1.0,9936,199,7377,14,190,9,2369,0.0200281803542673,0.2384259259259259,0.7424516908212561,0.0009057971014492,1.5950014938475798,0.3928627075692673,1.0953284507332144,0.0040709035497733,0.0977878228365793,0.0049516091587453,,,,,973.038584005208,20.0,0.05,2000.0,0.0005,2.0,0.5,0.2,5.0,,,,
event_budget,20,A1->A2->A3->A4->A5->A6->A7->A8->A9->A10->A11->A12->A13->A14->A15->A16->A17->A18->A19->A20,/opt/Projects/Soft2/NSGD/logs/sanitycheck_event_budget_L20_arr10.0_20260427_120531,/opt/Projects/Soft2/NSGD/results_figures/run_logs/event_budget_L20.log,1,1,node,A2,2.0,7565,167,5216,9,164,3,2185,0.0220753469927296,0.2888301387970918,0.6894910773298083,0.0003965631196298,1.143127465907557,0.2737119008618698,0.785006501203571,0.0021499406847338,0.0804711839465965,0.0017879392107858,,,,,973.038584005208,20.0,0.05,2000.0,0.0005,2.0,0.5,0.2,5.0,,,,
event_budget,20,A1->A2->A3->A4->A5->A6->A7->A8->A9->A10->A11->A12->A13->A14->A15->A16->A17->A18->A19->A20,/opt/Projects/Soft2/NSGD/logs/sanitycheck_event_budget_L20_arr10.0_20260427_120531,/opt/Projects/Soft2/NSGD/results_figures/run_logs/event_budget_L20.log,1,1,node,A3,3.0,5379,129,3638,4,128,1,1613,0.0239821528165086,0.2998698642870422,0.6763338910578175,0.0001859081613682,0.9843890232201048,0.1901578111715933,0.7294687968496221,0.0007080106030906,0.0640205737465731,3.383084922557373e-05,,,,,973.038584005208,20.0,0.05,2000.0,0.0005,2.0,0.5,0.2,5.0,,,,
event_budget,20,A1->A2->A3->A4->A5->A6->A7->A8->A9->A10->A11->A12->A13->A14->A15->A16->A17->A18->A19->A20,/opt/Projects/Soft2/NSGD/logs/sanitycheck_event_budget_L20_arr10.0_20260427_120531,/opt/Projects/Soft2/NSGD/results_figures/run_logs/event_budget_L20.log,1,1,node,A4,4.0,3766,103,1911,2,103,0,1752,0.0273499734466277,0.465215082315454,0.5074349442379182,0.0,0.7342390143943892,0.1024163526031633,0.567993269754063,0.0014608158482912,0.0623685761888715,0.0,,,,,973.038584005208,20.0,0.05,2000.0,0.0005,2.0,0.5,0.2,5.0,,,,
event_budget,20,A1->A2->A3->A4->A5->A6->A7->A8->A9->A10->A11->A12->A13->A14->A15->A16->A17->A18->A19->A20,/opt/Projects/Soft2/NSGD/logs/sanitycheck_event_budget_L20_arr10.0_20260427_120531,/opt/Projects/Soft2/NSGD/results_figures/run_logs/event_budget_L20.log,1,1,node,A5,5.0,2014,68,523,0,68,0,1423,0.0337636544190665,0.7065541211519365,0.259682224428997,0.0,0.3855009284009857,0.0288451631253204,0.3193972674545881,0.0,0.0372584978210772,0.0,,,,,973.038584005208,20.0,0.05,2000.0,0.0005,2.0,0.5,0.2,5.0,,,,
event_budget,20,A1->A2->A3->A4->A5->A6->A7->A8->A9->A10->A11->A12->A13->A14->A15->A16->A17->A18->A19->A20,/opt/Projects/Soft2/NSGD/logs/sanitycheck_event_budget_L20_arr10.0_20260427_120531,/opt/Projects/Soft2/NSGD/results_figures/run_logs/event_budget_L20.log,1,1,node,A6,6.0,591,18,1,0,18,0,572,0.0304568527918781,0.9678510998307952,0.0016920473773265,0.0,0.0890293320128825,0.0009338098287219,0.081225718525596,0.0,0.0068698036585645,0.0,,,,,973.038584005208,20.0,0.05,2000.0,0.0005,2.0,0.5,0.2,5.0,,,,
event_budget,20,A1->A2->A3->A4->A5->A6->A7->A8->A9->A10->A11->A12->A13->A14->A15->A16->A17->A18->A19->A20,/opt/Projects/Soft2/NSGD/logs/sanitycheck_event_budget_L20_arr10.0_20260427_120531,/opt/Projects/Soft2/NSGD/results_figures/run_logs/event_budget_L20.log,1,1,node,A7,7.0,19,0,0,0,0,0,19,0.0,1.0,0.0,0.0,0.0,0.0,0.0,0.0,0.0,0.0,,,,,973.038584005208,20.0,0.05,2000.0,0.0005,2.0,0.5,0.2,5.0,,,,
event_budget,20,A1->A2->A3->A4->A5->A6->A7->A8->A9->A10->A11->A12->A13->A14->A15->A16->A17->A18->A19->A20,/opt/Projects/Soft2/NSGD/logs/sanitycheck_event_budget_L20_arr10.0_20260427_120531,/opt/Projects/Soft2/NSGD/results_figures/run_logs/event_budget_L20.log,1,1,node,A8,8.0,0,0,0,0,0,0,0,0.0,0.0,0.0,0.0,0.0,0.0,0.0,0.0,0.0,0.0,,,,,973.038584005208,20.0,0.05,2000.0,0.0005,2.0,0.5,0.2,5.0,,,,
event_budget,20,A1->A2->A3->A4->A5->A6->A7->A8->A9->A10->A11->A12->A13->A14->A15->A16->A17->A18->A19->A20,/opt/Projects/Soft2/NSGD/logs/sanitycheck_event_budget_L20_arr10.0_20260427_120531,/opt/Projects/Soft2/NSGD/results_figures/run_logs/event_budget_L20.log,1,1,node,A9,9.0,0,0,0,0,0,0,0,0.0,0.0,0.0,0.0,0.0,0.0,0.0,0.0,0.0,0.0,,,,,973.038584005208,20.0,0.05,2000.0,0.0005,2.0,0.5,0.2,5.0,,,,
event_budget,20,A1->A2->A3->A4->A5->A6->A7->A8->A9->A10->A11->A12->A13->A14->A15->A16->A17->A18->A19->A20,/opt/Projects/Soft2/NSGD/logs/sanitycheck_event_budget_L20_arr10.0_20260427_120531,/opt/Projects/Soft2/NSGD/results_figures/run_logs/event_budget_L20.log,1,1,node,A10,10.0,0,0,0,0,0,0,0,0.0,0.0,0.0,0.0,0.0,0.0,0.0,0.0,0.0,0.0,,,,,973.038584005208,20.0,0.05,2000.0,0.0005,2.0,0.5,0.2,5.0,,,,
event_budget,20,A1->A2->A3->A4->A5->A6->A7->A8->A9->A10->A11->A12->A13->A14->A15->A16->A17->A18->A19->A20,/opt/Projects/Soft2/NSGD/logs/sanitycheck_event_budget_L20_arr10.0_20260427_120531,/opt/Projects/Soft2/NSGD/results_figures/run_logs/event_budget_L20.log,1,1,node,A11,11.0,0,0,0,0,0,0,0,0.0,0.0,0.0,0.0,0.0,0.0,0.0,0.0,0.0,0.0,,,,,973.038584005208,20.0,0.05,2000.0,0.0005,2.0,0.5,0.2,5.0,,,,
event_budget,20,A1->A2->A3->A4->A5->A6->A7->A8->A9->A10->A11->A12->A13->A14->A15->A16->A17->A18->A19->A20,/opt/Projects/Soft2/NSGD/logs/sanitycheck_event_budget_L20_arr10.0_20260427_120531,/opt/Projects/Soft2/NSGD/results_figures/run_logs/event_budget_L20.log,1,1,node,A12,12.0,0,0,0,0,0,0,0,0.0,0.0,0.0,0.0,0.0,0.0,0.0,0.0,0.0,0.0,,,,,973.038584005208,20.0,0.05,2000.0,0.0005,2.0,0.5,0.2,5.0,,,,
event_budget,20,A1->A2->A3->A4->A5->A6->A7->A8->A9->A10->A11->A12->A13->A14->A15->A16->A17->A18->A19->A20,/opt/Projects/Soft2/NSGD/logs/sanitycheck_event_budget_L20_arr10.0_20260427_120531,/opt/Projects/Soft2/NSGD/results_figures/run_logs/event_budget_L20.log,1,1,node,A13,13.0,0,0,0,0,0,0,0,0.0,0.0,0.0,0.0,0.0,0.0,0.0,0.0,0.0,0.0,,,,,973.038584005208,20.0,0.05,2000.0,0.0005,2.0,0.5,0.2,5.0,,,,
event_budget,20,A1->A2->A3->A4->A5->A6->A7->A8->A9->A10->A11->A12->A13->A14->A15->A16->A17->A18->A19->A20,/opt/Projects/Soft2/NSGD/logs/sanitycheck_event_budget_L20_arr10.0_20260427_120531,/opt/Projects/Soft2/NSGD/results_figures/run_logs/event_budget_L20.log,1,1,node,A14,14.0,0,0,0,0,0,0,0,0.0,0.0,0.0,0.0,0.0,0.0,0.0,0.0,0.0,0.0,,,,,973.038584005208,20.0,0.05,2000.0,0.0005,2.0,0.5,0.2,5.0,,,,
event_budget,20,A1->A2->A3->A4->A5->A6->A7->A8->A9->A10->A11->A12->A13->A14->A15->A16->A17->A18->A19->A20,/opt/Projects/Soft2/NSGD/logs/sanitycheck_event_budget_L20_arr10.0_20260427_120531,/opt/Projects/Soft2/NSGD/results_figures/run_logs/event_budget_L20.log,1,1,node,A15,15.0,0,0,0,0,0,0,0,0.0,0.0,0.0,0.0,0.0,0.0,0.0,0.0,0.0,0.0,,,,,973.038584005208,20.0,0.05,2000.0,0.0005,2.0,0.5,0.2,5.0,,,,
event_budget,20,A1->A2->A3->A4->A5->A6->A7->A8->A9->A10->A11->A12->A13->A14->A15->A16->A17->A18->A19->A20,/opt/Projects/Soft2/NSGD/logs/sanitycheck_event_budget_L20_arr10.0_20260427_120531,/opt/Projects/Soft2/NSGD/results_figures/run_logs/event_budget_L20.log,1,1,node,A16,16.0,0,0,0,0,0,0,0,0.0,0.0,0.0,0.0,0.0,0.0,0.0,0.0,0.0,0.0,,,,,973.038584005208,20.0,0.05,2000.0,0.0005,2.0,0.5,0.2,5.0,,,,
event_budget,20,A1->A2->A3->A4->A5->A6->A7->A8->A9->A10->A11->A12->A13->A14->A15->A16->A17->A18->A19->A20,/opt/Projects/Soft2/NSGD/logs/sanitycheck_event_budget_L20_arr10.0_20260427_120531,/opt/Projects/Soft2/NSGD/results_figures/run_logs/event_budget_L20.log,1,1,node,A17,17.0,0,0,0,0,0,0,0,0.0,0.0,0.0,0.0,0.0,0.0,0.0,0.0,0.0,0.0,,,,,973.038584005208,20.0,0.05,2000.0,0.0005,2.0,0.5,0.2,5.0,,,,
event_budget,20,A1->A2->A3->A4->A5->A6->A7->A8->A9->A10->A11->A12->A13->A14->A15->A16->A17->A18->A19->A20,/opt/Projects/Soft2/NSGD/logs/sanitycheck_event_budget_L20_arr10.0_20260427_120531,/opt/Projects/Soft2/NSGD/results_figures/run_logs/event_budget_L20.log,1,1,node,A18,18.0,0,0,0,0,0,0,0,0.0,0.0,0.0,0.0,0.0,0.0,0.0,0.0,0.0,0.0,,,,,973.038584005208,20.0,0.05,2000.0,0.0005,2.0,0.5,0.2,5.0,,,,
event_budget,20,A1->A2->A3->A4->A5->A6->A7->A8->A9->A10->A11->A12->A13->A14->A15->A16->A17->A18->A19->A20,/opt/Projects/Soft2/NSGD/logs/sanitycheck_event_budget_L20_arr10.0_20260427_120531,/opt/Projects/Soft2/NSGD/results_figures/run_logs/event_budget_L20.log,1,1,node,A19,19.0,0,0,0,0,0,0,0,0.0,0.0,0.0,0.0,0.0,0.0,0.0,0.0,0.0,0.0,,,,,973.038584005208,20.0,0.05,2000.0,0.0005,2.0,0.5,0.2,5.0,,,,
event_budget,20,A1->A2->A3->A4->A5->A6->A7->A8->A9->A10->A11->A12->A13->A14->A15->A16->A17->A18->A19->A20,/opt/Projects/Soft2/NSGD/logs/sanitycheck_event_budget_L20_arr10.0_20260427_120531,/opt/Projects/Soft2/NSGD/results_figures/run_logs/event_budget_L20.log,1,1,node,A20,20.0,0,0,0,0,0,0,0,0.0,0.0,0.0,0.0,0.0,0.0,0.0,0.0,0.0,0.0,,,,,973.038584005208,20.0,0.05,2000.0,0.0005,2.0,0.5,0.2,5.0,,,,
